EUI_kWh_per_sqmt,SQMT,NFLOOR,FLCEILHT,YRCONC,MONUSE,OCCUPYP,WKHRS,NWKER,HEATP,COOLP,DAYLTP,HDD65,CDD65,PUBCLIM
446.5572214230614,19509.63,994,12,2,12,100.0,70,350,100.0,100.0,0.0,4463,1759,3
194.98247461830388,2601.284,5,8,6,12,100.0,45,12,80.0,100.0,15.0,2424,189,4
226.3063495632586,2833.5415,3,10,7,12,43.0,50,25,100.0,100.0,0.0,4615,1184,3
281.83959184111626,17094.152,3,12,2,12,92.0,38,400,100.0,100.0,15.0,3943,1680,4
359.90001875271344,139354.5,995,12,2,12,100.0,168,2500,98.0,98.0,0.0,5545,1262,7
225.76068261650147,22296.72,4,10,8,12,85.0,80,400,100.0,100.0,30.0,5213,1708,3
164.46549119424614,19509.63,994,12,2,12,91.0,168,500,98.0,100.0,0.0,777,1583,4
242.8045943373979,2043.866,3,12,6,12,75.0,168,25,100.0,100.0,5.0,6536,769,1
131.49303689144688,21367.69,995,11,8,12,92.0,50,247,100.0,100.0,10.0,4368,1744,3
183.7750522055794,16908.346,994,9,6,12,90.0,56,250,90.0,90.0,20.0,4590,1510,3
127.80593256302144,39019.26,994,9,6,12,96.0,56,1053,98.0,95.0,25.0,6302,1375,2
101.09737287609327,301.93475,1,10,9,12,100.0,40,6,100.0,100.0,20.0,2496,2534,4
150.20835750021104,17651.57,5,18,8,12,80.0,60,612,100.0,100.0,25.0,2327,226,4
222.56665449530993,33445.08,994,12,2,12,80.0,40,1500,100.0,85.0,25.0,7124,668,2
229.1264020680379,24154.78,7,10,5,12,100.0,168,53,100.0,100.0,0.0,5684,811,2
205.74974270677484,7432.24,1,15,7,12,100.0,168,12,55.0,55.0,10.0,1889,3143,5
335.7298519117061,11519.972,994,15,2,12,100.0,120,500,100.0,100.0,50.0,4613,2363,3
86.0892465389588,167225.4,995,9,8,12,99.0,68,4500,100.0,95.0,75.0,6443,1276,7
166.61547181073436,1138.06175,1,10,7,12,100.0,40,30,100.0,100.0,10.0,4085,1777,4
184.7674031065708,18580.692903,8,10,8,12,72.0,65,435,100.0,100.0,15.0,1816,3383,5
181.4560375741365,817.5464,3,10,2,12,100.0,36,2,67.0,67.0,0.0,5719,1320,2
184.4131725343279,27870.9,3,12,4,12,100.0,60,200,100.0,100.0,10.0,4153,316,3
276.7068141514943,3994.829,4,12,2,12,100.0,40,60,90.0,90.0,40.0,4251,1608,3
129.07704510295687,464.515,2,12,8,12,100.0,40,9,100.0,100.0,25.0,7646,693,1
199.57352062387233,9476.106,4,9,2,12,75.0,54,150,100.0,75.0,25.0,6123,743,2
202.59840453113733,11891.584,6,12,7,12,76.0,55,300,95.0,100.0,60.0,1585,3488,5
444.8113850620279,4227.0865,4,8,6,12,93.0,72,60,100.0,100.0,30.0,1517,4409,5
180.0535887103778,16350.928,7,12,5,12,30.0,65,80,100.0,90.0,0.0,6034,731,2
210.1153135627287,30657.99,995,12,6,12,87.0,66,900,100.0,95.0,25.0,5953,506,2
430.5932316443213,11705.778,6,9,7,12,80.0,70,200,100.0,100.0,10.0,4124,1752,3
270.4219990554348,7896.755,4,10,7,12,100.0,45,150,100.0,100.0,50.0,1799,2566,5
198.27111356576216,232.2575,1,8,2,12,100.0,40,2,100.0,100.0,0.0,2748,2686,4
289.9115124633803,44593.44,995,12,6,12,60.0,168,800,2.0,100.0,100.0,1485,4131,5
218.98941669433444,74322.4,994,10,6,12,85.0,55,2192,90.0,100.0,5.0,2079,3465,4
385.87700004331816,952.25575,2,9,8,12,100.0,45,11,100.0,50.0,0.0,5902,872,2
41.87725966482794,1230.96475,3,15,9,12,75.0,168,8,50.0,100.0,45.0,4385,1888,3
191.5903415176191,16350.928,4,9,6,12,85.0,65,450,100.0,100.0,5.0,6235,684,2
237.45660606582496,111.4836,1,8,5,12,50.0,40,1,50.0,100.0,10.0,3716,1815,4
56.20543930591949,3437.411,3,10,5,12,100.0,70,75,95.0,100.0,30.0,8311,645,2
268.6063554486938,1858.06,1,10,8,12,100.0,80,20,100.0,100.0,25.0,5111,1283,2
104.8234213980231,34374.11,8,12,7,12,95.0,168,850,95.0,95.0,35.0,1775,3999,5
232.8209202440633,14121.256,4,10,7,12,90.0,55,612,100.0,100.0,10.0,3699,1717,4
105.02119052475624,2601.284,2,8,6,12,75.0,40,35,100.0,100.0,10.0,5003,1249,3
223.28203870079545,23225.75,8,9,7,12,100.0,168,615,100.0,100.0,0.0,4978,1159,3
176.1550054903717,23225.75,4,10,9,12,100.0,130,1200,100.0,30.0,10.0,2765,2434,5
163.1090958246514,385.54745,2,8,5,12,100.0,45,9,100.0,100.0,0.0,8901,632,1
201.7544133321852,929.03,2,15,8,12,100.0,168,20,100.0,100.0,20.0,6112,1437,2
28.370969929440804,575.9986,2,9,9,12,100.0,40,4,100.0,100.0,50.0,1032,915,4
331.715321613805,1649.02825,2,10,5,12,100.0,40,30,100.0,100.0,0.0,4346,1644,3
404.44036028256255,25548.325,994,9,6,12,60.0,45,325,100.0,100.0,10.0,4869,1535,3
275.6819342828946,74322.4,995,9,6,12,95.0,168,2500,90.0,90.0,50.0,5105,1303,2
93.4004396102506,1254.1905,2,9,5,12,100.0,50,50,100.0,100.0,0.0,2036,1281,4
371.2371048073798,65032.1,5,14,5,12,92.0,168,600,100.0,100.0,20.0,5756,1089,3
39.70158364458988,139.3545,1,8,8,12,100.0,45,3,100.0,100.0,10.0,3153,1900,4
177.19264165639808,21367.69,994,10,7,12,77.0,68,400,95.0,100.0,35.0,5999,1258,2
31.018533404657084,18208.988,2,10,4,12,100.0,60,140,100.0,100.0,50.0,3609,2150,4
148.0431163180319,157.9351,1,8,8,12,100.0,45,2,100.0,100.0,25.0,3732,1601,4
140.93846630087296,743.224,1,14,5,12,100.0,45,8,100.0,60.0,20.0,3838,1834,3
162.40491443681125,1207.739,1,10,6,12,100.0,40,15,90.0,100.0,5.0,3417,2233,4
186.04735536182463,22761.235,995,10,6,12,85.0,168,247,70.0,75.0,50.0,927,1067,4
204.5725924175584,5295.471,1,10,7,12,24.0,50,200,24.0,100.0,0.0,6226,1002,2
358.92723040853843,25083.81,994,14,7,12,80.0,50,900,100.0,100.0,20.0,5728,1469,2
405.7957531010283,2020.64025,1,30,5,12,50.0,45,50,100.0,100.0,0.0,4575,1446,3
287.87146058367335,18580.6,3,13,3,12,100.0,60,600,75.0,75.0,15.0,3430,1987,4
174.7699938761012,520.2568,1,10,8,12,100.0,50,15,100.0,100.0,0.0,8836,901,1
345.9629338040426,6131.598,1,14,4,12,100.0,50,150,100.0,70.0,2.0,4136,1355,3
92.1468525778039,26012.84,2,9,5,12,100.0,71,450,100.0,52.0,75.0,714,1638,4
192.69480846629483,39948.29,995,9,7,12,100.0,60,582,100.0,75.0,10.0,4470,1524,3
1466.705222453135,25548.325,5,14,7,12,100.0,168,900,100.0,95.0,5.0,7972,968,1
292.61375950961997,6689.016,995,12,6,12,100.0,85,220,100.0,100.0,20.0,4135,1613,3
351.8427949715008,139354.5,995,14,7,12,90.0,168,7500,95.0,85.0,20.0,4291,1525,7
110.92541329260564,157935.1,4,10,7,12,75.0,72,1200,46.0,46.0,45.0,1514,3719,7
164.48852640757968,7710.949,3,10,4,12,85.0,54,25,100.0,100.0,0.0,4764,1485,3
205.3314806069512,4041.2805,4,11,8,12,100.0,42,60,100.0,80.0,25.0,6059,609,2
101.0238795855441,3762.5715,3,12,8,12,65.0,65,200,100.0,100.0,20.0,1363,711,4
105.86745471943856,464.515,1,12,2,12,100.0,50,5,25.0,25.0,25.0,5936,963,2
215.17056116033137,213.6769,3,10,2,12,100.0,45,1,100.0,90.0,50.0,5888,911,2
164.9739846678447,11519.972,3,9,8,12,100.0,55,300,100.0,100.0,0.0,5379,1562,3
146.47093002166625,65032.1,995,10,2,12,75.0,168,1500,90.0,90.0,70.0,4867,1333,3
121.75495432445018,8454.173,4,9,6,12,100.0,50,200,100.0,100.0,0.0,4801,1466,2
185.9936543455719,557.418,1,8,7,12,100.0,60,11,100.0,80.0,20.0,4070,2336,3
67.19793318899437,65032.1,995,9,7,12,85.0,50,480,83.0,82.0,40.0,3967,1822,3
141.5836709260331,74322.4,8,10,6,12,95.0,11,2500,100.0,95.0,15.0,4751,2067,3
160.94840725667274,11148.36,3,14,8,12,60.0,15,45,100.0,100.0,100.0,2244,3207,4
80.85256252483664,1138.06175,1,10,9,12,50.0,40,5,50.0,50.0,25.0,6453,1194,2
252.85789936833763,83612.7,995,12,7,12,98.0,168,3000,90.0,90.0,15.0,5229,940,2
121.34311637001164,12820.614,6,12,7,12,89.0,168,200,100.0,100.0,25.0,3049,2072,4
182.41529622653024,2229.672,2,12,8,12,100.0,40,15,100.0,100.0,30.0,7540,641,1
158.14299093345653,10219.33,1,12,7,12,100.0,92,150,100.0,100.0,5.0,2704,2705,4
125.13092172019664,650.321,2,10,4,12,100.0,45,7,100.0,100.0,10.0,4166,1540,2
86.51311910037155,5109.665,3,8,8,12,85.0,44,105,99.0,95.0,40.0,2728,2102,4
261.213044859513,7803.852,3,10,3,12,90.0,44,70,100.0,97.0,0.0,4752,1800,3
149.6915217174667,33909.595,994,10,5,12,100.0,70,740,100.0,98.0,10.0,4150,1783,3
252.9113807604272,26477.355,9,13,6,12,75.0,60,200,65.0,70.0,5.0,5127,1008,3
165.60732633590163,4134.1835,1,12,8,12,100.0,45,58,100.0,100.0,5.0,5740,1731,3
229.22187070785407,157935.1,8,8,2,12,90.0,84,4750,60.0,100.0,1.0,3853,2060,7
154.18688795189982,19974.145,7,9,8,12,85.0,60,710,100.0,100.0,0.0,1938,3756,5
42.83831621312058,283.35415,1,8,6,12,100.0,40,3,100.0,50.0,0.0,1797,2996,4
127.14171499465196,1254.1905,1,10,7,12,85.0,70,70,100.0,100.0,15.0,4599,1223,3
138.32226246658166,12449.002,5,9,8,12,100.0,50,550,100.0,100.0,25.0,5396,1121,3
200.762723833759,38554.745,995,10,4,12,75.0,40,825,100.0,100.0,30.0,3427,2049,4
293.27498989696545,167225.4,995,10,2,12,72.0,55,3000,80.0,80.0,30.0,6974,834,7
120.02101632983768,1021.933,3,8,6,12,100.0,60,24,100.0,100.0,50.0,892,1223,4
130.1079265295995,45057.955,6,13,7,12,100.0,50,500,95.0,95.0,25.0,5277,802,2
197.65230892694532,20903.175,8,12,8,12,100.0,168,850,100.0,100.0,20.0,1550,3479,5
260.1438625345696,26477.355,994,12,6,12,78.0,66,900,100.0,100.0,5.0,8735,891,1
136.2944469385818,7153.531,3,8,6,12,95.0,65,80,50.0,75.0,25.0,630,1443,4
195.28086459730852,74322.4,995,12,5,12,90.0,11,2500,90.0,90.0,5.0,3558,2150,4
540.668235238085,19509.63,994,10,5,12,90.0,168,600,100.0,100.0,15.0,4501,1666,3
186.3657213632332,32980.565,994,11,8,12,95.0,72,325,75.0,85.0,30.0,3518,1866,3
107.6262971254965,167225.4,995,11,6,12,95.0,55,2500,89.0,91.0,3.0,6326,1203,7
105.98725908863128,418.0635,3,12,2,12,33.0,42,3,66.0,66.0,0.0,4896,2033,3
143.25627361568715,10219.33,4,9,9,12,100.0,55,197,100.0,100.0,0.0,1060,2043,4
159.2044334911682,27870.9,8,13,8,12,100.0,54,608,100.0,100.0,50.0,6335,1047,3
120.50809718317312,55741.8,995,9,8,12,90.0,60,1200,80.0,80.0,20.0,4116,2117,3
216.81497406475287,9847.718,2,15,6,12,80.0,60,300,100.0,100.0,10.0,7712,957,1
205.7093783640057,19045.115,994,12,7,12,100.0,60,600,100.0,100.0,0.0,3515,2124,4
163.19274127118248,5574.18,2,10,5,12,100.0,50,60,100.0,100.0,20.0,983,1844,4
71.17473121714764,13935.45,3,9,2,12,100.0,60,76,100.0,100.0,10.0,4081,1377,3
660.1934311081691,83612.7,995,13,5,12,85.0,168,2750,95.0,90.0,75.0,4364,1475,3
186.09721078100551,22761.235,995,10,6,12,80.0,66,350,80.0,80.0,5.0,4862,1409,3
75.62333248840717,28335.415,6,12,6,12,92.0,60,750,100.0,100.0,25.0,4622,1531,3
171.3921295656453,65032.1,995,20,8,12,100.0,50,500,80.0,80.0,25.0,4188,357,3
306.55979893046555,2508.381,2,12,5,12,100.0,66,111,100.0,100.0,30.0,1361,808,4
249.65288374329384,5759.986,3,14,8,12,91.0,54,178,100.0,100.0,30.0,1494,4024,5
139.4674520448817,36232.17,5,9,7,12,100.0,50,2100,100.0,100.0,25.0,5418,784,2
58.05561465437386,789.6754999999999,2,8,7,12,100.0,40,2,100.0,100.0,0.0,3825,1053,3
202.116101569281,204.3866,3,8,2,12,100.0,40,2,100.0,100.0,35.0,5457,1010,2
240.64517112551297,12634.808,5,11,6,12,74.0,60,244,100.0,100.0,50.0,3764,1605,3
152.54399278426277,4598.6985,1,12,7,12,90.0,33,8,70.0,100.0,50.0,5267,1340,3
184.3649460845517,26941.87,994,12,8,12,94.0,76,1000,74.0,100.0,5.0,4070,2035,3
198.28880308554733,9847.718,4,9,7,12,100.0,45,263,100.0,90.0,0.0,6333,387,2
130.5808595980352,16908.346,995,10,4,12,75.0,168,750,100.0,100.0,10.0,1718,2633,5
175.94819277584736,510.9665,1,10,5,12,100.0,46,12,100.0,50.0,25.0,4179,2077,3
363.8244410769977,35303.14,995,20,5,12,100.0,80,1478,100.0,100.0,70.0,1494,3570,5
209.01172598325377,1045.15875,1,50,7,12,100.0,80,10,100.0,100.0,0.0,4889,1644,3
415.9135721432647,32516.05,994,10,7,12,100.0,50,975,90.0,90.0,20.0,3328,2119,4
169.20636504606955,11148.36,3,16,8,12,82.0,168,45,100.0,100.0,30.0,4775,1349,3
276.77853464168726,83612.7,994,10,5,12,50.0,60,1532,100.0,50.0,30.0,4113,1958,3
503.6549283425353,28335.415,3,15,3,12,100.0,168,500,100.0,95.0,25.0,5119,1218,3
55.25618604226576,2415.478,2,11,4,12,95.0,168,40,100.0,100.0,0.0,809,1196,4
151.63657936270448,5574.18,2,10,6,12,82.0,50,300,100.0,100.0,0.0,5117,1791,3
202.56799158456843,12820.614,4,8,6,12,83.0,55,500,100.0,90.0,20.0,4918,1147,2
165.46881238652634,10219.33,7,9,7,12,90.0,62,250,100.0,100.0,20.0,6664,565,2
177.68945550466614,743.224,1,11,3,12,100.0,45,8,100.0,100.0,0.0,6300,1260,2
149.71437043494674,5202.568,2,9,8,12,100.0,45,200,75.0,75.0,15.0,5142,298,3
410.3331487806583,5481.277,4,15,9,12,75.0,80,26,95.0,95.0,30.0,4601,1705,3
256.5564531188055,15421.898,995,15,8,12,90.0,60,185,100.0,100.0,25.0,5672,1413,3
85.8286874902758,4087.732,2,8,6,12,88.0,45,60,100.0,100.0,0.0,1467,3380,5
125.66070870742016,6131.598,5,10,2,12,75.0,35,350,100.0,100.0,20.0,4086,2006,4
315.42520684466376,4552.247,4,10,7,12,100.0,70,173,100.0,95.0,15.0,5211,1314,2
144.64833624047475,157935.1,995,9,6,12,90.0,60,3500,100.0,100.0,30.0,1554,3269,7
177.56275359645468,22761.235,9,11,6,12,92.0,60,850,90.0,90.0,60.0,1752,3470,5
230.07617672464832,817.5464,1,8,5,12,100.0,40,4,100.0,100.0,10.0,3569,2014,4
246.7469670775353,21832.205,994,12,7,12,100.0,105,1000,100.0,100.0,30.0,4665,1544,3
330.409990358536,7989.658,4,8,2,12,100.0,40,200,100.0,95.0,20.0,3928,1725,3
363.2603522091894,575.9986,1,10,8,12,100.0,41,5,100.0,100.0,50.0,5973,1822,3
118.7603269147782,1021.933,2,10,8,12,100.0,56,40,60.0,60.0,0.0,1334,683,4
115.66738201737296,27870.9,6,10,4,12,100.0,60,100,100.0,100.0,15.0,965,1089,4
213.16430426242596,9476.106,9,10,9,12,72.0,50,150,100.0,100.0,50.0,8598,16,1
143.4089597731389,236.90265,1,8,5,12,100.0,18,10,100.0,100.0,0.0,4902,1042,2
102.4821575908923,278.709,1,8,6,12,100.0,40,6,100.0,100.0,20.0,5774,1052,2
142.88458627995507,557.418,1,8,7,12,100.0,42,13,100.0,100.0,5.0,6926,1217,2
264.5739990581575,185.806,2,20,7,12,100.0,47,2,100.0,100.0,60.0,3153,1859,4
150.47218623838356,20438.66,4,9,4,12,100.0,168,650,100.0,100.0,15.0,8620,483,1
252.18354382626993,2020.64025,1,8,4,12,50.0,50,75,100.0,100.0,40.0,7174,957,1
117.70979063969946,19509.63,1,50,8,12,90.0,50,750,100.0,100.0,30.0,4275,332,3
135.6074205149345,17837.376,4,12,7,12,100.0,60,800,75.0,75.0,10.0,6203,463,2
311.4550570641268,130.0642,2,12,4,12,100.0,45,3,65.0,40.0,20.0,6367,69,1
62.984539307557355,167225.4,995,11,6,12,85.0,65,1800,95.0,90.0,50.0,6150,1351,7
200.93062860522983,55741.8,7,9,4,12,85.0,168,1100,98.0,98.0,5.0,5722,1001,3
349.053318904022,529.5471,3,8,5,12,100.0,45,10,100.0,100.0,0.0,7151,794,1
178.32446508609925,22761.235,994,12,6,12,94.0,60,470,100.0,100.0,65.0,6947,956,2
203.23110758589476,19509.63,994,8,6,12,75.0,60,250,75.0,100.0,0.0,1464,3306,5
237.6036019339444,12077.39,3,10,8,12,100.0,168,100,100.0,100.0,25.0,5696,791,2
184.6904070700398,19974.145,4,10,9,12,100.0,125,500,100.0,100.0,25.0,1983,3612,5
540.7945285516076,167225.4,995,12,5,12,90.0,168,7500,100.0,100.0,20.0,6071,1486,7
462.6620937492152,4459.344,3,10,7,12,95.0,168,180,100.0,100.0,50.0,6371,1046,2
300.23196587148556,26941.87,994,12,2,12,97.0,168,1200,80.0,80.0,2.0,5624,1429,2
281.1748942474373,8268.367,5,9,4,12,100.0,45,178,100.0,100.0,20.0,6279,519,2
144.6206086622792,1347.0935,3,9,6,12,100.0,50,22,100.0,100.0,90.0,806,1751,4
203.06943709036747,14492.868,8,9,6,12,92.0,55,470,50.0,100.0,0.0,1155,3946,5
271.58180902524924,5109.665,2,10,4,12,100.0,168,25,95.0,95.0,0.0,2685,3015,4
152.6051828001702,882.5785,2,8,3,12,100.0,55,18,100.0,100.0,10.0,5643,931,2
192.0512918392889,25548.325,8,10,4,12,60.0,60,487,100.0,100.0,0.0,4598,1337,3
366.19608360628825,55741.8,995,12,2,12,90.0,168,1200,100.0,100.0,0.0,4679,1663,3
179.62837138152102,8732.882,3,10,7,12,95.0,40,800,95.0,100.0,25.0,5597,1076,3
355.3795176615146,4830.956,3,16,3,12,60.0,168,105,100.0,100.0,5.0,4396,1441,3
275.43793432106895,14121.256,1,15,6,12,90.0,7,800,100.0,100.0,5.0,6998,1026,2
203.42160133990757,65032.1,995,11,8,12,100.0,60,1532,78.0,78.0,20.0,1988,265,4
290.59338395530824,3019.3475,2,9,6,12,90.0,45,55,100.0,100.0,0.0,603,1681,4
190.12258880059065,11705.778,4,9,8,12,100.0,50,300,100.0,100.0,10.0,5540,1162,3
187.76641270559617,139354.5,995,13,6,12,75.0,168,2500,95.0,95.0,3.0,5150,1366,7
100.4921293874312,14307.062,5,12,8,12,96.0,50,400,75.0,96.0,50.0,956,1190,4
232.65127739918404,28335.415,994,15,2,12,70.0,62,800,100.0,100.0,50.0,7199,999,1
326.48453498687064,28335.415,7,9,6,12,100.0,60,600,100.0,100.0,30.0,4242,1569,3
55.97837227111905,9847.718,5,15,6,12,89.0,54,180,100.0,100.0,10.0,706,1437,4
53.37117904850067,195.0963,1,9,4,6,100.0,40,2,100.0,100.0,10.0,1556,2575,5
118.3706249505757,5574.18,2,10,8,12,100.0,90,205,100.0,100.0,50.0,6687,1030,2
333.8511033754442,3344.508,4,14,8,12,95.0,55,263,100.0,95.0,0.0,6649,1213,3
232.75232171817203,668.9016,1,10,8,12,100.0,35,15,100.0,100.0,40.0,4116,1884,4
454.7551631120631,13935.45,995,14,7,12,90.0,168,600,100.0,100.0,60.0,5646,1256,3
169.85450354775733,34374.11,994,14,7,12,100.0,69,1350,100.0,100.0,20.0,3555,1945,3
112.83560150423152,780.3851999999999,1,9,4,12,100.0,45,17,100.0,100.0,10.0,854,1088,4
393.7061443566588,111.4836,1,9,4,12,100.0,54,1,100.0,100.0,15.0,938,1731,4
160.46735383191046,40412.805,995,14,5,12,95.0,66,582,78.0,95.0,75.0,1362,4350,5
102.31751045532386,39019.26,9,15,5,12,90.0,60,160,43.0,43.0,10.0,5791,871,2
262.36267096671276,3623.217,4,8,6,12,75.0,65,35,100.0,100.0,50.0,4672,1137,3
154.11173814676732,26477.355,995,9,2,12,75.0,168,350,100.0,100.0,10.0,3861,2151,4
95.16204520465593,5016.762,1,20,9,12,75.0,50,95,70.0,70.0,0.0,3625,2318,4
186.20180479801513,22296.72,8,14,4,12,80.0,60,300,90.0,90.0,70.0,1088,2034,5
179.59508063645774,35767.655,6,12,6,12,95.0,65,900,100.0,75.0,10.0,7067,955,1
148.0172641326617,5574.18,4,9,7,12,70.0,40,136,75.0,75.0,20.0,1611,3085,4
110.64983800722844,3855.4745,2,9,7,12,90.0,60,84,90.0,90.0,25.0,2572,60,4
109.54238539494598,27870.9,3,30,7,12,25.0,168,20,25.0,30.0,30.0,981,912,4
249.8667862512696,10962.554,6,11,6,12,96.0,65,400,100.0,100.0,50.0,4834,960,2
448.6421807951266,7710.949,4,12,2,12,100.0,168,30,100.0,100.0,0.0,3726,2272,3
75.81999639615846,483.0956,1,10,7,12,100.0,45,50,65.0,100.0,5.0,1381,4158,5
270.69247457405953,6038.695,2,9,5,12,95.0,45,150,100.0,100.0,20.0,854,1053,4
191.5346189389548,22761.235,7,12,2,12,80.0,60,325,100.0,100.0,60.0,5645,1328,2
225.20414698206733,14864.48,3,12,4,12,70.0,168,308,100.0,100.0,0.0,6544,1055,3
132.24298084673097,24154.78,994,8,8,12,75.0,60,375,100.0,100.0,20.0,4729,1790,3
164.33020476044234,5945.792,1,10,8,12,100.0,50,115,100.0,100.0,25.0,1100,1360,4
202.9366552018308,4738.053,1,8,6,12,75.0,55,150,100.0,75.0,25.0,1191,3104,5
490.4642839974588,8175.464,4,10,2,12,100.0,168,75,100.0,80.0,5.0,5593,735,2
137.67590590943243,46451.5,995,16,6,12,80.0,55,200,90.0,90.0,0.0,1198,3527,5
117.47869333182337,8732.882,4,10,6,12,65.0,50,95,6.0,100.0,25.0,1264,3119,5
104.36420519087112,74322.4,7,12,4,12,100.0,168,1500,100.0,55.0,70.0,5173,1382,3
154.34469088188757,1114.836,1,10,8,12,100.0,40,23,100.0,100.0,10.0,3389,2307,4
363.62292957221155,9847.718,2,9,8,12,85.0,12,100,100.0,100.0,15.0,2076,2079,4
198.4990498938587,3855.4745,3,10,3,12,85.0,38,105,100.0,100.0,25.0,4728,2113,3
130.89484953493522,863.9979,1,12,8,12,100.0,60,14,100.0,50.0,0.0,6841,218,2
264.72686797970323,1138.06175,1,10,6,12,100.0,60,66,100.0,100.0,0.0,2223,736,4
216.95673153651816,65032.1,995,11,3,12,80.0,60,2500,100.0,88.0,0.0,5512,1410,3
235.31850355613503,38090.23,995,11,6,12,95.0,56,1400,100.0,100.0,0.0,3667,2164,4
273.8305164504914,929.03,2,8,5,12,40.0,50,10,55.0,50.0,20.0,5698,1222,2
261.19061533948235,10405.136,2,10,6,12,100.0,38,250,100.0,100.0,20.0,1861,286,4
243.68517142730713,501.6762,1,9,7,12,100.0,40,8,75.0,100.0,25.0,4799,1486,3
189.39008532593456,31587.02,994,12,8,12,100.0,65,1200,20.0,100.0,5.0,2281,94,3
238.86241701734244,1718.7055,1,15,2,12,90.0,168,50,100.0,100.0,0.0,6682,1551,3
135.2847883167522,10590.942,2,9,4,12,60.0,40,32,100.0,40.0,0.0,4400,1798,3
318.9045918377021,23690.265,994,8,5,12,98.0,11,975,98.0,98.0,10.0,3638,1878,4
157.4334813975733,74322.4,995,13,5,12,100.0,55,1450,90.0,90.0,50.0,4325,1643,3
147.03353110906,297.2896,1,9,8,12,100.0,68,3,100.0,100.0,0.0,1251,2044,5
328.0885107297831,28799.93,995,13,5,12,85.0,56,500,100.0,97.0,50.0,6271,811,2
269.18298490637284,343.7411,1,10,8,12,100.0,48,5,100.0,100.0,50.0,4822,1654,3
236.37040831790037,17651.57,995,8,7,12,100.0,40,450,98.0,98.0,90.0,5266,1594,3
269.7217288181529,10405.136,4,9,6,12,65.0,60,300,100.0,100.0,0.0,3263,2062,4
145.43496269736914,176.5157,1,10,8,12,100.0,45,4,100.0,90.0,20.0,3099,1659,4
407.490105604508,190.45115,2,8,6,12,100.0,55,4,50.0,50.0,80.0,6533,1408,2
81.31489912983244,7896.755,2,10,4,12,75.0,48,150,100.0,100.0,0.0,3183,1773,4
106.54044472230896,55741.8,8,9,9,12,100.0,60,1901,100.0,99.0,20.0,4709,1715,3
126.77560922958304,15607.704,4,12,2,12,80.0,80,150,80.0,35.0,30.0,7728,69,1
185.67789477350416,3251.605,3,9,4,12,95.0,45,60,95.0,95.0,25.0,2764,2431,4
375.36596803372873,22296.72,4,9,5,12,90.0,168,950,100.0,100.0,50.0,9667,721,1
117.6160893147975,44128.925,994,11,8,12,90.0,56,350,50.0,50.0,30.0,4481,1305,3
514.5234413859793,4552.247,6,15,2,12,95.0,168,180,100.0,90.0,50.0,6410,784,2
217.2087751792473,3112.2505,1,12,5,12,90.0,40,35,100.0,100.0,20.0,5783,1183,2
199.58814811727865,19974.145,6,14,6,12,100.0,55,520,100.0,100.0,25.0,1108,1022,4
95.72639635107674,455.2247,1,9,6,12,100.0,50,8,50.0,50.0,50.0,2046,1179,4
182.2945306278081,1370.31925,2,12,6,12,100.0,72,52,100.0,100.0,5.0,2214,3300,4
316.27612199765605,39483.775,994,10,7,12,100.0,84,1500,100.0,100.0,0.0,7417,689,2
121.14568636193664,92903.0,995,13,7,12,95.0,40,1600,80.0,80.0,20.0,680,1219,4
126.55834926871158,836.127,1,12,6,12,85.0,40,50,40.0,65.0,10.0,1878,880,4
441.2689112220194,1254.1905,4,9,6,12,40.0,60,70,100.0,100.0,0.0,5673,982,2
244.809557398688,45057.955,995,13,4,12,90.0,61,3000,100.0,100.0,0.0,969,1078,4
106.10242670927128,227.61235,1,15,7,12,100.0,53,4,100.0,100.0,0.0,2452,2885,4
246.1856676960834,12077.39,994,12,6,12,92.0,45,300,90.0,95.0,20.0,1662,4047,5
216.8932608119387,4830.956,7,10,4,12,75.0,65,150,100.0,100.0,0.0,6288,856,2
118.73866060783828,5574.18,3,10,2,12,40.0,55,12,100.0,100.0,30.0,5920,1444,3
199.19572428985072,5574.18,5,12,2,12,100.0,105,60,100.0,95.0,10.0,5231,1319,2
153.171702480196,15793.51,4,8,7,12,56.0,70,390,100.0,100.0,10.0,4513,1356,3
235.43581690953647,6967.725,8,10,4,12,80.0,80,90,95.0,80.0,50.0,7270,334,2
289.74354341907826,18394.794,6,9,7,12,100.0,168,650,100.0,100.0,0.0,3105,2855,4
134.94082525232045,22761.235,995,9,5,12,85.0,148,350,92.0,92.0,0.0,928,1291,4
134.3735765449611,32051.535,994,8,6,12,100.0,55,800,80.0,80.0,75.0,5097,1703,3
199.11323878861936,6224.501,4,14,9,12,100.0,71,300,100.0,100.0,10.0,4252,1505,2
156.57145810000117,274.06385,1,8,7,12,100.0,50,12,100.0,100.0,25.0,7229,381,2
198.5665171470798,6131.598,2,9,5,12,50.0,40,18,100.0,80.0,5.0,8227,773,2
257.2032475912966,18023.182,994,9,5,12,95.0,55,400,100.0,100.0,98.0,2033,3282,5
183.6806159603296,1486.448,1,8,3,12,20.0,40,10,55.0,60.0,25.0,5338,1467,2
267.48515453503927,14864.48,2,10,6,12,100.0,168,426,85.0,100.0,35.0,4776,1311,3
295.52404177809115,27870.9,994,13,8,12,97.0,50,1000,100.0,100.0,10.0,4591,1426,3
332.4750005274319,3344.508,3,9,6,12,95.0,60,130,100.0,95.0,50.0,5415,1070,3
138.30302031542186,919.7397,1,10,5,1,90.0,40,6,75.0,75.0,30.0,3020,2253,4
372.50016210005487,3994.829,4,11,8,12,100.0,40,80,100.0,100.0,0.0,3876,1669,4
351.414824482125,32516.05,994,10,2,12,100.0,168,500,100.0,96.0,10.0,5838,1371,3
159.7986824198041,23690.265,4,10,2,12,100.0,102,200,100.0,80.0,20.0,6578,1156,2
122.88901133315396,23225.75,5,12,6,12,90.0,70,247,100.0,100.0,25.0,5053,872,2
89.31113537599502,283.35415,1,10,6,12,100.0,32,3,50.0,50.0,40.0,3076,1507,4
154.40749151579936,30193.475,995,8,6,12,80.0,168,1000,100.0,100.0,33.0,3575,2093,4
168.64358031639375,10405.136,5,9,7,12,87.0,60,300,100.0,100.0,25.0,4684,1448,3
118.82310159565544,7896.755,2,10,8,12,70.0,60,180,90.0,95.0,0.0,1886,1427,4
127.6512668780258,2415.478,5,10,2,12,100.0,50,50,90.0,90.0,10.0,5527,1478,3
69.44775142079881,157935.1,995,14,8,12,95.0,68,1764,59.0,59.0,0.0,2096,2810,7
323.17319221645926,13006.42,1,8,5,12,100.0,168,250,100.0,100.0,25.0,3533,2002,4
239.06977748454904,315.8702,1,9,4,12,100.0,40,7,100.0,100.0,10.0,6254,1316,2
152.5946625542745,15607.704,6,14,6,12,100.0,60,180,100.0,100.0,35.0,4919,1206,2
242.72694919716665,4041.2805,5,10,7,12,100.0,40,100,80.0,100.0,10.0,2741,2710,4
113.51515756366472,65032.1,995,12,6,12,71.0,64,1500,20.0,80.0,20.0,2457,59,3
148.60096868508015,668.9016,2,10,2,12,100.0,168,12,60.0,85.0,10.0,1359,2878,5
339.8598988730181,2787.09,3,8,8,12,100.0,55,75,66.0,66.0,0.0,8370,579,1
237.4802786450653,7432.24,4,16,7,12,100.0,40,300,100.0,100.0,50.0,2213,2478,4
229.37284889994783,10033.524,3,12,3,12,100.0,70,175,100.0,100.0,0.0,5138,2019,3
265.2789240407737,13935.45,2,9,6,12,100.0,37,500,100.0,100.0,100.0,7634,1064,2
265.01789033219507,2183.2205,3,10,2,12,75.0,50,66,98.0,95.0,20.0,4982,1041,2
113.31694835679676,436.6441,3,9,2,12,100.0,60,12,100.0,90.0,10.0,6593,495,1
239.8465595220583,13378.032,6,16,6,12,92.0,65,100,100.0,100.0,0.0,5221,1466,3
182.77471392339868,46451.592903,995,9,9,12,100.0,60,1000,65.0,65.0,20.0,4423,1520,3
192.00239376152183,6967.725,3,10,8,12,40.0,45,250,100.0,100.0,20.0,6197,1194,3
186.3301803490255,4041.2805,1,8,3,12,100.0,40,128,100.0,100.0,25.0,1066,3953,5
335.6127673882078,278.709,3,8,6,12,100.0,100,3,90.0,90.0,70.0,5472,1014,3
181.40144314992784,659.6113,3,8,6,12,100.0,52,9,100.0,100.0,0.0,4576,2004,3
118.3439896842944,4645.15,2,8,6,12,100.0,168,100,100.0,100.0,0.0,5761,919,2
83.99266471734278,789.6754999999999,2,10,6,12,100.0,60,25,100.0,100.0,25.0,2183,3606,5
68.93849803144555,1207.739,1,9,5,12,100.0,40,15,100.0,100.0,50.0,1742,3245,5
68.36411125211242,55741.8,9,8,6,12,90.0,64,1500,60.0,60.0,20.0,960,1043,4
476.71901799063545,46451.5,5,10,6,12,75.0,72,1100,100.0,100.0,20.0,1099,900,4
156.60251794393568,817.5464,3,8,2,12,75.0,40,4,75.0,75.0,25.0,7110,1394,2
128.31913700610076,334.4508,2,10,2,12,100.0,35,1,100.0,100.0,0.0,6212,908,2
293.75866486138386,65032.1,7,14,6,12,100.0,68,1800,90.0,90.0,10.0,2411,2355,4
141.41359776969057,38090.23,995,12,6,12,70.0,54,1350,100.0,90.0,25.0,5262,1151,3
229.37844683913153,22296.72,4,9,3,12,95.0,168,300,100.0,100.0,2.0,3041,2084,4
161.85415407793758,14121.256,6,12,9,12,100.0,55,550,100.0,100.0,50.0,4062,1645,3
87.91534654781779,21832.205,6,9,8,12,44.0,60,500,60.0,44.0,0.0,951,1746,4
452.95056991142394,18580.692903,2,14,7,12,100.0,60,500,100.0,100.0,25.0,2243,2407,4
406.1919036701639,12077.39,6,9,7,12,50.0,74,300,100.0,100.0,90.0,4463,1476,3
111.42081310135303,18580.6,6,16,6,12,60.0,54,25,80.0,100.0,80.0,2704,2164,4
270.073809207877,30657.99,994,14,8,12,80.0,60,700,100.0,100.0,50.0,7656,996,1
142.06788169870237,2299.34925,2,9,4,12,100.0,69,60,100.0,100.0,50.0,884,1269,4
490.619032696634,120.7739,1,8,5,12,100.0,40,2,100.0,100.0,0.0,4407,1881,4
211.45322546211284,13935.45,7,11,6,12,85.0,45,180,85.0,100.0,25.0,4040,1891,3
303.0826395378272,10776.748,994,8,5,12,85.0,168,122,100.0,100.0,0.0,4673,948,2
447.72562948182514,371.612,1,10,3,12,100.0,40,2,60.0,60.0,0.0,6255,727,2
38.17571736894689,510.9665,2,12,2,12,100.0,54,5,75.0,75.0,0.0,1555,2990,5
146.8366237133545,14678.674,4,8,2,12,100.0,45,450,100.0,100.0,20.0,5491,982,3
73.27936941146501,5574.18,2,10,9,12,90.0,40,70,100.0,90.0,5.0,5039,1316,2
241.82559100216355,46451.5,995,10,6,12,90.0,168,230,100.0,100.0,0.0,5963,826,2
162.61713800978288,65032.1,6,9,8,12,80.0,50,1200,100.0,100.0,25.0,6264,1044,2
215.02214504384145,23225.75,2,8,7,12,100.0,80,100,50.0,50.0,5.0,4241,356,3
339.3302232694989,29728.96,3,10,5,12,100.0,60,500,100.0,100.0,10.0,5936,897,2
274.8138711517249,8547.076,3,10,6,12,100.0,40,300,100.0,100.0,50.0,8153,718,2
212.75229592509683,7618.046,2,10,6,12,98.0,168,100,100.0,100.0,0.0,841,1166,4
156.12310023438718,4319.9895,2,7,6,12,90.0,40,30,100.0,100.0,10.0,1000,1299,4
96.45621354957564,1230.96475,3,10,2,12,50.0,50,9,50.0,50.0,0.0,4219,1735,4
334.38087843621844,20903.175,995,10,2,12,82.0,168,450,95.0,75.0,10.0,5899,962,2
122.28690617007022,28335.415,994,9,6,12,85.0,72,600,100.0,100.0,0.0,7195,985,2
137.29956631621155,3716.12,3,12,2,12,90.0,60,40,75.0,75.0,0.0,3279,2010,4
306.70418481013536,23225.75,3,10,6,12,100.0,70,53,100.0,100.0,40.0,5747,1440,3
371.2887821851207,1416.77075,5,12,8,12,90.0,50,16,95.0,95.0,50.0,6409,393,2
163.49326867359864,668.9016,2,8,3,12,50.0,50,10,50.0,50.0,15.0,2551,2518,4
360.5757779381628,42735.38,995,13,6,12,72.0,60,655,100.0,100.0,5.0,8161,895,1
93.47428041513632,1254.1905,2,12,6,12,100.0,40,52,90.0,90.0,20.0,1946,2865,4
216.5989738383045,1300.642,1,10,7,12,100.0,45,20,100.0,100.0,40.0,4384,1907,3
409.9338071288581,16908.346,4,10,2,12,100.0,168,250,100.0,45.0,40.0,4525,1408,3
119.07272997594582,157935.1,8,9,8,12,100.0,60,3000,90.0,90.0,0.0,4509,1796,7
165.46282995115476,17465.764,2,9,7,12,83.0,70,700,83.0,83.0,100.0,725,1381,4
126.0672559358049,1138.06175,3,8,2,12,100.0,50,90,100.0,100.0,10.0,5162,1004,2
207.35257340598767,157935.1,995,9,8,12,98.0,168,4500,90.0,90.0,3.0,5305,1531,7
438.0174176256173,5109.665,2,10,7,12,100.0,70,25,100.0,95.0,15.0,4198,2287,3
365.3590343006832,102.1933,1,8,6,12,100.0,54,2,100.0,100.0,0.0,3758,2150,3
138.31936683422495,371.612,1,7,8,12,100.0,20,1,100.0,100.0,25.0,4462,2033,3
28.84651980509914,5945.792,2,8,6,12,98.0,9,25,50.0,100.0,50.0,927,1008,4
249.7077446699991,120.7739,1,8,5,12,100.0,50,3,100.0,100.0,0.0,7895,534,2
167.66480160113974,3390.9595,3,12,2,12,100.0,60,25,75.0,75.0,20.0,7202,347,2
229.3181895841768,227.61235,1,11,9,12,100.0,44,4,100.0,100.0,30.0,1415,4125,5
200.22582180549236,42735.38,6,10,5,12,100.0,10,2400,100.0,79.0,0.0,6765,864,2
187.31084836966767,43664.41,2,18,5,12,95.0,168,1200,100.0,100.0,15.0,2322,2692,5
324.15619975233216,20438.66,4,20,7,12,100.0,168,300,100.0,100.0,30.0,2013,3111,4
29.763569368050547,185.806,1,8,4,12,100.0,50,3,100.0,100.0,50.0,3211,2003,4
147.94779019428174,575.9986,1,8,7,12,100.0,50,5,75.0,75.0,50.0,7711,1052,2
177.76032114601867,6503.21,3,10,8,12,60.0,50,110,100.0,100.0,20.0,5719,1147,3
183.4188468436357,65032.1,9,11,4,12,92.0,168,925,85.0,85.0,5.0,4203,1427,3
115.21524495477362,2787.09,3,12,8,12,100.0,45,60,100.0,10.0,5.0,5296,1802,3
199.24093589304977,23225.75,6,9,5,12,100.0,48,250,100.0,100.0,10.0,6987,343,2
140.37837846513972,5945.792,6,10,2,12,85.0,40,200,100.0,100.0,75.0,869,1111,4
126.5277470364044,603.8695,2,8,4,12,100.0,40,10,100.0,75.0,0.0,7830,217,1
42.466407706006386,418.0635,1,9,3,12,90.0,50,9,100.0,100.0,0.0,1151,3768,5
250.0755162264723,7710.949,5,9,2,12,60.0,80,35,100.0,100.0,30.0,4507,1772,3
232.8768372624233,20438.66,994,12,6,12,90.0,51,450,100.0,100.0,62.0,2430,3206,5
157.1769184832433,74322.4,994,10,2,12,70.0,55,700,100.0,95.0,50.0,4324,1778,3
307.85131199566575,5852.889,1,9,6,12,100.0,168,136,100.0,100.0,0.0,6332,1154,2
508.0744592563196,1602.57675,1,10,2,12,95.0,168,60,95.0,95.0,20.0,4362,1855,4
248.7509068486947,2601.284,2,10,3,12,100.0,40,40,100.0,80.0,20.0,5574,1016,3
119.74828756875452,297.2896,2,10,4,12,100.0,42,5,100.0,100.0,10.0,5558,1615,2
73.51428131384347,929.03,1,9,6,12,100.0,40,6,50.0,50.0,25.0,4040,1753,4
273.87278797455417,232.2575,1,10,2,12,100.0,50,4,80.0,100.0,30.0,2585,2529,5
193.81737546639556,12263.196,2,9,6,12,100.0,70,90,100.0,100.0,0.0,3181,1912,4
276.4019775434372,3623.217,3,10,5,12,66.0,168,60,100.0,100.0,10.0,7200,463,1
260.1288118132174,11148.36,6,16,9,12,80.0,60,500,100.0,85.0,20.0,4454,2042,3
76.31309357217306,5481.277,1,21,6,12,92.0,70,75,100.0,100.0,75.0,4346,1591,3
79.3686918118683,92903.0,9,10,7,12,80.0,65,2750,100.0,100.0,15.0,1143,968,4
448.05593963293234,329.80565,1,18,5,12,100.0,41,8,100.0,100.0,0.0,4802,1487,3
99.1975499418192,26941.87,5,12,6,12,80.0,50,125,100.0,100.0,0.0,5322,1053,2
192.1586294984756,29728.96,995,8,8,12,98.0,66,425,80.0,80.0,60.0,4424,1514,3
169.46848758476003,1068.3845,2,8,7,12,50.0,55,30,100.0,100.0,25.0,7579,658,1
258.3416973307488,18023.182,995,15,4,12,80.0,55,400,95.0,95.0,20.0,2264,3040,4
116.15016067726556,43664.41,994,14,2,12,99.0,50,800,98.0,95.0,4.0,6403,859,2
477.35786823112625,7060.628,3,9,2,12,100.0,45,26,100.0,100.0,60.0,4230,1547,3
228.34223020846983,8082.561,3,10,8,12,100.0,20,80,96.0,100.0,0.0,4033,1933,3
124.05335104506352,1997.4145,3,12,2,12,95.0,60,24,95.0,95.0,20.0,3461,1973,4
210.2688246510982,3809.023,2,10,8,12,80.0,48,108,100.0,90.0,15.0,8630,565,2
139.15038714220208,46451.5,2,9,4,12,98.0,40,800,80.0,95.0,2.0,3445,1850,4
80.6167502644136,2508.381,2,9,8,12,70.0,45,13,45.0,45.0,25.0,1052,4145,5
389.50909624953954,2879.993,2,25,8,12,100.0,50,200,97.0,97.0,60.0,4448,331,3
191.40173496702485,9847.718,9,10,5,12,80.0,55,45,100.0,100.0,5.0,2098,2300,4
357.07679810711664,510.9665,4,10,2,12,80.0,56,10,100.0,90.0,60.0,4484,1665,3
323.60355160161987,24619.295,5,10,8,12,95.0,60,600,95.0,95.0,50.0,3828,2087,4
131.77901174107672,44593.44,994,11,5,12,82.0,55,500,79.0,79.0,10.0,3584,1856,3
192.16140619606833,5016.762,2,10,7,12,100.0,55,100,95.0,95.0,15.0,5438,601,2
231.23347361166427,16722.54,3,9,6,12,90.0,50,250,100.0,100.0,20.0,5747,1275,3
103.12990034767448,929.03,1,10,4,12,100.0,40,18,100.0,100.0,15.0,3159,2050,4
242.1422520362636,55741.8,995,9,4,12,93.0,56,1830,100.0,100.0,80.0,6151,1337,2
256.62831295188266,74322.4,994,9,4,12,66.0,75,1400,100.0,66.0,20.0,5403,1390,3
207.81045759794867,5852.889,2,12,9,12,100.0,40,100,100.0,100.0,50.0,4759,1093,3
196.58033438895447,25083.81,995,9,3,12,100.0,11,754,100.0,95.0,25.0,5701,1845,3
414.587436019289,185.806,1,10,5,12,100.0,50,14,100.0,100.0,35.0,2833,2212,4
213.590069530449,1463.22225,1,10,4,12,100.0,40,54,5.0,100.0,10.0,1558,3496,5
260.4395876443608,36696.685,995,13,7,12,95.0,60,2500,85.0,85.0,20.0,2390,104,3
173.09963234948282,23225.75,3,11,2,12,100.0,40,600,100.0,50.0,10.0,2682,2765,4
188.3467823291946,22296.72,2,9,4,12,75.0,168,100,75.0,100.0,10.0,4633,1212,3
138.92283114597257,65032.1,994,12,3,12,93.0,66,2500,100.0,100.0,50.0,2437,70,3
242.28261207318988,20903.175,995,8,7,12,89.0,60,500,90.0,75.0,25.0,4683,1667,3
168.09549147584042,4645.15,3,9,6,12,90.0,50,200,90.0,90.0,40.0,6422,942,2
307.82895382948703,44593.44,4,14,5,12,75.0,68,775,100.0,100.0,35.0,8482,876,1
220.24892880999855,7896.755,4,9,6,12,75.0,45,300,100.0,100.0,10.0,1475,4228,5
78.35626357383508,232.2575,1,8,2,12,100.0,18,1,100.0,100.0,0.0,2677,2345,4
64.58112613778832,176.5157,1,10,7,12,85.0,50,3,85.0,85.0,45.0,1469,2980,5
131.4898697041263,4552.247,3,10,2,12,70.0,40,50,70.0,40.0,5.0,5528,1000,2
203.66615304525837,510.9665,1,8,5,12,100.0,50,17,100.0,100.0,0.0,1138,3693,5
230.2302311931262,18580.6,2,10,6,12,50.0,167,64,100.0,50.0,50.0,5631,445,2
392.1693326049751,185.806,2,12,3,12,100.0,40,3,100.0,100.0,0.0,4332,1848,4
89.5007638296233,585.2889,1,10,4,10,50.0,45,5,95.0,95.0,20.0,3784,1798,4
184.85872944292325,1811.6085,3,10,2,12,100.0,44,32,100.0,100.0,5.0,4231,1836,3
257.95345819618313,19974.145,995,8,7,12,90.0,60,800,100.0,100.0,25.0,3986,1953,3
174.2839216726227,55741.8,994,10,6,12,100.0,60,1200,90.0,100.0,10.0,4705,1740,3
424.60336011820095,1138.06175,2,10,5,12,100.0,40,23,100.0,100.0,15.0,5578,1180,2
297.8831272074745,23225.75,994,12,2,12,88.0,168,400,100.0,100.0,25.0,6340,1258,2
137.7733511683304,4319.9895,3,10,9,12,90.0,40,40,100.0,100.0,10.0,1484,3029,5
177.68515781701512,2067.09175,1,10,5,12,100.0,50,80,80.0,80.0,15.0,1151,3877,5
130.1587369506666,33445.08,5,15,8,12,100.0,65,1397,100.0,100.0,80.0,5605,710,2
186.73877838132896,30657.99,4,8,5,12,100.0,60,125,100.0,100.0,50.0,4844,1387,3
176.87824716807572,1416.77075,1,10,8,12,100.0,10,8,100.0,100.0,40.0,4735,906,3
248.5183846243717,139354.5,9,14,2,12,67.0,168,1200,95.0,60.0,20.0,6343,925,7
281.95133397428253,21832.205,995,14,6,12,77.0,73,700,70.0,70.0,30.0,4504,1948,3
154.48063176020804,19974.145,4,10,9,12,100.0,60,1100,100.0,100.0,20.0,2502,2904,5
260.462468266623,25083.81,995,11,2,12,75.0,168,630,100.0,75.0,25.0,4509,1718,3
98.16595452974236,46451.592903,995,9,8,12,96.0,49,1400,100.0,100.0,40.0,764,1305,4
225.6601869751844,167.2254,2,10,4,12,50.0,50,2,50.0,50.0,30.0,4419,1402,3
300.07611385772645,14492.868,1,12,8,12,95.0,50,700,100.0,100.0,20.0,4643,1545,3
129.07675217661742,2601.284,2,8,5,12,70.0,50,13,100.0,100.0,5.0,5009,1530,3
253.71696819951995,55741.8,995,9,2,12,65.0,168,800,100.0,100.0,30.0,4749,1542,3
315.9832290960715,6781.919,2,8,6,12,75.0,50,75,75.0,75.0,10.0,5225,1269,3
215.15824262465304,3994.829,3,9,6,12,82.0,65,189,100.0,100.0,75.0,3397,1832,4
136.34252584917084,1347.0935,1,20,9,12,100.0,50,30,60.0,60.0,25.0,2396,3075,5
399.79786911521654,6781.919,995,10,2,12,95.0,50,150,100.0,85.0,20.0,5345,1286,3
196.9833896613269,29728.96,995,10,5,12,73.0,50,800,100.0,100.0,30.0,2989,2107,4
208.17905407145088,19509.63,9,8,4,12,90.0,50,100,100.0,80.0,10.0,6895,349,2
326.3300280267779,8547.076,2,9,6,12,100.0,168,150,100.0,100.0,30.0,2124,2388,4
148.78896068026256,2369.0265,3,8,4,12,80.0,50,111,60.0,80.0,50.0,718,1837,4
120.87342514952871,696.7725,1,9,6,12,100.0,49,13,100.0,100.0,5.0,4651,1992,3
146.94238219643327,19509.63,995,8,4,12,80.0,60,353,85.0,85.0,0.0,6298,805,2
300.61030729051305,2647.7355,1,10,3,12,90.0,45,11,100.0,100.0,60.0,6135,1220,2
177.04426496250315,65032.1,8,12,8,12,100.0,40,500,100.0,100.0,50.0,1425,4197,5
57.77139677542024,3112.2505,1,20,5,12,50.0,96,28,100.0,100.0,10.0,3661,2246,4
151.02752336708963,10219.33,2,10,6,12,100.0,50,150,100.0,100.0,0.0,4257,1331,3
204.01297455367427,13935.45,994,8,5,12,98.0,60,300,100.0,100.0,10.0,3424,2407,4
297.7909213306278,2694.187,2,10,6,12,80.0,36,24,100.0,100.0,20.0,1483,836,4
81.017758321591,30193.475,9,12,6,12,100.0,56,483,100.0,75.0,25.0,3609,1976,3
73.22555734072097,16350.928,7,14,2,12,75.0,40,225,100.0,90.0,25.0,6719,950,2
201.52173593201152,22296.72,994,11,7,12,80.0,55,250,100.0,100.0,30.0,2446,2595,5
164.16315651354063,13192.226,6,9,5,12,90.0,45,250,100.0,88.0,15.0,6247,387,2
149.44482187066083,10033.524,3,9,6,12,90.0,50,400,100.0,100.0,25.0,4832,1229,3
204.39089245845452,5481.277,1,20,8,12,100.0,60,100,100.0,44.0,2.0,4375,1727,3
387.12931529681714,45986.985,1,23,4,12,98.0,96,2400,100.0,100.0,10.0,4780,1973,3
281.1634691918811,167.2254,1,12,8,12,100.0,45,6,100.0,100.0,0.0,3796,1577,4
258.3809126600913,7989.658,3,12,7,12,79.0,55,300,100.0,100.0,20.0,5840,980,3
186.7321366691988,65032.1,994,10,6,12,100.0,68,2192,75.0,75.0,1.0,4212,1770,3
147.97229806182258,7432.24,6,9,7,12,100.0,45,200,80.0,90.0,25.0,5431,994,2
131.98549130257106,1347.0935,3,8,2,12,66.0,45,22,66.0,66.0,40.0,2972,2280,4
141.00659113493745,20438.66,9,9,6,12,95.0,55,677,100.0,100.0,5.0,1666,4095,5
184.8346796218127,17651.57,9,10,4,12,80.0,60,76,80.0,80.0,40.0,3579,2002,4
226.28836425540615,27870.9,994,10,8,12,100.0,65,1029,100.0,100.0,25.0,4267,1736,3
143.78710562038415,2113.54325,2,9,4,12,100.0,45,22,100.0,65.0,30.0,10478,729,1
387.4497283535952,21832.205,994,10,8,12,100.0,65,1205,100.0,100.0,0.0,4279,1627,3
167.69281840557716,167.2254,3,15,2,12,100.0,40,4,100.0,100.0,35.0,5424,1458,2
200.77425312226927,510.9665,2,10,5,12,100.0,40,19,100.0,100.0,20.0,2459,626,4
126.33191971195764,185.806,1,10,2,12,100.0,40,4,100.0,100.0,50.0,4201,1858,3
390.7741094282926,39019.26,5,16,8,12,100.0,168,582,100.0,100.0,50.0,2505,80,3
335.59886381893347,2508.381,1,10,8,12,100.0,60,75,100.0,100.0,0.0,8893,837,1
159.35765199293888,11148.36,4,15,6,12,75.0,60,100,100.0,75.0,10.0,4361,1374,3
514.7230106304215,9476.106,5,16,9,12,100.0,40,90,100.0,100.0,80.0,5956,291,2
64.47159789603135,18580.6,5,10,9,12,30.0,45,45,100.0,20.0,10.0,5804,919,3
172.58519472585738,22761.235,994,10,7,12,100.0,50,850,100.0,100.0,10.0,4328,1477,3
247.37790315420057,1138.06175,1,12,7,12,100.0,44,7,100.0,100.0,30.0,8195,559,1
174.80854803851275,38090.23,995,13,6,12,91.0,60,800,98.0,100.0,5.0,1061,1720,4
167.40353069529712,10033.524,5,12,5,12,90.0,62,318,100.0,100.0,20.0,2794,3547,4
277.9975574614226,17837.376,4,14,8,12,60.0,84,800,100.0,100.0,15.0,953,1895,4
220.72072174671203,21367.69,4,9,7,12,100.0,40,900,100.0,100.0,0.0,6261,1010,3
441.7115012815961,157935.1,994,15,2,12,80.0,168,700,100.0,95.0,0.0,3527,1943,7
94.03486298134136,167.2254,2,8,4,12,100.0,40,2,50.0,100.0,0.0,4985,1316,3
384.560817897097,139354.5,995,16,2,12,100.0,168,7500,80.0,70.0,50.0,5292,1393,7
225.10184275449723,3530.314,1,10,7,12,100.0,48,50,85.0,85.0,50.0,2078,1451,4
340.3143846633286,9290.392903,4,14,8,12,100.0,50,400,100.0,100.0,5.0,3950,2073,4
363.7126873500107,952.25575,1,8,6,12,100.0,45,20,100.0,100.0,20.0,8244,685,1
71.96230415634628,25083.81,2,20,6,12,85.0,10,300,90.0,100.0,15.0,1025,1487,4
172.17283961882495,12077.39,4,10,5,12,90.0,72,200,99.0,90.0,10.0,6035,1722,3
477.7331539141184,5574.18,4,10,8,12,90.0,50,90,100.0,100.0,30.0,3784,1727,3
60.82181907777852,32516.05,9,10,2,12,36.0,112,487,36.0,70.0,10.0,655,1186,4
215.8779604398136,4645.15,3,12,4,12,100.0,50,105,75.0,100.0,40.0,784,1551,4
313.71687957279477,34374.11,3,10,7,12,100.0,168,800,100.0,100.0,0.0,7369,634,1
67.81201146495842,575.9986,1,14,7,12,100.0,90,2,100.0,100.0,5.0,2540,2623,5
290.53238467394306,55741.8,995,12,2,12,84.0,50,2000,100.0,75.0,0.0,5076,1427,3
252.30761326246815,4830.956,7,15,9,12,100.0,50,200,100.0,100.0,10.0,5002,1497,2
230.40397031161535,23225.75,4,10,9,12,70.0,168,400,100.0,100.0,0.0,1320,3629,5
195.60240815016735,743.224,2,10,8,12,100.0,45,22,100.0,100.0,15.0,7361,686,1
265.30853547743,11519.972,5,8,6,12,100.0,75,612,95.0,95.0,40.0,6386,560,2
290.9757946523604,157.9351,1,9,6,12,100.0,84,6,10.0,90.0,80.0,480,5643,5
52.51713866755196,1765.157,1,15,9,12,25.0,40,10,40.0,40.0,15.0,1014,3688,5
244.079642703131,22761.235,994,10,6,12,91.0,60,593,100.0,100.0,60.0,5757,632,2
217.9386930714304,1230.96475,1,8,6,12,50.0,50,5,100.0,85.0,0.0,4372,887,3
349.0600480477952,4738.053,3,10,5,12,100.0,60,200,100.0,100.0,0.0,4857,1300,3
89.3330460406638,353.0314,2,10,2,12,100.0,40,5,100.0,100.0,20.0,4477,1830,4
147.5863350824117,43199.895,995,13,2,12,68.0,54,850,100.0,100.0,25.0,829,1185,4
236.96270221377853,5574.18,3,8,5,12,100.0,98,18,100.0,100.0,100.0,7449,646,2
98.42638238015488,39483.775,994,18,8,12,95.0,80,1400,50.0,50.0,90.0,5909,816,2
113.87328436005768,3809.023,3,8,7,12,66.0,55,108,75.0,66.0,50.0,6911,597,2
131.4473948657167,11519.972,3,9,5,12,100.0,40,250,100.0,100.0,15.0,6792,815,2
249.7518648287119,204.3866,1,8,6,12,100.0,40,3,100.0,100.0,0.0,2729,2709,4
350.1739861569501,21367.69,9,9,5,12,90.0,60,350,100.0,100.0,0.0,962,3712,5
259.76482454818466,148.6448,1,12,7,10,100.0,50,3,100.0,100.0,8.0,1319,3387,5
224.33406158381055,2461.9295,1,10,7,12,95.0,45,25,100.0,100.0,40.0,3948,2081,3
331.7955015510802,929.03,2,9,3,12,100.0,60,28,80.0,50.0,0.0,5567,1233,2
162.66776469435865,3716.12,2,9,8,12,87.0,40,90,15.0,100.0,35.0,1564,3957,5
74.74837059329803,4459.344,3,10,2,12,85.0,50,12,90.0,75.0,20.0,5933,938,2
238.65901010401532,55741.8,994,13,9,12,100.0,168,2500,100.0,98.0,30.0,5158,1413,3
282.6968108930821,464.515,2,10,5,12,100.0,40,7,100.0,100.0,25.0,5125,1602,3
132.21640637734433,19974.145,4,9,8,12,85.0,60,500,85.0,100.0,60.0,2381,2601,5
256.78401524511,7339.337,4,13,8,12,78.0,56,180,100.0,100.0,25.0,4623,1752,2
220.4976071016006,4645.15,3,9,4,12,91.0,54,130,100.0,100.0,0.0,5877,1584,3
135.53360680156246,167225.4,995,10,4,12,97.0,60,2500,90.0,95.0,50.0,5194,1689,7
232.03657716563896,28799.93,3,10,8,12,70.0,40,520,70.0,100.0,50.0,5438,1129,3
129.8697512289352,157935.1,995,9,6,12,96.0,65,2500,100.0,100.0,25.0,1274,3141,7
42.83253173483675,12077.39,5,13,7,12,100.0,66,125,100.0,95.0,40.0,7043,664,2
103.4199124455974,1393.545,2,10,2,12,100.0,50,40,85.0,85.0,0.0,8159,249,1
292.5186345215552,8454.173,5,9,7,12,90.0,61,225,100.0,100.0,30.0,5774,736,2
156.2143978600019,4552.247,2,8,2,12,100.0,40,25,100.0,90.0,0.0,6413,1305,2
183.5668858314763,11334.166,3,9,6,12,90.0,84,450,98.0,98.0,5.0,1469,4126,5
157.0926403832364,195.0963,2,8,2,12,100.0,50,5,100.0,100.0,20.0,4712,428,3
158.58269200474768,952.25575,3,10,7,12,100.0,40,20,98.0,98.0,5.0,4387,1974,4
137.7430860867787,4645.15,3,10,9,12,100.0,74,200,100.0,100.0,0.0,5144,1278,2
184.96935853488765,8361.27,4,12,5,12,100.0,60,225,66.0,66.0,15.0,4870,1165,3
295.81456912593427,20903.175,9,10,6,12,94.0,74,350,100.0,100.0,20.0,5666,1170,3
256.33556619492265,134.70935,2,8,2,12,100.0,40,3,100.0,100.0,50.0,5031,1329,3
185.4584253468672,204.3866,2,8,6,12,100.0,35,3,75.0,75.0,0.0,5566,1325,2
118.1077588174538,12449.002,2,10,3,12,100.0,168,50,100.0,25.0,20.0,9111,895,1
153.64070197596922,1138.06175,1,9,9,12,100.0,50,7,100.0,100.0,60.0,1883,1362,4
390.3789989650209,139354.5,995,12,2,12,90.0,168,4250,100.0,100.0,25.0,5063,1295,7
198.0978986661293,157935.1,995,15,6,12,70.0,70,4000,100.0,100.0,60.0,2516,2835,7
268.8079376828914,38090.23,7,15,7,12,90.0,168,1200,100.0,100.0,100.0,5023,1467,3
117.9559061210471,102.1933,1,9,6,12,100.0,40,5,100.0,100.0,100.0,2928,2377,4
298.61279914135855,10033.524,3,9,7,12,100.0,45,300,75.0,100.0,10.0,5316,849,2
129.5184775855821,32051.535,995,10,5,12,97.0,68,467,76.0,76.0,0.0,4398,1758,3
100.64149109401356,2601.284,2,12,2,12,100.0,40,35,100.0,100.0,20.0,1113,3882,5
109.98266366826628,157935.1,9,10,2,12,100.0,60,2100,90.0,90.0,3.0,4365,1786,7
258.36245744648386,13563.838,5,10,5,12,95.0,58,150,100.0,100.0,20.0,4766,1332,3
138.99842334841355,3576.7655,2,14,7,12,100.0,40,35,100.0,50.0,10.0,5551,974,3
212.17124677850703,20438.66,7,14,6,12,94.0,65,549,100.0,100.0,50.0,4870,1421,3
210.0670296743378,37161.2,5,12,7,12,100.0,60,1400,100.0,100.0,10.0,7494,648,1
320.2542848946598,32516.05,995,10,5,12,69.0,60,500,100.0,100.0,50.0,2198,2400,4
228.41938534869703,42735.38,5,10,4,12,58.0,72,585,100.0,100.0,0.0,4582,1436,3
257.5843259428805,11705.778,4,12,8,12,88.0,66,308,90.0,90.0,25.0,2574,2251,4
99.563529675755,6967.725,3,10,6,12,20.0,50,70,20.0,25.0,20.0,1516,3586,5
417.37130336327664,9847.718,2,8,2,12,100.0,40,300,100.0,100.0,20.0,4204,1666,3
59.626114039643504,15607.704,5,9,6,12,95.0,50,300,100.0,100.0,0.0,4892,1467,3
129.92736520080084,2601.284,3,9,6,12,67.0,54,19,100.0,100.0,0.0,866,1657,4
339.78157036984817,65032.1,5,12,2,12,100.0,168,925,100.0,100.0,10.0,5180,1671,3
393.1441013314963,278.709,1,10,8,12,100.0,54,5,100.0,100.0,10.0,1016,3375,5
208.0999547155746,36232.17,2,12,2,12,50.0,60,325,80.0,75.0,15.0,5442,776,2
228.78542610247865,65032.1,995,11,6,12,99.0,60,2500,95.0,80.0,5.0,4628,312,3
248.30306417815663,1556.12525,2,9,8,9,100.0,40,44,100.0,100.0,15.0,7965,222,1
111.9676194503048,891.8688,2,8,7,12,100.0,60,26,100.0,100.0,25.0,2443,681,4
162.0279525123846,143.99965,1,8,4,12,50.0,45,6,60.0,60.0,0.0,1580,1807,4
330.08382028567434,1114.836,1,8,7,12,100.0,45,25,100.0,100.0,15.0,6822,781,1
77.77870296361337,195.0963,1,8,8,12,100.0,45,2,100.0,100.0,50.0,5357,1193,2
185.6231555142431,3390.9595,1,9,8,12,100.0,50,69,100.0,100.0,10.0,2133,3166,4
159.67910485129653,13006.42,2,25,7,12,100.0,45,45,65.0,100.0,55.0,7808,901,1
443.77990302292136,1207.739,1,12,7,12,100.0,168,25,100.0,100.0,0.0,4978,1381,3
466.69792019023424,2787.09,1,10,4,12,100.0,50,90,100.0,100.0,0.0,1720,1615,4
35.700188387844506,1138.06175,2,14,2,12,25.0,40,5,100.0,50.0,20.0,7267,694,1
102.70944994186108,362.3217,2,13,3,12,100.0,50,20,92.0,92.0,35.0,967,3691,5
370.3414967434703,40412.805,994,9,5,12,100.0,60,760,100.0,100.0,15.0,5572,1201,3
555.5663486878019,130.0642,2,8,6,12,20.0,40,3,100.0,100.0,20.0,6550,768,2
87.57615616061915,55741.8,995,10,6,12,92.0,66,900,55.0,55.0,30.0,1976,274,4
227.0813198199081,3855.4745,2,9,6,12,50.0,40,50,100.0,100.0,10.0,4447,2140,3
152.0634041911862,5667.083,7,12,4,12,94.0,76,113,100.0,100.0,50.0,4325,1399,3
164.30071833221092,6410.307,6,12,9,12,90.0,55,75,90.0,90.0,5.0,5762,490,2
166.9869260149475,5574.18,3,9,8,12,70.0,66,300,100.0,100.0,10.0,5479,1489,3
93.54692781641684,1300.642,1,9,6,12,100.0,50,4,50.0,20.0,80.0,2991,2430,4
99.96547929306914,23225.75,5,9,6,12,95.0,50,400,80.0,80.0,0.0,5100,1243,3
468.7331138632916,134.70935,1,12,8,12,100.0,50,4,100.0,100.0,10.0,3133,2274,4
152.47041296528946,520.2568,1,9,6,12,100.0,120,10,50.0,50.0,30.0,2415,158,4
115.18396943483808,19509.63,995,16,5,12,95.0,60,800,100.0,95.0,5.0,1267,1959,5
144.9603494481341,74322.4,995,12,7,12,64.0,64,1300,100.0,100.0,60.0,4278,1858,3
452.1197432742944,4738.053,3,8,8,12,100.0,50,75,100.0,100.0,75.0,4939,1285,2
196.7193605223304,919.7397,1,8,6,12,100.0,43,5,100.0,100.0,20.0,7782,911,1
147.70301425788188,348.38625,2,8,4,12,100.0,40,6,100.0,75.0,80.0,5676,1080,3
231.59653202480004,5574.18,1,12,7,12,100.0,90,200,100.0,95.0,0.0,3546,1669,4
198.29485186565557,3716.12,1,10,3,12,100.0,66,24,100.0,85.0,15.0,6995,1064,2
87.96426626274226,46451.592903,994,11,8,12,60.0,56,465,50.0,50.0,30.0,5697,1162,3
194.24448242292755,17465.764,8,12,7,12,95.0,65,599,85.0,85.0,0.0,4551,1538,3
138.09532775669248,9290.3,1,9,7,12,70.0,40,150,100.0,100.0,50.0,1782,3324,4
227.34982115216948,23225.75,4,14,8,12,100.0,60,1000,90.0,90.0,30.0,5011,1260,2
220.6917366600008,14678.674,4,11,5,12,92.0,55,450,95.0,95.0,40.0,5911,1130,3
131.76881942954927,1904.5115,2,15,7,12,68.0,63,12,100.0,100.0,10.0,5225,1213,3
53.231836242101984,232.2575,1,14,7,12,50.0,50,2,25.0,25.0,75.0,1677,1607,4
234.18984270717849,29728.96,6,12,6,12,100.0,168,500,100.0,100.0,5.0,4215,1480,3
137.71198666930522,603.8695,1,9,8,12,90.0,40,10,100.0,100.0,0.0,1390,3215,5
187.4929646976857,25548.325,8,12,8,12,100.0,60,500,100.0,100.0,50.0,6914,1073,2
161.37312040515377,371.612,1,10,5,12,100.0,35,1,100.0,100.0,10.0,2529,3725,4
368.4562694423216,232.2575,1,10,8,12,100.0,168,2,100.0,100.0,30.0,8702,744,2
185.97333767041687,35303.14,3,9,6,12,75.0,70,1300,100.0,100.0,5.0,8374,565,1
158.28879040993883,102.1933,1,20,5,12,75.0,32,3,100.0,100.0,10.0,4887,1320,3
562.954852280643,325.1605,1,20,4,12,100.0,70,5,100.0,100.0,40.0,2481,2489,4
195.35893221068596,11519.972,3,10,8,12,100.0,60,490,100.0,100.0,2.0,8198,481,2
292.9682700469728,106.83845,1,14,3,12,100.0,50,3,100.0,100.0,20.0,3936,1796,4
255.02009383289175,6503.21,9,8,6,12,70.0,100,130,100.0,100.0,40.0,3109,1816,3
255.85932362268736,5016.762,3,8,5,12,80.0,108,75,90.0,95.0,20.0,3632,2345,4
98.28051063985096,25083.81,994,13,8,12,95.0,60,850,100.0,100.0,5.0,1658,3501,5
100.93356440621524,45522.47,8,12,6,12,96.0,55,700,60.0,60.0,70.0,1924,696,4
253.01354840763256,325.1605,3,8,2,12,100.0,40,6,100.0,100.0,20.0,6006,787,2
155.53228937135148,348.38625,2,10,7,12,100.0,45,5,50.0,50.0,30.0,5985,989,3
243.598200044864,139354.5,995,13,4,12,90.0,65,7500,100.0,100.0,5.0,5265,1419,7
117.78860284687612,55741.8,994,12,6,12,74.0,72,900,100.0,100.0,20.0,5949,1124,2
238.12448563071163,5574.18,3,9,8,12,90.0,168,90,90.0,90.0,80.0,1187,1924,4
590.0401975353664,29728.96,4,9,5,12,100.0,40,500,100.0,100.0,15.0,6632,809,2
94.05808427876389,297.2896,2,8,6,12,100.0,47,10,100.0,100.0,0.0,1810,4053,4
142.01373901133294,3390.9595,5,25,2,12,75.0,50,60,100.0,100.0,10.0,5041,2103,3
121.15618543310562,46451.592903,995,11,5,12,65.0,45,600,50.0,100.0,90.0,1264,3249,5
237.2287317233317,7618.046,6,14,6,12,80.0,70,300,100.0,100.0,20.0,1203,3613,5
200.79659710525564,320.51535,1,10,5,12,100.0,35,5,90.0,90.0,50.0,944,1753,5
556.2331760394273,2043.866,4,12,6,12,100.0,54,20,100.0,100.0,0.0,3856,2205,3
93.11457091125608,882.5785,1,10,5,12,100.0,45,15,60.0,70.0,5.0,1170,4209,5
283.3358120589968,9847.718,4,9,6,12,96.0,60,250,90.0,100.0,40.0,5251,1226,3
121.98999871942704,901.1591,1,12,8,12,100.0,60,40,100.0,100.0,20.0,2256,1383,4
184.60859912357031,5667.083,3,9,6,12,80.0,75,80,100.0,100.0,50.0,6449,1175,2
87.28891415964947,106.83845,1,10,2,12,100.0,45,3,100.0,100.0,20.0,5109,1562,3
291.50569177313974,10219.33,6,13,7,12,100.0,65,192,100.0,100.0,10.0,1114,947,4
83.26918808668336,65032.1,995,13,6,12,93.0,54,1000,75.0,80.0,80.0,778,1258,4
373.8361209292787,15421.898,994,10,7,12,80.0,168,250,95.0,85.0,20.0,6596,647,2
157.30078105729677,1230.96475,1,9,6,12,100.0,45,5,100.0,60.0,15.0,3084,1741,4
189.31704261891437,22296.72,9,9,8,12,95.0,56,1000,100.0,100.0,10.0,7749,1050,1
191.02627907602553,167.2254,1,7,7,4,100.0,48,2,100.0,100.0,10.0,4646,1671,3
134.8660599516949,301.93475,1,10,9,12,100.0,54,8,90.0,90.0,0.0,1552,4167,5
91.3928927274206,334.4508,1,10,6,12,100.0,45,3,100.0,100.0,10.0,1761,1822,4
259.7924918657447,1416.77075,3,14,2,12,70.0,60,11,100.0,100.0,40.0,7944,567,1
310.70865821840295,26012.84,994,12,2,12,85.0,168,400,100.0,100.0,70.0,6777,773,2
150.68975056963427,1904.5115,2,9,2,12,100.0,55,11,96.0,86.0,17.0,6336,1094,2
292.9282696216524,9847.718,5,11,6,12,80.0,60,225,100.0,100.0,70.0,1883,4655,5
213.57239580723984,37161.2,995,12,2,12,95.0,55,600,100.0,98.0,35.0,4857,2253,3
231.2636557220157,30657.99,995,8,6,12,91.0,60,300,85.0,85.0,60.0,4206,1908,3
127.87662214813302,92903.0,994,10,4,12,100.0,60,2400,100.0,100.0,20.0,870,1196,4
266.93185604350515,19045.115,994,10,6,12,62.0,60,700,100.0,62.0,45.0,4180,2025,3
352.72112573745375,13935.45,7,8,6,12,95.0,55,150,100.0,95.0,30.0,4396,1712,3
224.0644790553492,12449.002,3,9,3,12,100.0,60,275,100.0,100.0,20.0,5121,923,2
173.64636599261496,195096.3,995,13,4,12,97.0,66,4250,100.0,100.0,40.0,2674,65,7
111.9947526913632,520.2568,1,8,6,12,80.0,40,12,100.0,100.0,5.0,1628,3345,5
249.64049249981855,21832.205,8,11,9,12,70.0,85,1182,97.0,97.0,30.0,2532,234,4
181.55618533412985,55741.8,995,12,7,12,90.0,50,900,75.0,85.0,15.0,2292,3658,4
171.21570829341718,3344.508,2,16,2,12,90.0,60,180,100.0,100.0,50.0,2607,3513,4
174.57448691182165,16165.122,4,10,2,12,85.0,55,76,95.0,95.0,15.0,5129,1464,3
227.65468086003685,18580.6,3,16,6,12,80.0,45,400,100.0,100.0,10.0,7649,846,2
180.96924872046705,1138.06175,4,8,2,12,25.0,45,5,100.0,80.0,50.0,7222,765,2
142.61907484150137,1300.642,2,8,6,12,100.0,40,20,100.0,100.0,0.0,3664,1720,4
70.1915727798272,39019.26,8,15,8,12,100.0,50,300,80.0,60.0,20.0,2989,2060,4
403.88589823156303,26941.87,6,9,2,12,90.0,74,400,100.0,100.0,15.0,2222,70,3
469.3332546158302,2183.2205,3,10,2,12,100.0,40,55,90.0,90.0,80.0,6417,964,2
126.39974342593888,185.806,1,8,5,12,100.0,40,3,100.0,100.0,5.0,4675,1905,3
241.25390859737217,55741.8,3,10,7,12,98.0,100,1200,85.0,60.0,0.0,4978,1120,3
117.9120525216265,222.9672,3,9,2,12,100.0,40,4,60.0,60.0,10.0,6908,521,2
212.5514524070693,17837.376,995,10,8,12,80.0,168,550,100.0,90.0,10.0,5254,1385,3
278.03725865074324,27870.9,3,15,6,12,100.0,120,350,100.0,100.0,0.0,3414,1943,4
90.9375625173568,16722.54,7,12,4,12,70.0,50,300,80.0,60.0,5.0,5790,884,2
806.0396038272177,6967.725,3,15,7,12,100.0,168,250,100.0,95.0,5.0,4175,2193,3
253.39191910702564,232.2575,1,12,8,12,100.0,40,15,100.0,100.0,50.0,2558,2396,4
166.3489403538609,17651.57,5,18,8,12,100.0,13,612,100.0,100.0,15.0,1577,270,4
212.7340736718226,6131.598,3,14,9,12,100.0,65,250,100.0,100.0,50.0,989,2065,4
296.35808418457964,185.806,1,10,5,12,100.0,65,14,100.0,75.0,0.0,3107,2274,4
211.95562568018977,19509.63,6,12,7,12,100.0,60,400,100.0,100.0,25.0,5398,1091,3
124.13237237878668,46451.592903,995,13,6,12,95.0,60,1200,100.0,100.0,0.0,865,1146,4
164.91818158392417,21367.69,995,11,7,12,70.0,60,733,100.0,99.0,25.0,1620,4708,5
81.74050015881389,32516.05,7,11,6,12,75.0,70,350,90.0,85.0,25.0,5490,1186,3
51.25743760486489,195096.3,995,12,6,12,75.0,60,3000,92.0,92.0,0.0,4810,288,7
386.62918256792426,41341.835,4,9,6,12,91.0,64,900,100.0,100.0,0.0,7421,762,2
316.7525172491739,111.4836,1,8,5,12,50.0,35,3,100.0,100.0,50.0,4764,1408,3
205.15705139578685,366.96685,1,10,6,12,100.0,40,9,100.0,100.0,5.0,1202,2976,5
215.06384453533977,22296.72,3,10,5,12,97.0,90,230,100.0,85.0,50.0,5505,1203,3
183.27555882149107,10590.942,994,8,6,12,92.0,168,290,100.0,100.0,0.0,4090,2110,3
130.81837952703358,232.2575,1,14,8,12,100.0,40,2,100.0,100.0,30.0,5841,1815,3
205.30568928450464,55741.8,995,12,7,12,78.0,55,1265,100.0,100.0,5.0,1982,2753,4
207.62116172375292,25548.325,4,9,6,12,80.0,168,600,100.0,100.0,15.0,1899,3577,5
156.83366345543203,929.03,2,12,8,12,80.0,70,20,100.0,100.0,25.0,5125,1412,3
275.80363561682776,320.51535,2,10,4,12,100.0,40,5,100.0,100.0,50.0,4795,593,2
174.815951765482,32516.05,5,10,2,12,85.0,168,400,100.0,100.0,25.0,4342,1472,3
289.8927176710117,37161.2,995,10,7,12,100.0,60,1203,75.0,80.0,50.0,2384,245,4
105.07257192543014,7896.755,3,9,4,12,90.0,55,200,90.0,90.0,70.0,2527,2248,4
210.43315618528752,157935.1,8,11,4,12,100.0,168,2100,90.0,90.0,50.0,3625,1892,7
232.2585137409607,31587.02,995,11,2,12,91.0,65,630,100.0,100.0,50.0,4630,1502,3
64.07008826910096,2601.284,2,10,5,12,100.0,20,30,70.0,70.0,1.0,737,1472,4
171.7057139718693,13006.42,2,8,7,12,50.0,100,80,50.0,75.0,10.0,5015,1812,3
162.09953675828066,6131.598,2,9,8,12,100.0,45,107,85.0,90.0,0.0,1135,3426,5
53.78402993205577,167.2254,1,8,7,12,100.0,60,2,100.0,100.0,0.0,5589,1411,2
386.9500545078705,21832.205,995,14,9,12,60.0,65,490,100.0,100.0,25.0,2759,2288,4
69.75828214725242,39019.26,9,12,2,12,100.0,168,1000,80.0,80.0,60.0,4584,1399,3
182.1599057686512,148.6448,1,10,3,12,100.0,55,5,100.0,100.0,50.0,2958,1804,4
182.6245507859452,501.6762,1,8,5,12,90.0,50,7,100.0,100.0,0.0,3302,2270,4
130.5098604932026,4645.15,2,10,8,12,100.0,40,80,100.0,100.0,60.0,2104,260,4
301.1990674906443,27870.9,4,9,7,12,100.0,45,850,100.0,100.0,10.0,4644,977,2
366.9399625343997,278.709,1,12,8,12,100.0,40,8,100.0,100.0,20.0,1065,2682,5
212.7278577700536,11519.972,994,9,6,12,90.0,55,400,100.0,100.0,100.0,2304,3303,5
515.471120980191,9011.591,3,9,4,12,90.0,168,97,100.0,100.0,50.0,6748,1138,2
246.26659105285444,14492.868,4,13,9,12,100.0,66,700,100.0,100.0,80.0,4686,1151,2
142.88972944796888,9290.392903,4,10,8,12,95.0,50,350,95.0,95.0,25.0,1312,3267,5
177.3533095304532,2415.478,3,9,6,9,95.0,54,180,100.0,100.0,0.0,1466,3194,5
314.614379397802,92903.0,995,12,6,12,88.0,68,2100,95.0,100.0,0.0,4638,1501,3
94.7399912598445,13935.45,994,10,2,8,70.0,60,85,100.0,90.0,10.0,4698,1656,3
259.5687141193862,13378.032,6,9,6,12,90.0,65,350,100.0,100.0,50.0,4257,1693,3
118.3773021689289,7432.24,2,10,8,12,75.0,66,150,100.0,100.0,85.0,1783,3170,4
67.30287627718234,15979.316,3,9,7,12,85.0,60,325,100.0,100.0,60.0,7378,719,2
212.62531842460797,13749.644,2,9,8,12,30.0,168,30,100.0,60.0,25.0,5411,1310,3
286.2213306531185,278.709,3,9,3,12,50.0,100,3,33.0,20.0,0.0,5544,1322,3
74.72690622800125,2787.09,2,14,8,12,70.0,45,18,40.0,40.0,2.0,1085,4083,5
208.91552173206853,36232.17,995,9,6,12,98.0,60,800,95.0,95.0,60.0,2995,2123,4
226.8010574543956,3251.605,6,10,3,12,100.0,168,16,100.0,30.0,70.0,4615,1730,3
75.24221661116972,74322.4,995,9,5,12,30.0,50,200,75.0,70.0,50.0,4610,2007,4
222.83333785682964,42735.38,995,10,3,12,98.0,70,552,85.0,85.0,0.0,4280,1660,3
196.25496750059105,25083.81,6,10,6,12,90.0,50,764,100.0,100.0,0.0,5569,1736,3
158.43156912622126,5574.18,3,12,8,12,100.0,45,350,100.0,100.0,5.0,1128,4126,5
314.92349071999456,10590.942,3,9,7,12,100.0,55,350,100.0,100.0,75.0,1353,4779,5
71.0889514436579,12449.002,3,12,4,12,100.0,168,60,100.0,90.0,5.0,6508,925,2
170.07882361533763,65032.1,994,10,7,12,90.0,60,2000,100.0,100.0,10.0,3911,1797,3
145.19541206987694,16722.54,9,9,6,12,95.0,60,180,100.0,100.0,30.0,5490,1001,2
224.7349803838412,3251.605,1,15,9,12,100.0,90,11,100.0,100.0,60.0,1051,4121,5
121.19996290870202,520.2568,2,12,2,8,100.0,50,16,25.0,95.0,35.0,2105,3265,5
199.17294977906715,3576.7655,2,10,3,12,90.0,40,41,100.0,100.0,0.0,6940,734,2
198.10292878132492,162.58025,2,9,6,12,100.0,40,3,100.0,100.0,50.0,4437,1377,3
200.0143203924454,28799.93,994,10,3,12,80.0,60,1100,100.0,100.0,5.0,5066,1378,3
260.86353450826874,15421.898,7,12,6,12,90.0,54,558,100.0,100.0,25.0,5510,1407,3
296.43011632635984,46451.592903,2,20,8,12,20.0,50,200,33.0,33.0,10.0,7494,573,1
57.68866670674363,2461.9295,1,10,6,12,50.0,44,5,50.0,50.0,20.0,2359,2045,4
248.96215491300347,26941.87,2,12,8,12,92.0,168,900,100.0,100.0,25.0,8821,830,1
285.2886231445702,139.3545,1,10,6,12,100.0,50,4,100.0,100.0,0.0,4822,1478,3
152.97183699334047,12077.39,8,14,6,12,90.0,62,350,95.0,95.0,10.0,1185,3492,5
206.21152173211053,106.83845,1,8,3,12,80.0,40,1,90.0,90.0,40.0,4254,1682,4
195.70818392522224,11334.166,5,15,6,12,70.0,40,350,100.0,100.0,0.0,5862,1425,3
91.0131149801406,557.418,1,8,5,12,55.0,40,9,100.0,75.0,10.0,6092,952,2
273.8657390945766,10776.748,5,8,6,12,82.0,73,225,100.0,100.0,0.0,4296,1939,4
183.16756110997497,32980.565,6,10,5,12,86.0,55,458,95.0,95.0,30.0,3964,1809,3
260.1424476889558,157.9351,1,8,3,12,100.0,40,5,100.0,100.0,0.0,590,4591,5
114.53558824885457,12263.196,4,10,6,12,100.0,65,350,100.0,95.0,30.0,5905,591,2
236.90642072445272,8732.882,7,10,3,12,80.0,43,150,100.0,95.0,30.0,8325,567,1
48.89616589345877,111.4836,1,8,4,12,33.0,32,2,100.0,100.0,33.0,3337,2682,4
166.0300971489849,26012.84,994,10,8,12,75.0,40,800,100.0,100.0,10.0,1438,4573,5
182.40117116822307,65032.1,995,9,6,12,85.0,168,1000,100.0,90.0,20.0,2546,3380,4
129.03046619860916,37625.715,994,9,8,12,95.0,8,350,75.0,75.0,5.0,4871,1759,3
184.62298440488112,12263.196,5,9,7,12,87.0,60,315,50.0,50.0,25.0,2893,2671,4
124.5213525230976,139354.5,995,12,8,12,100.0,66,3000,80.0,80.0,20.0,5537,954,7
239.32412414382023,278.709,3,9,9,12,100.0,35,3,100.0,100.0,25.0,5391,1117,3
103.33470612441928,483.0956,2,9,5,12,100.0,50,13,100.0,75.0,5.0,9362,558,1
216.76660531743383,33445.08,6,9,8,12,100.0,60,1625,100.0,76.0,75.0,5816,1856,3
221.57695524506408,16165.122,2,9,6,12,100.0,50,75,80.0,80.0,20.0,741,1504,4
271.6104297722062,10219.33,4,10,5,12,100.0,45,400,100.0,90.0,0.0,7541,478,1
354.8915266460717,278.709,1,14,9,12,100.0,63,7,100.0,100.0,0.0,6519,1420,2
167.6636515797391,7432.24,5,11,7,12,70.0,60,150,100.0,90.0,70.0,4330,1556,3
123.54087152520783,21832.205,995,10,5,12,92.0,64,746,100.0,100.0,40.0,1356,3748,5
117.112121762914,13935.45,2,10,7,12,100.0,119,100,100.0,100.0,0.0,948,1144,4
365.77913676126866,26012.84,994,9,7,12,96.0,40,650,95.0,95.0,30.0,2612,2563,4
231.41617309293633,22761.235,995,11,2,12,94.0,168,1478,90.0,100.0,25.0,4751,1517,3
80.18896980848464,394.83775,2,9,2,12,50.0,45,4,50.0,50.0,0.0,8913,716,2
276.39793910302967,16536.734,1,8,5,12,95.0,46,300,100.0,100.0,5.0,7651,621,2
342.4527811277878,13749.644,994,11,4,12,85.0,68,300,100.0,100.0,45.0,6776,1139,2
136.82281331049984,19045.115,9,12,6,12,90.0,168,125,75.0,85.0,65.0,4594,1746,3
446.0423921150734,5574.18,2,12,6,12,100.0,38,275,100.0,100.0,25.0,5390,1358,3
151.22795463009808,464.515,1,10,6,12,33.0,45,10,100.0,100.0,25.0,6367,374,2
287.6305579621064,26012.84,994,12,6,12,100.0,65,948,85.0,85.0,25.0,5071,1256,3
248.44833473954225,1207.739,1,8,6,12,100.0,42,29,100.0,100.0,5.0,3258,2792,4
392.82621316136186,37161.2,995,12,4,12,96.0,40,900,100.0,100.0,65.0,5992,1522,2
165.86370250378846,13749.644,6,11,7,12,87.0,65,315,100.0,100.0,15.0,3461,2099,4
293.42422190146925,19045.115,994,10,6,12,85.0,61,300,95.0,95.0,10.0,2975,2925,5
174.60357827953055,575.9986,3,8,2,12,75.0,40,4,75.0,75.0,25.0,7219,1331,2
888.0525024281966,46451.592903,995,11,4,12,82.0,168,2750,75.0,75.0,65.0,5333,1198,3
240.7302832371757,5574.18,2,18,8,12,90.0,72,75,100.0,100.0,0.0,2447,558,4
209.65435485635925,2740.6385,2,25,8,12,100.0,8,200,80.0,100.0,60.0,2043,1260,4
61.334201660502586,3112.2505,1,15,8,12,100.0,50,40,50.0,75.0,70.0,1487,3327,5
57.59961172723653,8175.464,4,10,8,12,90.0,50,275,75.0,90.0,25.0,1422,4431,5
247.2572303782286,3251.605,3,9,9,12,85.0,168,11,100.0,85.0,30.0,5934,1136,2
179.89022872734492,12820.614,9,14,4,12,100.0,65,270,100.0,100.0,25.0,813,1156,4
488.1814424599265,5109.665,2,8,6,12,90.0,168,25,90.0,100.0,40.0,1777,3058,4
286.074529354899,25548.325,8,8,5,12,75.0,168,2100,75.0,75.0,50.0,6480,915,2
140.8905924562497,10033.524,3,9,8,12,75.0,45,192,100.0,70.0,5.0,8317,675,2
108.00841277547548,55741.8,995,12,7,12,85.0,60,1200,100.0,96.0,40.0,4473,1589,3
160.15059708436638,20903.175,6,12,6,12,87.0,55,400,100.0,95.0,0.0,2620,2458,4
236.3530464660519,6781.919,2,9,5,12,100.0,45,130,95.0,95.0,5.0,5169,1317,3
195.52708906276396,45522.47,995,9,6,12,80.0,60,483,67.0,67.0,0.0,5838,1108,2
186.62963908005713,2554.8325,2,12,2,12,100.0,40,40,90.0,90.0,10.0,2991,2386,4
293.8993879938504,38090.23,995,12,4,12,80.0,55,800,100.0,100.0,20.0,4473,1284,3
133.522366179045,20438.66,4,9,6,12,95.0,50,456,100.0,100.0,5.0,5077,1222,3
140.14313611611166,19045.115,7,9,8,12,60.0,55,550,100.0,100.0,5.0,1828,4031,5
187.0648729500064,83612.7,8,35,2,12,100.0,50,2100,90.0,95.0,30.0,4548,1764,3
278.7873784120714,27870.9,995,14,4,12,48.0,70,450,100.0,100.0,0.0,4814,1672,3
179.75748729521652,297.2896,3,12,2,12,75.0,60,10,70.0,75.0,30.0,4276,1471,3
271.9057157552643,4923.859,994,9,2,12,80.0,168,225,90.0,90.0,40.0,4495,1511,3
81.09598526669195,10033.524,994,10,7,12,75.0,90,300,75.0,75.0,5.0,6669,1095,2
411.3219082089205,111.4836,1,12,8,12,100.0,50,3,100.0,100.0,0.0,7686,735,2
157.88466813952903,222.9672,1,10,2,12,100.0,50,2,100.0,100.0,20.0,2947,2306,4
193.7529432498319,42735.38,6,20,2,11,100.0,66,1300,100.0,100.0,50.0,3268,2007,3
197.77490368298615,19974.145,8,12,3,12,75.0,75,100,100.0,100.0,15.0,4532,2342,3
260.6296480090375,11334.166,5,12,9,12,100.0,55,500,100.0,100.0,50.0,4219,1598,3
187.57320771728388,9476.106,3,9,5,12,100.0,66,50,100.0,100.0,25.0,1303,2865,5
223.97531615960207,22761.235,994,12,6,12,100.0,60,596,100.0,100.0,0.0,5496,1089,3
278.8441142154329,25548.325,995,9,6,12,85.0,68,850,100.0,100.0,25.0,8170,852,1
406.6944231387269,195.0963,1,10,5,12,100.0,44,8,100.0,100.0,75.0,1043,2117,5
141.02617765596096,17094.152,3,10,5,12,78.0,65,400,80.0,80.0,15.0,2297,3193,5
90.77356825508934,36232.17,9,12,6,12,50.0,54,250,100.0,100.0,0.0,5505,1065,3
86.57057408683131,1672.254,2,8,7,12,100.0,45,6,100.0,100.0,0.0,4202,1718,4
156.50440886891977,6224.501,1,11,7,12,60.0,50,200,100.0,100.0,25.0,3054,1863,4
182.08200138276243,167225.4,995,12,4,12,96.0,60,4250,100.0,98.0,35.0,6424,1068,7
139.39710375907808,25083.81,994,13,6,12,72.0,60,600,100.0,100.0,10.0,2532,2416,4
314.3618318452749,236.90265,1,8,2,12,100.0,45,8,100.0,100.0,10.0,2676,2533,4
246.43197400937305,167225.4,995,9,6,12,92.0,55,7500,82.0,83.0,0.0,8341,928,7
246.58033789820303,6874.822,2,11,6,12,68.0,65,200,97.0,97.0,5.0,2084,284,4
78.31949005183596,195.0963,1,8,8,12,75.0,48,2,100.0,100.0,10.0,1246,2502,5
180.88194457841965,13749.644,4,20,5,12,100.0,45,25,100.0,100.0,50.0,2559,2938,5
117.8875728927663,55741.8,8,13,7,12,92.0,60,1500,88.0,88.0,50.0,4472,291,3
296.330829982585,7989.658,4,9,5,12,85.0,70,250,100.0,100.0,15.0,3430,1567,4
71.50486671264396,39019.26,5,15,2,12,90.0,60,608,100.0,100.0,0.0,1716,2883,5
119.7280677784278,7710.949,5,10,2,12,100.0,168,30,100.0,100.0,20.0,5126,1443,3
133.64419604409127,17651.57,5,11,2,12,96.0,168,800,100.0,100.0,75.0,4836,1414,3
102.6179287283194,631.7404,1,10,9,11,100.0,50,20,100.0,100.0,25.0,1714,1803,4
160.06633093925925,65032.1,8,12,8,12,95.0,60,800,62.0,62.0,20.0,4228,333,3
327.8819155247947,139.3545,1,8,3,12,100.0,40,7,100.0,100.0,0.0,3306,2026,4
170.7361389280858,41341.835,995,11,8,12,98.0,65,1200,100.0,100.0,50.0,3694,1808,3
143.0832504255591,97.54815,1,8,5,12,100.0,40,3,100.0,100.0,80.0,1420,3956,5
176.52796517387964,21832.205,995,12,6,12,83.0,16,500,95.0,95.0,0.0,1675,965,4
225.97679110980351,25083.81,5,9,4,12,90.0,168,150,100.0,80.0,0.0,9347,588,1
136.26957305777518,34374.11,8,10,4,12,87.0,60,715,95.0,95.0,40.0,4217,2008,3
209.2287049100944,14864.48,7,9,7,12,86.0,12,425,100.0,100.0,30.0,2782,2770,5
225.42985026117273,9476.106,2,25,6,12,90.0,50,244,90.0,90.0,20.0,5510,1397,3
271.45574008374325,371.612,3,9,3,12,100.0,50,10,100.0,100.0,10.0,3789,1714,3
89.61967601318824,11519.972,6,12,6,12,95.0,52,500,40.0,50.0,20.0,1093,1032,4
146.35174505398106,16350.928,4,8,3,12,75.0,12,600,100.0,100.0,0.0,5619,1792,3
118.94476808683712,2601.284,7,9,2,12,100.0,60,41,80.0,80.0,1.0,937,1170,4
170.06284916968875,32051.535,4,9,6,12,90.0,60,750,100.0,100.0,0.0,5717,1587,3
232.4321567649775,18580.692903,994,12,4,12,82.0,45,538,100.0,82.0,10.0,7175,697,2
28.50614925675167,464.515,1,10,8,12,75.0,40,7,100.0,100.0,10.0,3887,1670,3
303.35607190133794,5574.18,5,9,6,12,65.0,72,150,100.0,100.0,30.0,7025,787,2
229.30547851242696,1161.2875,2,12,5,12,100.0,84,50,100.0,100.0,30.0,624,1407,4
357.5441874595606,2508.381,5,8,5,12,95.0,40,128,100.0,100.0,0.0,5155,1732,3
263.33679259757287,1207.739,1,10,8,12,100.0,50,65,100.0,100.0,0.0,4682,1879,3
189.7198601795966,3855.4745,2,14,8,12,80.0,60,60,50.0,100.0,30.0,1035,4179,5
191.93242381765995,46451.592903,994,10,6,12,100.0,64,1200,90.0,90.0,30.0,3050,2008,3
258.9525803679106,20903.175,995,15,6,12,78.0,66,400,70.0,76.0,15.0,5495,875,2
262.7754824082466,6967.725,5,9,8,12,85.0,60,250,100.0,100.0,0.0,4905,1401,3
195.13713221460375,348.38625,1,20,9,12,100.0,40,8,50.0,100.0,60.0,1190,864,4
97.31220298375727,464.515,2,8,3,12,100.0,40,7,100.0,100.0,20.0,3550,2256,4
223.08419006771004,1997.4145,3,9,6,12,100.0,40,32,100.0,100.0,10.0,8688,847,1
303.64843942746734,27870.9,6,15,8,12,100.0,55,1200,100.0,100.0,60.0,5993,1433,2
162.2609576072432,19509.63,3,12,7,12,70.0,71,350,80.0,70.0,60.0,6868,911,2
213.11965674345825,44593.44,995,12,2,12,88.0,100,500,90.0,90.0,20.0,5776,1330,2
163.78386548618047,18394.794,4,9,8,12,100.0,10,145,100.0,100.0,10.0,6117,625,2
125.04774340837577,55741.8,994,9,5,12,99.0,60,800,70.0,70.0,0.0,4355,1714,3
211.6772302265464,353.0314,2,10,7,12,100.0,42,8,100.0,100.0,0.0,2969,2436,4
130.37220144177184,32051.535,994,12,9,12,98.0,44,350,60.0,60.0,0.0,5274,988,2
124.31826423958972,385.54745,2,8,5,12,100.0,52,9,100.0,100.0,25.0,5626,1161,2
379.0536701531954,24154.78,995,9,3,12,90.0,60,600,90.0,90.0,20.0,5626,1341,3
213.7203557656364,10962.554,4,8,2,12,100.0,60,250,100.0,100.0,10.0,4475,1385,3
328.9307119949481,1393.545,1,10,7,12,100.0,60,20,100.0,100.0,20.0,1592,3337,5
147.39328596403416,16722.54,994,12,6,12,70.0,53,599,100.0,100.0,0.0,5665,1039,3
145.3443023480868,14678.674,4,13,8,12,69.0,65,695,97.0,97.0,20.0,2481,234,4
122.06729848600042,22761.235,994,12,2,12,90.0,60,300,80.0,80.0,0.0,2364,75,3
427.66604764610145,3390.9595,4,8,6,12,100.0,40,60,100.0,100.0,75.0,3539,866,3
169.3102382677575,176.5157,3,8,2,12,100.0,45,6,100.0,80.0,0.0,5266,1069,3
294.811572064501,11148.36,4,10,8,12,33.0,45,45,33.0,33.0,33.0,3236,2355,5
218.3528968674773,9847.718,5,12,7,12,75.0,54,100,60.0,75.0,50.0,860,1054,4
121.84352312451924,199.74145,2,12,7,12,100.0,48,4,100.0,100.0,75.0,3185,2175,4
442.2705523933566,557.418,1,8,4,12,100.0,40,18,100.0,90.0,0.0,3451,1993,4
200.2099103863579,19509.63,3,14,6,12,100.0,66,552,100.0,100.0,1.0,6221,875,2
223.5359202124797,9847.718,994,14,2,12,90.0,60,250,100.0,100.0,75.0,5514,1050,2
126.45968066155022,297.2896,1,8,8,12,100.0,50,6,100.0,50.0,4.0,3784,1775,4
196.94409716058175,19509.63,995,12,2,12,35.0,168,250,75.0,75.0,0.0,5474,1423,3
43.39411247878069,919.7397,1,16,6,12,100.0,168,26,100.0,100.0,20.0,4387,2053,4
326.65894516875477,7246.434,2,9,9,12,100.0,168,130,100.0,100.0,20.0,2121,2004,4
257.00297982304124,185.806,1,10,8,12,100.0,40,5,100.0,100.0,40.0,7706,242,1
114.15765997049132,38554.745,9,12,8,12,95.0,168,4000,100.0,100.0,45.0,7652,733,2
247.3299342595625,5759.986,7,8,5,12,85.0,90,100,100.0,100.0,50.0,5415,1465,3
213.4724583533363,232.2575,1,8,4,12,100.0,35,3,100.0,90.0,10.0,5090,1550,2
109.21447613962953,464.515,2,8,7,12,100.0,24,6,100.0,100.0,2.0,9051,679,1
121.94943347515988,167225.4,995,8,5,12,100.0,72,1200,75.0,75.0,50.0,7051,937,7
150.29899056994932,139354.5,995,11,4,12,93.0,60,2500,100.0,100.0,40.0,4851,1423,7
404.90735640015754,3390.9595,1,10,6,12,100.0,168,50,100.0,100.0,15.0,6811,811,2
152.64435326945133,22761.235,4,8,5,12,85.0,50,500,100.0,100.0,40.0,6652,1091,2
987.9687847758844,46451.592903,2,24,7,12,100.0,168,800,100.0,100.0,0.0,4197,1634,4
66.26909193258022,297.2896,1,8,8,12,100.0,32,4,100.0,100.0,0.0,4504,1732,4
314.76595879529543,27406.385,994,11,2,12,67.0,168,350,80.0,60.0,5.0,4851,1681,3
155.41642027520396,10219.33,3,10,9,12,100.0,40,510,100.0,100.0,33.0,6701,719,2
123.04402584893204,27870.9,995,13,8,12,80.0,54,700,33.0,100.0,15.0,949,881,4
113.19304674768308,789.6754999999999,5,10,2,12,80.0,24,4,100.0,50.0,20.0,4739,1643,3
155.0933542735434,3716.12,2,10,6,12,75.0,168,24,80.0,80.0,0.0,1345,3764,5
307.23468364929414,46451.592903,995,8,2,12,93.0,83,1450,90.0,90.0,20.0,6523,825,2
236.82456025153323,38554.745,8,11,2,12,50.0,50,200,100.0,30.0,0.0,4005,2129,3
155.25222738030527,297.2896,3,8,2,12,100.0,168,9,95.0,75.0,50.0,4784,828,2
145.15620750962475,26477.355,994,13,6,12,80.0,55,100,100.0,100.0,50.0,4688,1121,3
175.15040985999462,12077.39,3,9,4,12,100.0,50,225,90.0,90.0,0.0,5056,1967,3
223.27309071869777,45057.955,994,10,2,12,90.0,168,1500,100.0,95.0,35.0,5709,884,2
172.4732366504976,7896.755,6,12,8,12,79.0,65,175,100.0,100.0,15.0,5318,1757,3
504.9282079645041,882.5785,1,20,8,12,100.0,60,12,100.0,70.0,0.0,2934,2326,4
128.61948180403564,11519.972,3,9,6,12,80.0,50,300,80.0,80.0,20.0,6360,750,2
145.39627744557566,26477.355,995,12,6,12,93.0,85,1300,100.0,100.0,0.0,7217,974,1
221.52770736036516,21367.69,994,10,5,12,99.0,60,400,66.0,100.0,25.0,7401,863,1
118.02903528411356,222.9672,1,10,7,12,100.0,50,7,100.0,100.0,0.0,3775,1677,4
168.5899021142692,15236.092,4,12,8,12,100.0,65,490,100.0,95.0,0.0,5360,1388,3
186.0627418079659,25548.325,9,14,7,12,87.0,60,850,100.0,100.0,15.0,8592,824,1
81.97205617687266,371.612,2,10,4,12,65.0,50,5,60.0,60.0,60.0,2529,611,4
340.28377994088277,21367.69,4,13,2,12,100.0,60,500,100.0,100.0,50.0,6581,842,2
105.89647695983984,278.709,1,9,5,12,100.0,40,5,100.0,100.0,2.0,1121,4133,5
85.12126669330992,65032.1,995,13,8,12,95.0,70,2200,100.0,100.0,30.0,5932,1084,3
128.23991052575772,43664.41,995,13,6,12,86.0,60,2100,85.0,85.0,60.0,981,1999,4
292.5953577267569,3344.508,4,12,2,12,90.0,55,65,100.0,100.0,10.0,4327,1549,3
254.96635904568265,882.5785,2,10,7,12,100.0,50,18,100.0,37.0,0.0,4818,1469,3
159.97496912060473,4830.956,2,9,5,12,75.0,60,150,100.0,100.0,50.0,8290,633,2
275.50623537453043,15050.286,6,13,7,12,75.0,45,200,90.0,90.0,20.0,4437,1518,3
115.04296571105826,167225.4,995,9,6,12,80.0,59,3000,90.0,90.0,10.0,7611,1007,7
153.82262704440834,6967.725,5,9,2,12,100.0,80,250,95.0,95.0,0.0,2872,2060,4
156.7091401127492,14121.256,6,9,8,12,96.0,65,600,100.0,100.0,40.0,1047,1770,5
110.59324670580288,46451.592903,995,12,6,12,97.0,60,1378,100.0,100.0,50.0,2573,89,3
131.84030355237104,501.6762,5,9,2,12,100.0,40,8,100.0,100.0,0.0,6448,1541,3
293.5443183429351,6781.919,5,14,5,12,65.0,60,60,100.0,100.0,40.0,2837,1973,4
111.8618091988418,222.9672,1,8,8,12,100.0,40,3,100.0,100.0,5.0,5657,1592,2
181.4006647395116,45057.955,995,8,7,12,100.0,95,750,80.0,80.0,20.0,4029,1996,3
421.82568267076056,55741.8,8,15,2,12,60.0,60,1800,95.0,95.0,20.0,5335,1098,3
141.73754181482,167.2254,1,9,6,12,100.0,45,6,10.0,100.0,0.0,3248,1712,4
121.16743306315908,1741.93125,2,10,2,12,100.0,40,38,95.0,95.0,20.0,3618,2204,4
276.6284359219807,8082.561,3,10,6,12,60.0,50,80,100.0,75.0,10.0,7465,955,1
147.5551741443239,7710.949,1,10,6,12,75.0,50,35,75.0,75.0,40.0,2507,2918,5
310.400822679364,3901.926,1,10,7,12,100.0,40,130,100.0,100.0,100.0,7417,643,2
514.7397606107739,20438.66,8,10,8,12,90.0,168,350,80.0,80.0,30.0,2968,75,3
460.8818526985135,297.2896,1,8,8,12,100.0,40,8,100.0,100.0,60.0,2988,2382,4
101.64086153617704,16350.928,994,13,6,12,72.0,55,475,100.0,100.0,0.0,1249,2768,5
182.89405804010636,1858.06,1,10,7,12,100.0,50,25,100.0,100.0,25.0,5668,913,2
249.88836686414868,18580.6,7,9,9,9,100.0,168,650,100.0,100.0,75.0,2735,2403,4
177.36339343783902,836.127,1,18,5,12,100.0,45,56,100.0,100.0,5.0,1369,4318,5
77.3966854179587,120.7739,1,10,5,12,100.0,32,2,100.0,100.0,30.0,4231,1972,3
191.52986091168924,46451.592903,994,8,5,12,88.0,61,1173,82.0,82.0,5.0,2910,2002,3
146.38579114890138,436.6441,1,18,9,12,100.0,42,6,100.0,100.0,0.0,7539,684,2
80.17867099555451,929.03,3,14,3,12,40.0,40,6,15.0,15.0,5.0,5026,1035,3
110.43933116178248,1207.739,1,8,9,12,100.0,40,1,100.0,100.0,0.0,2079,1435,4
261.83424908448075,46451.592903,994,12,4,12,75.0,60,1400,100.0,100.0,63.0,3959,1852,3
256.09751932407687,1579.351,2,8,8,12,90.0,72,22,100.0,100.0,0.0,5586,1614,2
169.93340841825025,529.5471,1,12,6,12,67.0,40,13,100.0,100.0,100.0,5120,756,2
68.44687415700398,15979.316,3,9,6,12,100.0,45,600,100.0,100.0,35.0,1814,4355,5
137.04029414486538,21832.205,1,14,5,12,70.0,50,815,70.0,70.0,0.0,2656,2509,4
205.160530763628,5574.18,1,16,4,12,65.0,75,115,100.0,65.0,40.0,4299,1746,3
149.06804799536434,27870.9,9,9,8,12,100.0,60,1480,100.0,90.0,10.0,4412,315,3
192.3870562182491,23225.75,3,10,5,12,95.0,40,400,100.0,100.0,25.0,8652,865,1
260.92401769511093,20903.175,995,12,2,12,50.0,72,300,100.0,100.0,90.0,5245,1372,2
106.46964689394052,1138.06175,2,10,5,12,100.0,40,11,100.0,75.0,10.0,9118,548,1
167.72524059443123,668.9016,2,8,7,12,100.0,48,13,100.0,100.0,0.0,5371,1153,2
138.1764360115326,157935.1,8,10,2,12,75.0,60,2500,99.0,99.0,0.0,4626,1626,7
257.81155894173105,1021.933,3,15,3,12,85.0,45,37,100.0,50.0,0.0,6657,848,2
268.3546811950164,3065.799,1,9,6,12,100.0,50,58,100.0,100.0,0.0,8944,748,1
629.748659284439,20903.175,995,12,2,12,75.0,168,1200,100.0,90.0,75.0,4601,1512,3
168.43907251361563,34374.11,995,10,6,12,50.0,62,483,70.0,70.0,0.0,1529,4559,5
244.89173045404945,4738.053,6,12,6,12,100.0,70,80,100.0,100.0,30.0,4683,1471,3
62.14544955491212,343.7411,1,10,2,12,100.0,60,6,100.0,25.0,25.0,5615,1691,2
236.4130983158632,40877.32,995,10,8,12,96.0,40,746,90.0,90.0,20.0,5408,1274,3
263.26513387115597,23225.75,3,10,7,12,90.0,68,1100,100.0,100.0,10.0,2796,2907,5
152.31324972214748,27870.9,4,10,6,12,75.0,50,300,100.0,100.0,70.0,988,1157,4
172.7467414073134,20438.66,994,12,5,12,90.0,48,630,100.0,100.0,0.0,1938,4128,5
290.46491322266235,297.2896,2,8,6,12,100.0,48,15,100.0,100.0,20.0,6569,560,2
231.1281165813171,2833.5415,3,10,4,12,50.0,80,45,100.0,100.0,20.0,7264,708,2
150.7789511282377,139.3545,1,9,6,12,70.0,40,2,60.0,70.0,20.0,3298,2035,3
172.61701179028603,789.6754999999999,2,16,2,12,100.0,35,2,100.0,100.0,33.0,6096,1004,2
140.01487948228123,2740.6385,7,9,2,12,67.0,45,45,85.0,67.0,30.0,6275,375,2
141.14927793422257,1207.739,2,10,8,12,100.0,40,12,100.0,100.0,50.0,2343,2826,4
98.8735936483389,19974.145,995,8,6,12,93.0,168,477,80.0,100.0,50.0,5269,997,2
124.59802111034398,1300.642,2,10,4,12,80.0,40,20,100.0,100.0,0.0,5726,1196,2
370.6001747879893,32516.05,995,13,6,12,80.0,60,600,100.0,97.0,50.0,5214,1432,3
295.25392313408304,32516.05,2,15,5,12,75.0,168,300,70.0,70.0,0.0,2463,2152,4
97.67140578524555,278.709,1,9,8,12,100.0,50,5,100.0,100.0,0.0,7883,576,1
176.0015493427195,13935.45,3,10,3,12,100.0,55,600,100.0,7.0,30.0,887,1352,4
650.3133281185754,464.515,2,8,4,12,100.0,70,8,90.0,60.0,20.0,7676,602,1
329.3445561423303,5109.665,1,8,6,12,100.0,132,425,100.0,100.0,25.0,1061,4212,5
122.40461121330851,9290.3,4,9,6,12,75.0,60,65,75.0,50.0,50.0,5630,1279,3
807.4994610755185,167225.4,995,15,6,12,95.0,168,7500,100.0,100.0,25.0,7224,747,7
237.76933122145323,13935.45,5,9,8,12,100.0,68,500,100.0,100.0,15.0,5946,1746,3
200.27682060097575,9847.718,5,9,6,12,100.0,80,225,100.0,100.0,10.0,2405,2542,4
210.4372322735716,46451.592903,994,11,8,12,100.0,120,900,100.0,100.0,25.0,5710,1348,2
61.1789178169106,1672.254,1,9,7,12,80.0,50,60,100.0,100.0,33.0,7114,1408,3
155.1110184970772,2461.9295,2,10,6,12,100.0,40,50,100.0,100.0,10.0,1426,4246,5
87.71546823127228,16536.734,8,12,5,12,100.0,85,300,90.0,90.0,0.0,1531,3556,5
98.80551230220516,789.6754999999999,2,15,2,12,50.0,40,2,100.0,50.0,20.0,4675,1845,3
146.4686513415263,5109.665,2,9,8,12,80.0,40,30,80.0,80.0,0.0,6360,1054,2
241.7112467151381,23690.265,9,14,5,12,80.0,71,200,100.0,100.0,0.0,2148,3189,5
195.89381352593568,139.3545,1,8,8,12,100.0,32,1,100.0,100.0,0.0,4402,1651,3
77.34593629363961,23225.75,4,20,2,12,80.0,60,300,85.0,100.0,50.0,6132,962,2
232.81708127242393,139354.5,995,13,6,12,100.0,50,7500,90.0,90.0,2.0,5058,1308,7
336.3867028120267,65032.1,995,9,4,12,97.0,120,2000,100.0,100.0,15.0,4505,1554,3
166.5035690133078,27870.9,4,10,2,12,100.0,50,400,100.0,100.0,25.0,6144,879,2
254.5588219595741,18023.182,6,14,8,12,100.0,80,810,100.0,100.0,15.0,5737,1013,2
478.34184221146535,157935.1,994,12,7,12,95.0,168,7500,75.0,75.0,10.0,4420,1678,7
689.7148713853782,176.5157,1,8,8,12,85.0,70,12,100.0,100.0,10.0,7999,675,2
213.3356708449919,26477.355,995,9,6,12,95.0,65,650,90.0,90.0,25.0,1507,3659,5
76.33086632926417,45057.955,994,14,5,12,95.0,65,1000,85.0,85.0,0.0,1287,1952,4
237.63773218572064,14121.256,1,12,4,12,85.0,168,500,90.0,90.0,40.0,4014,1799,3
187.2741800859439,20903.175,4,13,6,12,30.0,60,60,100.0,100.0,20.0,5696,774,3
254.38350754105213,20438.66,4,10,9,12,100.0,64,1100,100.0,100.0,30.0,2688,2833,5
208.75738474983623,26477.355,995,9,6,12,95.0,60,741,100.0,100.0,5.0,3531,2153,4
345.9307026204598,65032.1,995,11,2,12,85.0,168,2750,90.0,80.0,0.0,6062,1444,3
240.84043105174217,29264.445,994,9,5,12,90.0,55,595,82.0,82.0,10.0,4164,1984,3
273.6728442392995,1021.933,2,30,7,12,100.0,72,45,100.0,100.0,0.0,4568,409,3
364.8385298119359,8639.979,3,10,2,12,100.0,168,240,100.0,97.0,40.0,4783,1179,3
58.6005000604317,22761.235,2,14,4,10,100.0,45,53,100.0,100.0,5.0,984,922,4
105.05080988423413,7432.24,8,10,5,12,71.0,50,150,100.0,100.0,30.0,1543,2864,5
540.3863929619584,16165.122,994,10,5,12,90.0,60,600,100.0,100.0,20.0,3835,1733,4
234.8206343151492,12263.196,9,9,2,12,95.0,168,64,100.0,100.0,0.0,5228,1287,3
82.83788634884414,55741.8,994,8,5,12,69.0,12,750,80.0,80.0,50.0,4789,2387,3
54.446542461356,16165.122,2,12,7,12,100.0,50,80,60.0,60.0,5.0,1073,1212,4
222.50510491300963,1393.545,2,12,5,12,100.0,60,12,100.0,100.0,50.0,4377,1331,3
163.83724650663797,9011.591,5,9,5,12,100.0,60,150,100.0,100.0,0.0,7673,705,2
295.30842545945774,13935.45,994,10,6,12,80.0,60,300,100.0,100.0,40.0,6321,1247,3
141.81816217090724,10776.748,4,13,8,12,70.0,64,180,100.0,90.0,25.0,649,1879,4
283.6801986641862,83612.7,995,12,4,12,99.0,65,2750,100.0,100.0,0.0,4120,1545,3
481.8418072509966,139354.5,995,13,6,12,90.0,65,7500,100.0,100.0,5.0,4880,1301,7
178.61906778245643,143.99965,1,20,4,12,100.0,60,6,90.0,100.0,0.0,2391,575,4
156.98028886128546,2322.575,2,8,4,12,100.0,48,20,100.0,60.0,20.0,5182,1554,3
389.24273357609025,19045.115,994,12,4,12,33.0,45,60,100.0,95.0,15.0,6283,1062,1
237.47191813900616,21832.205,995,12,5,12,80.0,120,300,77.0,77.0,0.0,2342,2352,4
107.01157061183952,1347.0935,3,9,8,12,100.0,40,12,100.0,100.0,10.0,5972,972,2
233.8217520835515,5109.665,2,10,3,12,80.0,48,26,100.0,70.0,0.0,9916,643,1
178.87525809081006,8825.785,8,12,2,12,90.0,60,180,100.0,100.0,0.0,5918,821,2
208.3717996028115,371.612,2,8,5,12,100.0,40,10,100.0,60.0,10.0,5073,1799,3
98.60037700475056,8732.882,994,12,9,12,80.0,60,350,71.0,71.0,55.0,4092,1596,3
231.2819629354196,10405.136,7,9,8,12,100.0,100,300,75.0,75.0,20.0,4377,322,3
181.3564510685204,29728.96,995,12,6,12,90.0,60,900,97.0,95.0,60.0,2311,96,3
224.79553276476545,18580.6,994,8,4,12,100.0,45,350,100.0,100.0,5.0,6429,935,2
150.9981547834425,483.0956,2,13,7,12,75.0,55,11,75.0,100.0,80.0,4761,381,3
157.53491055566496,1579.351,4,9,8,12,75.0,50,40,50.0,50.0,25.0,1807,1942,4
93.53363346716468,529.5471,1,8,5,12,100.0,40,12,100.0,100.0,0.0,8176,1053,2
235.16885653464297,5388.374,4,10,2,12,100.0,60,200,100.0,100.0,15.0,3128,1840,4
190.02397937046757,102.1933,1,8,6,12,100.0,16,3,100.0,100.0,5.0,1410,2960,5
290.411797790841,7432.24,994,8,7,12,100.0,168,107,70.0,70.0,50.0,4186,1550,3
185.8554820218212,15979.316,994,10,8,12,80.0,50,325,100.0,100.0,5.0,4597,1657,3
323.9969980423048,30657.99,3,10,8,11,100.0,50,300,95.0,95.0,10.0,1339,3207,5
123.12432071404224,55741.8,9,13,5,12,100.0,11,400,100.0,100.0,20.0,5561,1365,2
448.5429630694739,55741.8,2,10,6,12,60.0,168,900,98.0,80.0,0.0,6806,554,2
239.3605403035915,2647.7355,1,10,7,12,100.0,50,173,100.0,100.0,25.0,1855,1833,4
99.5442462250536,3019.3475,1,24,7,12,100.0,168,55,100.0,100.0,20.0,7363,752,2
181.86435704902289,1556.12525,2,9,8,12,95.0,45,21,100.0,100.0,0.0,8505,628,1
255.73854739723993,38554.745,995,14,6,12,93.0,40,800,95.0,100.0,5.0,790,1201,4
259.51172456106667,28799.93,995,12,6,12,85.0,168,1300,50.0,95.0,5.0,1150,1952,4
290.2510821159509,102.1933,2,10,2,12,100.0,40,3,100.0,100.0,0.0,6869,1306,2
362.4766937454152,6131.598,7,11,3,12,100.0,53,250,72.0,72.0,10.0,6683,1194,2
163.4462604828301,5109.665,2,10,8,12,100.0,50,30,50.0,50.0,10.0,2944,2653,4
292.2876098152554,278.709,3,10,2,12,100.0,40,4,66.0,66.0,0.0,3141,2669,4
138.87930679848876,185.806,1,10,8,12,100.0,30,1,50.0,100.0,0.0,2286,299,4
509.4729729645723,21832.205,4,10,6,12,95.0,10,400,100.0,92.0,15.0,5275,1493,3
75.2695398645409,36696.685,995,10,6,12,66.0,65,350,50.0,50.0,50.0,1310,3350,5
447.3498509830839,18023.182,6,9,8,12,100.0,65,420,100.0,100.0,30.0,5136,995,2
222.43140431218384,250.8381,2,8,8,11,100.0,55,6,100.0,100.0,40.0,7892,908,1
165.89260783570614,30657.99,5,12,2,12,60.0,90,200,85.0,75.0,40.0,4698,1689,3
209.7284684155697,55741.8,995,13,6,12,90.0,11,1600,100.0,90.0,0.0,4562,1513,3
258.18553405908506,31587.02,1,14,7,12,98.0,96,1700,98.0,98.0,3.0,7086,940,2
183.40034614321817,24619.295,994,8,6,12,78.0,65,350,100.0,100.0,15.0,2130,3545,5
101.83519934671504,41341.835,995,10,5,12,90.0,60,500,100.0,100.0,25.0,2165,2229,4
137.67734440308712,4645.15,2,12,5,12,100.0,100,17,90.0,100.0,0.0,8850,1000,1
148.8894697794661,21367.69,4,9,2,12,70.0,50,325,100.0,100.0,10.0,4305,1614,3
263.5905118731306,42270.865,995,9,6,12,65.0,60,733,90.0,90.0,65.0,3163,2106,4
383.7215472812145,696.7725,1,9,5,12,100.0,40,7,100.0,100.0,10.0,3234,2944,4
312.7921859147322,10219.33,4,10,2,12,100.0,50,420,100.0,95.0,45.0,7054,599,2
253.04094097883552,6874.822,2,20,8,12,100.0,50,282,100.0,100.0,25.0,1635,2850,5
159.19613691592306,19509.63,994,10,6,12,88.0,75,550,100.0,100.0,20.0,5706,759,2
180.29875320534012,18208.988,2,10,8,12,80.0,60,200,75.0,35.0,30.0,4150,1734,3
151.93300579636826,371.612,3,11,6,12,100.0,40,10,100.0,100.0,25.0,2785,2232,4
372.2047651880635,19509.63,994,10,8,12,87.0,60,800,100.0,100.0,10.0,7470,701,2
184.9512077625189,28799.93,8,13,8,12,94.0,60,600,100.0,100.0,75.0,5081,1362,3
162.41504872116195,10590.942,3,9,7,12,90.0,55,350,95.0,100.0,25.0,6367,651,2
119.78980851763448,26941.87,994,11,2,12,77.0,50,700,100.0,90.0,60.0,5710,916,2
140.51496241240866,650.321,2,9,6,12,100.0,44,5,100.0,60.0,20.0,9135,504,2
97.06557217650987,46451.592903,6,10,2,12,85.0,56,250,95.0,90.0,20.0,6838,1001,1
126.10373760445484,348.38625,2,8,5,12,95.0,40,8,100.0,100.0,40.0,5830,802,2
70.38287621228594,743.224,1,9,9,6,90.0,60,20,100.0,100.0,0.0,8153,560,1
482.8051888655989,3855.4745,2,10,8,12,90.0,50,50,100.0,100.0,20.0,3247,2003,4
103.43226623236006,863.9979,1,8,7,12,100.0,48,21,100.0,100.0,25.0,4549,730,2
236.6971434564546,167225.4,6,12,7,12,100.0,65,1800,100.0,100.0,25.0,6756,821,7
166.9877409510457,26012.84,6,12,8,12,90.0,40,600,95.0,95.0,0.0,2343,904,4
202.2910243423376,1463.22225,2,10,8,12,75.0,45,52,50.0,100.0,5.0,2934,2235,5
285.26381453689794,39019.26,5,9,7,12,100.0,44,700,90.0,90.0,15.0,2119,2362,4
52.133092075605745,4645.15,5,8,5,12,60.0,54,45,100.0,100.0,60.0,1254,3991,5
223.5454359852821,422.70865,1,15,5,12,40.0,35,1,100.0,100.0,0.0,7403,575,2
461.173389515588,9476.106,994,14,6,12,100.0,20,500,100.0,100.0,10.0,8096,16,1
226.6888202433968,7710.949,5,10,6,12,90.0,54,225,100.0,100.0,10.0,5178,1152,3
244.36859881356816,483.0956,2,10,5,12,50.0,52,6,100.0,100.0,10.0,5405,1747,3
210.72591865388273,55741.8,995,8,3,12,100.0,168,1800,100.0,100.0,20.0,5588,1255,3
420.704714408218,418.0635,1,10,2,12,100.0,45,6,100.0,60.0,30.0,5632,1145,2
236.67051847688415,32051.535,1,18,6,12,70.0,112,600,100.0,100.0,0.0,1648,3826,5
153.18568087651457,22296.72,4,9,7,12,45.0,12,1300,100.0,95.0,2.0,6478,701,2
190.9895661594759,10776.748,5,8,2,12,76.0,70,350,95.0,95.0,5.0,3648,2129,3
97.14564056058472,6596.113,4,11,8,12,95.0,168,200,100.0,100.0,70.0,4236,1478,3
180.02728459652664,83612.7,9,12,2,12,100.0,65,1532,75.0,75.0,10.0,4495,1754,3
78.383501717574,167225.4,995,13,7,12,90.0,77,3500,100.0,97.0,50.0,7264,1213,7
125.59479686698316,5852.889,4,12,6,12,100.0,40,250,85.0,85.0,50.0,5861,771,2
490.15914181027534,2322.575,4,10,2,12,100.0,72,16,100.0,75.0,0.0,4624,2042,3
199.66391218903976,283.35415,1,12,6,12,80.0,55,4,80.0,80.0,50.0,3876,2104,4
273.33482499668116,195.0963,1,8,7,12,100.0,65,5,100.0,100.0,0.0,3074,1710,3
179.1024621643076,139354.5,5,8,5,12,100.0,50,4500,100.0,100.0,10.0,6033,1102,7
189.39869853017575,17094.152,8,12,4,12,88.0,84,225,100.0,80.0,40.0,7458,960,1
141.9200838112417,176.5157,1,8,2,12,100.0,44,2,100.0,100.0,60.0,6441,757,1
246.7574369865135,28799.93,8,9,8,12,100.0,168,1063,100.0,100.0,0.0,5372,959,3
62.69592574513202,185.806,1,12,7,12,100.0,42,2,50.0,40.0,70.0,899,1162,4
81.19127647760392,15979.316,3,18,6,12,75.0,60,600,65.0,100.0,75.0,1639,4720,5
80.57440904120614,10776.748,8,9,5,12,65.0,15,180,85.0,85.0,75.0,5264,719,2
126.29890916678072,15607.704,5,14,8,12,75.0,60,250,80.0,80.0,10.0,836,1359,4
130.28532283635462,38090.23,995,9,4,12,65.0,55,800,75.0,75.0,25.0,1027,3328,5
150.1885167809436,185.806,1,8,9,12,100.0,45,3,100.0,100.0,10.0,9858,615,1
160.00594304774106,520.2568,2,12,5,12,100.0,48,16,100.0,100.0,2.0,2422,2824,4
125.60723393402168,5388.374,5,12,2,12,80.0,38,100,100.0,80.0,10.0,7755,672,2
235.20684352537057,7432.24,2,10,7,12,58.0,25,275,100.0,100.0,0.0,7423,1041,2
110.4238413093944,111.4836,1,8,6,12,75.0,40,3,100.0,100.0,75.0,1765,2066,4
53.696402394612306,222.9672,1,9,7,12,100.0,45,4,100.0,100.0,25.0,1521,2657,5
232.324584668556,32516.05,994,15,8,12,100.0,74,975,100.0,100.0,10.0,4446,1597,3
60.22316777111612,1161.2875,2,10,7,12,100.0,50,7,75.0,75.0,10.0,1355,2980,5
204.0893104066428,2229.672,2,10,8,12,100.0,45,45,100.0,80.0,70.0,2931,1855,4
400.2568157999595,10219.33,5,14,8,12,50.0,75,85,95.0,100.0,25.0,2198,2370,4
238.51560064189863,46451.592903,995,13,4,12,95.0,50,900,100.0,90.0,40.0,2169,3752,4
215.7999859518949,418.0635,3,10,6,12,100.0,45,8,100.0,100.0,20.0,5769,956,2
163.91189214636506,74322.4,995,11,6,12,85.0,67,1800,100.0,90.0,40.0,7486,1210,2
277.88795184224404,371.612,2,18,8,12,50.0,40,4,100.0,50.0,50.0,7279,733,2
185.99330208287145,74322.4,3,14,2,12,50.0,40,200,40.0,50.0,0.0,6551,837,2
191.95313744644957,7432.24,8,8,6,12,50.0,40,110,100.0,100.0,30.0,5054,1477,3
186.45390303776676,157935.1,5,9,3,12,63.0,60,2100,90.0,90.0,0.0,3776,1662,7
129.16850488470453,25083.81,994,12,8,12,95.0,11,900,100.0,100.0,50.0,3321,2002,3
125.1225019656703,22296.72,7,8,6,12,85.0,50,230,70.0,70.0,10.0,1837,310,4
358.18312851702626,3762.5715,3,9,5,12,100.0,40,120,100.0,100.0,0.0,2593,2283,4
94.642246998021,130.0642,1,8,7,12,50.0,40,2,50.0,50.0,50.0,2280,3399,4
287.1380811870984,26012.84,994,12,4,12,100.0,42,615,100.0,100.0,5.0,7751,656,2
192.6477390288796,185.806,1,12,2,12,100.0,40,2,50.0,50.0,75.0,2812,2309,4
311.74761468511144,5109.665,1,25,7,12,100.0,60,100,100.0,100.0,25.0,8014,764,2
227.91092333429833,529.5471,1,12,6,12,100.0,40,13,100.0,100.0,0.0,3251,2230,4
395.53808285037087,46451.5,995,10,2,12,100.0,168,2500,100.0,95.0,35.0,4721,1470,3
326.96622369078995,3065.799,3,12,5,12,100.0,40,62,90.0,90.0,40.0,1415,3906,5
136.4102309547113,3855.4745,2,9,5,12,50.0,40,25,100.0,50.0,4.0,6371,1091,2
281.71953039760075,4923.859,8,8,2,12,100.0,45,75,100.0,100.0,9.0,6012,844,2
111.30863408046864,29264.445,994,13,8,12,83.0,54,500,100.0,100.0,20.0,914,1076,4
163.91597830979285,2322.667903,1,10,7,12,96.0,45,35,100.0,100.0,40.0,3754,1946,3
289.5224790574578,148.6448,1,9,4,12,80.0,36,4,70.0,75.0,70.0,4375,2084,3
88.42009346863576,5574.18,3,12,8,12,60.0,50,90,100.0,100.0,30.0,5653,1953,3
218.36437822650197,13563.838,5,12,3,12,90.0,60,225,100.0,100.0,20.0,1199,3000,5
217.53521148478984,975.4815,3,12,6,12,100.0,60,40,100.0,100.0,5.0,4828,1254,3
119.12769341630027,2043.866,2,12,8,12,75.0,60,66,100.0,100.0,0.0,6137,1062,3
235.40411314833997,826.8367,1,10,8,12,100.0,45,15,100.0,33.0,0.0,7548,610,2
84.93836079647188,3112.2505,3,8,5,7,25.0,45,25,25.0,25.0,15.0,3232,2443,4
104.17958273223148,74322.4,994,11,8,12,68.0,64,1000,66.0,66.0,20.0,4038,2087,3
139.08835914050968,603.8695,2,8,6,12,50.0,50,12,100.0,50.0,5.0,9153,762,2
176.07141949672902,30193.475,995,10,5,12,100.0,68,2500,80.0,80.0,25.0,4304,1706,3
154.83115410447456,46451.5,995,12,2,12,80.0,45,1100,90.0,90.0,100.0,7230,1198,2
129.96249487677696,39948.29,995,14,7,12,100.0,55,1140,100.0,100.0,50.0,699,1350,4
119.06058665489816,278.709,1,8,8,12,100.0,42,5,100.0,100.0,0.0,4269,1448,3
202.03817962732967,3390.9595,1,10,7,12,50.0,25,50,100.0,40.0,25.0,7080,508,2
120.37843611805862,46451.5,6,16,7,12,65.0,40,1200,100.0,100.0,40.0,5796,993,3
192.9677586273925,46451.592903,995,12,6,12,42.0,72,1450,100.0,60.0,5.0,6291,1147,2
118.53460005540585,529.5471,3,7,8,12,100.0,50,10,100.0,100.0,25.0,4788,1647,3
148.4870068193554,65032.1,995,9,6,12,90.0,50,2300,100.0,100.0,30.0,2341,74,3
103.06131953176973,18580.6,2,9,3,12,98.0,100,100,100.0,100.0,0.0,4204,1755,3
165.62153475711224,27870.9,995,11,6,12,85.0,45,500,100.0,100.0,40.0,2273,3550,5
170.38501533330682,1138.06175,1,9,4,12,50.0,56,12,100.0,100.0,50.0,4496,1660,3
258.4514761611125,22296.72,995,12,6,12,96.0,12,850,90.0,90.0,60.0,5348,1311,3
330.48517739143756,5667.083,1,15,6,12,100.0,168,33,100.0,100.0,15.0,1578,3318,5
175.28397444879784,5574.18,4,9,5,12,90.0,65,200,90.0,98.0,10.0,1262,3498,5
112.31972967891244,2322.575,3,10,5,12,90.0,48,14,75.0,75.0,0.0,5416,1164,3
78.94314900586275,22296.72,994,10,6,12,60.0,60,400,60.0,80.0,60.0,4082,1729,3
337.01211697389544,287.9993,1,9,4,12,100.0,100,12,100.0,100.0,2.0,5216,1265,3
206.7075023023673,5852.889,2,15,8,12,80.0,85,200,80.0,80.0,30.0,5779,747,2
177.10287855733662,1138.06175,3,10,2,12,100.0,36,7,100.0,85.0,70.0,7710,676,1
188.38415109253745,9290.3,7,10,2,12,100.0,14,200,100.0,90.0,50.0,6495,728,2
184.5524267117316,464.515,1,10,8,12,100.0,32,7,100.0,100.0,75.0,4197,1596,3
80.43671656781805,22296.72,2,14,9,12,75.0,45,100,40.0,40.0,65.0,6859,1014,2
145.91761761524197,12634.808,7,10,6,12,81.0,55,500,100.0,100.0,5.0,1958,828,4
163.19352647137868,5667.083,2,14,7,12,100.0,50,200,100.0,100.0,25.0,992,1195,4
305.2619182642111,4645.15,3,12,6,12,90.0,70,125,100.0,100.0,5.0,5490,1063,2
308.07841234121884,74322.4,994,15,8,12,90.0,60,1532,85.0,80.0,35.0,5174,1355,3
166.35600647845035,15421.898,4,15,7,12,100.0,40,200,100.0,95.0,10.0,5431,1035,3
206.17472997012527,25548.325,5,10,6,12,95.0,50,886,100.0,100.0,0.0,4572,1894,3
190.9962093495228,14492.868,8,14,2,12,80.0,40,400,100.0,100.0,20.0,5658,587,2
180.27669359869972,22296.72,6,18,6,12,95.0,60,677,90.0,100.0,75.0,1051,1501,4
119.009211881517,130.0642,1,8,5,12,100.0,40,3,100.0,100.0,50.0,3800,958,3
98.2458542076076,14678.674,4,8,7,12,100.0,45,510,100.0,100.0,80.0,1383,3865,5
331.56674713520164,28335.415,7,9,8,12,100.0,60,1000,100.0,100.0,15.0,3988,1492,3
198.21108695006265,55741.8,995,13,6,12,80.0,60,1450,85.0,85.0,0.0,8394,937,1
129.2757689696282,7618.046,6,8,6,12,100.0,50,205,100.0,100.0,20.0,4357,2084,4
153.07034864128642,520.2568,1,10,6,12,100.0,40,15,100.0,100.0,0.0,3510,1818,4
143.66363198363285,2647.7355,1,10,8,12,70.0,40,173,100.0,70.0,55.0,1184,3593,5
216.21800060104937,5202.568,6,12,8,12,60.0,50,130,100.0,45.0,85.0,2105,3562,5
168.47399286544646,2601.284,2,9,7,12,100.0,40,10,100.0,100.0,60.0,2021,3128,4
172.5436457484413,19974.145,5,10,6,12,95.0,55,300,100.0,100.0,25.0,2423,2503,4
74.98833171956619,3251.605,2,10,6,12,70.0,60,45,100.0,100.0,10.0,5170,1043,3
194.33424665532868,23225.75,994,11,6,12,75.0,60,350,90.0,100.0,10.0,8311,864,1
220.9890479340276,46451.592903,994,7,4,12,100.0,60,800,75.0,75.0,100.0,4261,1776,3
417.58304684121777,134.70935,1,9,8,12,100.0,40,4,100.0,100.0,20.0,3682,2082,4
458.6909283421336,241.5478,2,8,4,12,100.0,168,8,90.0,100.0,5.0,2362,2489,4
379.8567660583408,28335.415,995,9,6,12,80.0,60,350,100.0,100.0,60.0,4294,1718,3
110.13175615130748,46451.592903,995,13,6,12,73.0,55,1000,100.0,100.0,0.0,1011,3991,5
159.4895074733423,9104.494,3,12,5,12,95.0,50,120,100.0,90.0,10.0,1646,2919,4
303.7254972468197,9290.392903,995,13,7,12,100.0,70,315,100.0,100.0,30.0,4843,1438,3
370.28972749312663,30657.99,995,9,8,12,95.0,85,325,100.0,100.0,50.0,1539,3887,5
130.21709585969174,31587.02,995,14,5,12,85.0,54,458,100.0,100.0,10.0,834,1037,4
193.80407201298368,334.4508,2,20,2,12,100.0,40,4,100.0,100.0,25.0,5309,970,2
81.90670434417153,6224.501,2,9,7,12,95.0,45,150,45.0,10.0,25.0,1227,835,4
105.9168384130858,408.7732,1,8,5,12,100.0,45,7,100.0,100.0,0.0,5641,946,3
227.86701096471776,538.8374,1,14,5,12,100.0,40,15,100.0,100.0,15.0,6561,844,2
452.0668203653273,139354.5,995,13,7,12,95.0,168,2500,100.0,100.0,0.0,4088,1491,7
179.34048975140738,148.6448,1,8,7,12,100.0,40,2,100.0,100.0,75.0,4293,1890,3
279.78070665102314,1021.933,1,8,4,12,100.0,40,27,100.0,100.0,30.0,3433,2473,4
204.8222534180813,6503.21,2,10,7,12,100.0,50,40,95.0,75.0,10.0,7211,620,1
55.185008537712505,1556.12525,2,9,5,12,100.0,50,20,100.0,100.0,50.0,7536,706,2
92.66086319422767,139.3545,1,10,8,12,100.0,40,2,100.0,100.0,0.0,3699,2400,4
187.3622397817838,15793.51,1,8,3,12,100.0,40,350,100.0,80.0,20.0,5238,1224,3
121.2599894985018,10776.748,4,13,8,12,80.0,65,150,100.0,90.0,20.0,604,1717,4
125.00043950224344,603.8695,2,30,7,12,90.0,60,16,100.0,50.0,40.0,2679,184,4
123.88367004490512,102.1933,1,12,4,12,100.0,24,3,100.0,100.0,35.0,2370,3410,4
344.99478815863904,22761.235,4,8,5,12,69.0,16,500,100.0,100.0,10.0,6627,1182,2
155.0706460442942,22761.235,994,11,9,12,65.0,55,1350,100.0,100.0,30.0,3704,2020,3
154.21214171328467,10405.136,4,8,8,12,75.0,40,50,100.0,100.0,20.0,1239,2828,5
211.27725534652032,20903.175,994,9,5,12,95.0,65,1000,100.0,100.0,50.0,1151,3917,5
101.0446710358055,659.6113,2,10,7,12,100.0,45,8,100.0,100.0,20.0,7404,747,2
333.76594802990087,29728.96,5,10,7,12,70.0,168,250,100.0,100.0,0.0,3057,2511,4
119.93492560440708,28335.415,994,9,8,12,98.0,40,900,70.0,70.0,64.0,5190,1055,2
593.6009648298141,17651.57,7,14,3,12,100.0,168,244,100.0,90.0,5.0,4603,1491,3
208.6490607510686,1068.3845,1,9,6,12,100.0,40,40,100.0,100.0,10.0,2298,2344,4
296.0716809391588,139354.5,995,12,4,12,98.0,168,2400,100.0,100.0,20.0,4666,1476,7
313.0563877198082,111.4836,1,8,6,12,100.0,45,2,100.0,100.0,20.0,3529,2006,3
137.87766996680102,65032.1,994,9,6,12,90.0,50,400,100.0,90.0,20.0,5207,975,2
163.3555729985588,21832.205,994,14,6,12,100.0,65,660,100.0,100.0,25.0,986,1202,4
230.84332076395097,2090.3175,1,14,6,12,70.0,55,50,100.0,100.0,5.0,6646,842,2
190.1490159002596,4598.6985,2,11,7,12,100.0,50,200,100.0,100.0,10.0,2270,3292,4
110.13454114930028,1416.77075,1,10,7,12,90.0,40,15,100.0,100.0,20.0,4247,1906,3
191.17086451280727,222.9672,1,20,3,12,100.0,168,6,100.0,100.0,50.0,7241,763,1
155.54119317375853,3855.4745,2,12,2,12,100.0,60,60,100.0,100.0,20.0,4228,1455,3
161.20803012461027,139.3545,1,10,3,12,100.0,40,4,100.0,100.0,0.0,1734,2722,5
137.10601242081796,14864.48,4,16,6,12,75.0,60,200,100.0,95.0,20.0,2310,693,4
216.8204892427586,23225.75,8,9,5,12,85.0,65,700,100.0,100.0,25.0,2665,2467,4
188.42271492023585,34838.625,995,12,2,12,85.0,60,850,100.0,95.0,38.0,5632,1268,3
336.74174534105777,1602.57675,4,18,8,12,100.0,40,20,100.0,100.0,10.0,1548,4182,5
150.72760139129585,1672.254,1,8,3,12,100.0,40,9,100.0,90.0,10.0,2713,2196,4
192.5931435679508,27870.9,994,14,2,12,100.0,65,1100,95.0,95.0,20.0,7540,1181,1
490.1516880771287,14492.868,9,15,6,12,100.0,65,700,80.0,95.0,10.0,799,1426,4
328.6659792214474,36696.685,995,14,5,12,90.0,168,400,100.0,100.0,50.0,4328,1500,3
138.7056867503593,23690.265,995,14,4,12,65.0,65,350,50.0,90.0,50.0,1349,4695,5
118.81197481295136,5852.889,2,14,7,12,80.0,55,250,100.0,100.0,20.0,680,1434,4
241.93615052182827,7896.755,4,10,5,12,100.0,40,200,100.0,100.0,20.0,2261,1656,4
65.35261742534328,278.709,1,10,5,12,100.0,45,6,100.0,100.0,20.0,4601,778,3
356.3674833262804,65032.1,995,14,6,12,100.0,70,2400,100.0,100.0,0.0,4721,1541,3
218.81373063800916,10033.524,5,10,5,12,65.0,67,450,100.0,100.0,50.0,5554,1210,2
154.689459038117,25548.325,8,12,2,12,80.0,50,300,80.0,80.0,25.0,5037,952,2
69.47566831713365,278.709,1,10,9,7,33.0,50,4,100.0,100.0,40.0,4054,1643,3
152.24927084877757,46451.592903,995,12,6,12,85.0,60,2500,90.0,90.0,0.0,1214,3264,5
108.3867954923594,55741.8,9,9,3,12,97.0,70,465,90.0,90.0,0.0,3656,2148,4
198.92095938344295,20903.175,995,12,5,12,100.0,50,200,58.0,58.0,30.0,6598,857,2
61.43137275228525,13378.032,7,12,5,12,98.0,40,300,100.0,100.0,5.0,5446,771,2
43.81426945052265,195.0963,1,10,8,12,100.0,40,3,25.0,100.0,10.0,2063,1410,4
130.12681256080182,21832.205,4,10,8,12,90.0,60,646,50.0,50.0,40.0,1314,4194,5
150.8023274589957,8454.173,2,10,6,12,100.0,50,100,100.0,100.0,20.0,4779,2081,3
173.64755232452413,10590.942,4,9,6,12,65.0,50,180,100.0,100.0,15.0,4511,1212,3
122.13768509958751,39948.29,995,13,6,12,85.0,64,1200,80.0,80.0,20.0,4255,307,3
177.103477871166,35767.655,4,10,2,12,100.0,12,400,100.0,100.0,70.0,6665,1008,2
247.7890434618457,24619.295,995,9,5,12,99.0,60,549,100.0,100.0,25.0,6681,730,2
286.9352029914914,5016.762,3,9,2,12,100.0,65,275,100.0,100.0,0.0,3227,1721,4
303.93913605447466,11334.166,5,14,6,12,95.0,168,300,100.0,100.0,0.0,2984,2117,4
