method,n,p,replication,MSE_signal,FPR,bulk_ESS,converged_alpha,rhat_max,converged_ok
AEH,100,200,0,0.9493599099309933,0.968421052631579,22.223261054011036,0.7182466335539838,3.1950003311811366,False
Horseshoe,100,200,0,0.04549811172707371,0.3368421052631579,65.92072342220581,,1.0544427344551357,False
AEH,100,200,1,0.8590398274054676,0.968421052631579,21.529614413707794,0.7337352099283846,2.800832996964715,False
Horseshoe,100,200,1,0.053745179367111914,0.4052631578947368,60.073206449944735,,1.0852774937304666,False
AEH,100,200,2,2.0851233166986654,0.9947368421052631,22.11570694263385,0.7006335301357388,2.468827325718932,False
Horseshoe,100,200,2,0.04013019543065695,0.30526315789473685,68.01566139597413,,1.04752791590388,True
AEH,100,200,3,4.185298879178624,0.9789473684210527,21.434534524958572,0.7127952452676006,2.9514707911382883,False
Horseshoe,100,200,3,0.022230959152736835,0.34210526315789475,68.5913899856396,,1.058173678448077,False
AEH,100,200,4,1.1856276243093191,0.9789473684210527,22.48955426466487,0.7341298389351492,3.2631134889854114,False
Horseshoe,100,200,4,0.0424045240165266,0.35789473684210527,68.58679521065618,,1.0304280874182599,True
AEH,100,200,5,0.8671789534325735,0.9631578947368421,22.27356129521346,0.7354060020185841,2.673257242720311,False
Horseshoe,100,200,5,0.05080263000425479,0.34210526315789475,66.83089306470484,,1.0501559371637073,False
AEH,100,200,6,6.920142031901955,0.968421052631579,21.778116165322118,0.7191208265068348,2.8464663860089825,False
Horseshoe,100,200,6,0.05924490552531525,0.23157894736842105,67.92329617750062,,1.0403710936331043,True
AEH,100,200,7,4.109198779431123,0.9578947368421052,21.85465222041178,0.7098211443333913,2.5667365418349757,False
Horseshoe,100,200,7,0.029018409650099265,0.33157894736842103,64.01866164698691,,1.0472509985592813,True
AEH,100,200,8,0.9798629086871203,0.9842105263157894,21.389556457297182,0.7203003404903693,3.0209243759857225,False
Horseshoe,100,200,8,0.036495505305932,0.3894736842105263,65.47174710589475,,1.0484620873071202,True
AEH,100,200,9,1.3259469883863566,0.9526315789473684,22.09796368909689,0.7240123853698768,3.000380054478975,False
Horseshoe,100,200,9,0.09768760144632184,0.4105263157894737,64.12906264684929,,1.0512608760569069,False
AEH,100,200,10,2.698895467304689,0.9578947368421052,21.942521444272497,0.7384989028347804,2.9947820573561224,False
Horseshoe,100,200,10,0.05915963701882476,0.3263157894736842,59.807211787047706,,1.0657355407405449,False
AEH,100,200,11,3.3316560951201204,0.9578947368421052,21.508917424225643,0.7210067921453861,2.874687290162242,False
Horseshoe,100,200,11,0.07292103707895092,0.3894736842105263,66.13714581865847,,1.0494278434020037,True
AEH,100,200,12,8.129722836083808,0.9631578947368421,21.669902975694704,0.7303159875085229,2.757465279776032,False
Horseshoe,100,200,12,0.08551198603508121,0.35789473684210527,64.11665683255345,,1.041193651467538,True
AEH,100,200,13,1.6812041372663888,0.9473684210526315,21.963806599110068,0.7197136080778099,2.9028270251602706,False
Horseshoe,100,200,13,0.11935014794758037,0.35789473684210527,64.13328962569084,,1.0819398751448088,False
AEH,100,200,14,1.2950749803072776,0.9789473684210527,21.226889855398657,0.7414429836865032,2.7587563289026242,False
Horseshoe,100,200,14,0.06622910537846434,0.34210526315789475,63.615477679997454,,1.0458870476235071,True
AEH,100,200,15,1.0925970157665665,1.0,21.664478695999424,0.714662931655719,2.816507343053982,False
Horseshoe,100,200,15,0.03918132487407562,0.3526315789473684,70.10770657526973,,1.0447130805479952,True
AEH,100,200,16,0.8766890883079016,0.9789473684210527,22.029833817451525,0.6852231202947356,3.0096027752408285,False
Horseshoe,100,200,16,0.01446360981051673,0.3526315789473684,65.25422587875626,,1.0736721793673143,False
AEH,100,200,17,2.1133374684553994,0.9631578947368421,21.443692600075018,0.7187340866567238,2.757657566232421,False
Horseshoe,100,200,17,0.055699640988650136,0.3684210526315789,65.38197338700039,,1.054953043772222,False
AEH,100,200,18,2.908184335437064,0.9894736842105263,21.813361447294348,0.7417988760397377,2.702448894529793,False
Horseshoe,100,200,18,0.0639068504509723,0.37894736842105264,64.59301210754568,,1.0418539782383573,True
AEH,100,200,19,1.573363888205991,0.9631578947368421,21.93901513595301,0.7107901016924232,2.584285870732654,False
Horseshoe,100,200,19,0.039706159907429685,0.2894736842105263,68.9732110388108,,1.0667545441237936,False
AEH,100,200,20,0.9230930558250969,0.9736842105263158,22.10287940259498,0.7202981920023045,2.851770712580767,False
Horseshoe,100,200,20,0.02516419791018911,0.2789473684210526,79.07261321887299,,1.034220521929131,True
AEH,100,200,21,2.143398719816843,0.9578947368421052,21.635987683430482,0.7190792760757188,2.6340277064463193,False
Horseshoe,100,200,21,0.08890755524240093,0.33157894736842103,63.91979920762362,,1.0632629949512205,False
AEH,100,200,22,0.9827701879748553,0.9789473684210527,21.95782772225848,0.7058925826369407,2.694443146505503,False
Horseshoe,100,200,22,0.10343201918770117,0.32105263157894737,65.51491679131492,,1.0466006074392349,True
AEH,100,200,23,4.798092698958241,0.968421052631579,21.541339251684466,0.7157431381920396,2.7257618934578636,False
Horseshoe,100,200,23,0.03965843733273187,0.3473684210526316,68.13053140526324,,1.0534532940131878,False
AEH,100,200,24,2.052780385826101,0.9842105263157894,22.699718648691825,0.7052277235630408,3.0948717356156057,False
Horseshoe,100,200,24,0.02766927827894889,0.3684210526315789,58.545887560828504,,1.0728698329680821,False
AEH,100,200,25,2.9806584678855224,0.9789473684210527,22.10579038118608,0.7102095092422536,2.943822607629399,False
Horseshoe,100,200,25,0.035282232084279844,0.3526315789473684,64.88653359369508,,1.03968883442095,True
AEH,100,200,26,1.504664352574372,0.968421052631579,21.62203989157816,0.7339183722446545,2.8736080563808417,False
Horseshoe,100,200,26,0.05265081816669011,0.34210526315789475,65.5713203775698,,1.05662404794631,False
AEH,100,200,27,2.5810074922409707,0.9894736842105263,22.065996848787037,0.7193814913630966,2.744570048191099,False
Horseshoe,100,200,27,0.07127692806947164,0.3631578947368421,78.60946767584815,,1.039155634022564,True
AEH,100,200,28,2.4145193761312993,0.968421052631579,21.880266882390696,0.7180527793510886,3.106515260918699,False
Horseshoe,100,200,28,0.05018649367263609,0.2894736842105263,69.59197551571415,,1.0458276513223905,True
AEH,100,200,29,0.8853781791944794,0.9473684210526315,21.88471391815061,0.709127027549685,2.9479804212734266,False
Horseshoe,100,200,29,0.029308616868675984,0.32105263157894737,64.70861620606328,,1.053313064566446,False
AEH,100,200,30,1.2153041973799927,0.968421052631579,22.354043702949507,0.701205801152216,3.115298064551284,False
Horseshoe,100,200,30,0.042291781533135085,0.3473684210526316,68.8965347597352,,1.0486904982552134,True
AEH,100,200,31,0.8379180555121628,0.9631578947368421,22.183331223018467,0.7062970628356152,2.988302200351888,False
Horseshoe,100,200,31,0.051210792203316,0.32105263157894737,67.73459370810605,,1.0529494899013663,False
AEH,100,200,32,0.9224053170996532,0.9736842105263158,21.378043275600408,0.7180846148085425,2.5900367363224,False
Horseshoe,100,200,32,0.029037609348925592,0.35789473684210527,66.32570247330631,,1.0541341754436893,False
AEH,100,200,33,0.8783673806850629,0.9789473684210527,22.640287627232375,0.7146402845839567,3.04212625396287,False
Horseshoe,100,200,33,0.03006399665164235,0.3,68.5007385741429,,1.0570148590881072,False
AEH,100,200,34,1.0312342707845574,0.9631578947368421,21.970573125255534,0.6897828611174953,2.8680305249057167,False
Horseshoe,100,200,34,0.04404795314343056,0.38421052631578945,69.23587019733371,,1.0486059000322854,True
AEH,100,200,35,0.7398091054651618,0.9736842105263158,21.550808294653507,0.7125350640308792,2.729675246313385,False
Horseshoe,100,200,35,0.04025939199194551,0.3368421052631579,64.28237000904825,,1.0596540686585212,False
AEH,100,200,36,0.9003992224764797,0.9578947368421052,22.11786824568229,0.7250311517635801,2.9429553897590615,False
Horseshoe,100,200,36,0.07158052180632049,0.3368421052631579,73.85920070423758,,1.0340727297869319,True
AEH,100,200,37,10.086605539375892,0.9789473684210527,21.385517110166035,0.7228552030117671,2.6992066598375684,False
Horseshoe,100,200,37,0.04229579463100267,0.3368421052631579,68.60329543151856,,1.04465849717884,True
AEH,100,200,38,2.5304246877293086,0.968421052631579,21.595766545900506,0.7245619950362456,2.8235818587526658,False
Horseshoe,100,200,38,0.04885358118280007,0.4,55.36943771182641,,1.0955885822480074,False
AEH,100,200,39,0.8561399982177443,0.9736842105263158,22.3920929571541,0.6889941219860901,2.785914097766053,False
Horseshoe,100,200,39,0.04935664542010586,0.2894736842105263,67.69337256150294,,1.0592693670477311,False
AEH,100,200,40,1.814023760309811,0.9789473684210527,21.811642594421564,0.7049028838987655,2.7711850764196324,False
Horseshoe,100,200,40,0.05014038072061916,0.2789473684210526,79.87459384716314,,1.047337668309032,True
AEH,100,200,41,1.4912029062251342,0.968421052631579,21.82772404407152,0.6920316642280886,2.525120138375629,False
Horseshoe,100,200,41,0.02414078166943167,0.3526315789473684,64.90736743936823,,1.055149751579093,False
AEH,100,200,42,3.389630195043042,0.9789473684210527,21.397538457602103,0.7167372388880775,3.1369584260228343,False
Horseshoe,100,200,42,0.023769952968303573,0.3368421052631579,59.063648979812335,,1.0648637768888114,False
AEH,100,200,43,3.1890359146772633,0.9789473684210527,21.84529980709527,0.7014521305853312,2.7434886199123163,False
Horseshoe,100,200,43,0.02998018043904584,0.30526315789473685,69.097424463703,,1.0557506196184148,False
AEH,100,200,44,2.8375532438234563,0.9789473684210527,21.78568923070302,0.7188807250345932,2.9651045101033384,False
Horseshoe,100,200,44,0.04201317006979228,0.38421052631578945,68.2624715901178,,1.0409483452455384,True
AEH,100,200,45,1.3297663891335125,0.9736842105263158,21.690248670131712,0.7132422900528756,2.5755531587939116,False
Horseshoe,100,200,45,0.06151541674236728,0.3473684210526316,69.19550543471527,,1.0986602553028628,False
AEH,100,200,46,1.1791829784149006,0.9842105263157894,22.009867287181816,0.7162316084656764,2.5345056212261987,False
Horseshoe,100,200,46,0.05011873776247453,0.33157894736842103,69.7171683373475,,1.0417643086647828,True
AEH,100,200,47,1.3130141902820576,0.9421052631578948,21.61770075303187,0.7277581593392626,2.9097875360283134,False
Horseshoe,100,200,47,0.057709205111781015,0.3631578947368421,65.8203529166207,,1.049687179765524,True
AEH,100,200,48,3.377754059329426,0.9789473684210527,21.874073711380415,0.7402673320896146,2.9238623230124836,False
Horseshoe,100,200,48,0.02127374918794309,0.3105263157894737,68.88701435846654,,1.0732630211911542,False
AEH,100,200,49,0.838279474218383,0.9789473684210527,22.432996126214267,0.7099332591911524,3.2988707461394102,False
Horseshoe,100,200,49,0.036435225005814656,0.35789473684210527,69.30796258696078,,1.05515977057646,False
AEH,200,200,0,1.13093248477905,0.8105263157894737,41.711234615673575,0.5338564486872724,1.1009721483876436,False
Horseshoe,200,200,0,0.08656474314921947,0.5842105263157895,87.63983033755625,,1.0411398146751407,True
AEH,200,200,1,1.287499103171736,0.868421052631579,40.31351084444381,0.524397768944522,1.37711887477463,False
Horseshoe,200,200,1,0.09641149306860879,0.6263157894736842,80.95431789590835,,1.0479072106691476,True
AEH,200,200,2,2.36302868277506,0.9052631578947369,34.4346907410921,0.4980381752592469,1.3770349254826058,False
Horseshoe,200,200,2,0.12787216828712594,0.6578947368421053,91.96786884371294,,1.026614959232331,True
AEH,200,200,3,1.0242907787933797,0.8842105263157894,33.88769081963685,0.5164584191311441,1.13005168802882,False
Horseshoe,200,200,3,0.11198588429339691,0.6,88.6098097926389,,1.0278551026208895,True
AEH,200,200,4,0.9967027025852527,0.8052631578947368,44.44821623576603,0.5342593199177658,1.0817917832796087,False
Horseshoe,200,200,4,0.03887485214468646,0.43157894736842106,85.73140352810941,,1.0314566812810881,True
AEH,200,200,5,2.6734040610101952,0.9157894736842105,35.554140916182305,0.5210660034697541,1.4562421574747013,False
Horseshoe,200,200,5,0.141872026007965,0.6210526315789474,88.65423078078783,,1.043952906928621,True
AEH,200,200,6,1.327366433318797,0.9368421052631579,35.86938105867711,0.49347791434087446,1.393400181761032,False
Horseshoe,200,200,6,0.11900061618314547,0.6368421052631579,88.06415934701162,,1.0891263373716205,False
AEH,200,200,7,1.1257123682586099,0.8052631578947368,38.43415282963635,0.5296983570554221,1.1454426196345187,False
Horseshoe,200,200,7,0.21265511344243082,0.5789473684210527,70.75255687497362,,1.049221542655254,True
AEH,200,200,8,1.131303770644228,0.8578947368421053,39.915257897055525,0.49463098723206245,1.1949948718444903,False
Horseshoe,200,200,8,0.21812606558868639,0.6631578947368421,90.510430704238,,1.0395418077719163,True
AEH,200,200,9,1.3653382674575296,0.9105263157894737,34.04811978592734,0.47916336270387827,1.198569949678343,False
Horseshoe,200,200,9,0.19786545329373534,0.6,78.75601313888886,,1.0378348704072784,True
AEH,200,200,10,0.7643605012191376,0.8473684210526315,32.07924743711047,0.519340791365655,1.5616807204794978,False
Horseshoe,200,200,10,0.0987548338636269,0.5,72.93560503642848,,1.0581271173039966,False
AEH,200,200,11,0.953652909882225,0.8,40.690488623027065,0.5471900391138604,1.7044090434240857,False
Horseshoe,200,200,11,0.28500632262969805,0.5736842105263158,89.02501420895285,,1.0317830743225191,True
AEH,200,200,12,2.157696903050292,0.8526315789473684,40.72808286767156,0.5334350675485511,1.3065160785581404,False
Horseshoe,200,200,12,0.12657956242825108,0.5842105263157895,85.14357138651853,,1.0297809587389186,True
AEH,200,200,13,0.7183184549448354,0.7789473684210526,49.88768837196416,0.5343976891450373,1.087423960061665,False
Horseshoe,200,200,13,0.0357348420845095,0.5789473684210527,84.6536164686716,,1.0225802180186114,True
AEH,200,200,14,0.9047246436406781,0.8421052631578947,40.94575318103268,0.553713350680114,1.263961680530303,False
Horseshoe,200,200,14,0.08242208944028412,0.6736842105263158,72.89991408026398,,1.0478195431738515,True
AEH,200,200,15,0.8635722967068917,0.8894736842105263,33.69372260790779,0.5133551305892633,1.5522329289647434,False
Horseshoe,200,200,15,0.3883615499470883,0.5526315789473685,81.10668620159413,,1.0817513856787624,False
AEH,200,200,16,0.33824277517072876,0.6947368421052632,66.03964506168307,0.5193218240308356,1.062649038129498,False
Horseshoe,200,200,16,0.11390751241906709,0.5947368421052631,76.44421613972975,,1.0407725159420504,True
AEH,200,200,17,0.7296329792938662,0.8105263157894737,45.830339847563295,0.5329795348447907,1.2985296129279493,False
Horseshoe,200,200,17,0.14275477640809625,0.5368421052631579,80.7110692214278,,1.073524496178891,False
AEH,200,200,18,1.024014432875315,0.8263157894736842,51.02370597633565,0.5028650847493424,1.227777265194644,False
Horseshoe,200,200,18,0.2502358081568357,0.5368421052631579,83.28961513843107,,1.042858700169291,True
AEH,200,200,19,1.5865407875063917,0.8736842105263158,49.51011916447014,0.5137342326688641,1.3803791155047402,False
Horseshoe,200,200,19,0.2501523983028537,0.6631578947368421,88.51584282451729,,1.0412334675644008,True
AEH,200,200,20,0.8502022320653129,0.8368421052631579,40.96285814525312,0.526913554847969,1.3078012256411096,False
Horseshoe,200,200,20,0.11895870627794755,0.5842105263157895,87.86805652192957,,1.035018580732407,True
AEH,200,200,21,1.9011883315473437,0.9368421052631579,36.441558589542645,0.49908611483260634,1.073414026016084,False
Horseshoe,200,200,21,0.16994801156545997,0.6578947368421053,83.18531863589648,,1.0400546591586286,True
AEH,200,200,22,1.286818690860347,0.8894736842105263,32.40065195590153,0.5130076797135523,1.1969430607413574,False
Horseshoe,200,200,22,0.17724424578373008,0.6578947368421053,74.69344139133133,,1.029862205762231,True
AEH,200,200,23,0.8562395398353255,0.9052631578947369,37.08208916179408,0.5250802827800697,1.568895472043943,False
Horseshoe,200,200,23,0.036024066809062436,0.5473684210526316,85.40788161500053,,1.0555972189800087,False
AEH,200,200,24,0.958084185410258,0.8947368421052632,34.799548246651135,0.49746587737008435,1.1585741801635383,False
Horseshoe,200,200,24,0.10311392608446826,0.6473684210526316,83.65757416009747,,1.0327971572113548,True
AEH,200,200,25,0.9222750074220981,0.8473684210526315,45.915305380309775,0.5181400158363245,1.1869839309925083,False
Horseshoe,200,200,25,0.25568287403435974,0.6105263157894737,92.58708471993909,,1.0468161607021147,True
AEH,200,200,26,0.48846302633561,0.7526315789473684,41.87978006210203,0.5126531178988657,1.1965786097226943,False
Horseshoe,200,200,26,0.23663536184732514,0.5736842105263158,68.22751392163993,,1.095924933145774,False
AEH,200,200,27,0.7948541777033185,0.8894736842105263,36.052404037506136,0.5179763743828318,1.22935987874056,False
Horseshoe,200,200,27,0.21846413887283248,0.6157894736842106,87.2397049179842,,1.037394217932011,True
AEH,200,200,28,0.6131670407502534,0.8210526315789474,48.034880724015295,0.5483791353731228,1.2327618051120017,False
Horseshoe,200,200,28,0.16033328822231346,0.5578947368421052,80.83449924338123,,1.0539409258476948,False
AEH,200,200,29,1.927385878254451,0.868421052631579,41.13937890511767,0.5229817226072332,1.2401772495308272,False
Horseshoe,200,200,29,0.09835421540519715,0.5894736842105263,74.69927058936914,,1.0731968514890105,False
AEH,200,200,30,1.41258223712779,0.9052631578947369,40.56712919095993,0.4980191219961331,1.1770519037701892,False
Horseshoe,200,200,30,0.06528894446966774,0.5842105263157895,92.72115022227631,,1.0323250673894946,True
AEH,200,200,31,1.651636452457332,0.9,35.01013764874565,0.49520922267512074,1.2503164562008706,False
Horseshoe,200,200,31,0.061429257802958735,0.49473684210526314,89.06175241513193,,1.0793554427029006,False
AEH,200,200,32,0.643508883352964,0.7894736842105263,53.36239664623365,0.5285116204987681,1.2302120356766844,False
Horseshoe,200,200,32,0.09648126099297624,0.6210526315789474,84.35421449313635,,1.0389142252901205,True
AEH,200,200,33,0.7679516677939673,0.8157894736842105,41.80757060377749,0.5245133494899826,1.2531490995994705,False
Horseshoe,200,200,33,0.14567634172588945,0.5578947368421052,96.89325972754015,,1.044352389760835,True
AEH,200,200,34,0.9809314805550086,0.7631578947368421,43.08008381178026,0.519183547400753,1.4675735707223847,False
Horseshoe,200,200,34,0.11493634308158843,0.5421052631578948,85.51604717100588,,1.083983581153103,False
AEH,200,200,35,0.9745357705206888,0.8894736842105263,45.36281218606615,0.5235751264610549,1.1494430990921949,False
Horseshoe,200,200,35,0.1538232805433237,0.5,91.49307982607108,,1.0425867565453004,True
AEH,200,200,36,0.9216665720347145,0.9526315789473684,29.712925798112934,0.4798413877186168,1.7258769876255167,False
Horseshoe,200,200,36,0.14824825071503023,0.6368421052631579,87.33237700178994,,1.0212684219124002,True
AEH,200,200,37,1.2279602016437434,0.8842105263157894,29.84740272061048,0.5048231224120994,1.4801443998142751,False
Horseshoe,200,200,37,0.03187759944189318,0.45789473684210524,84.5279059898749,,1.0471843221382866,True
AEH,200,200,38,0.49185805033712926,0.8,37.37520552182213,0.5265437081521712,1.1831081165736055,False
Horseshoe,200,200,38,0.04987546551733391,0.5947368421052631,68.40744206608933,,1.072564771443767,False
AEH,200,200,39,1.115478166660872,0.8894736842105263,42.04227480216845,0.5127902696396894,1.4263449931924899,False
Horseshoe,200,200,39,0.2033261474511053,0.6368421052631579,85.51816955607794,,1.0465574909847444,True
AEH,200,200,40,1.5117848579353548,0.8842105263157894,42.602617837185846,0.5044216715985289,1.1903167701796409,False
Horseshoe,200,200,40,0.08633688396491696,0.5736842105263158,89.43233131937924,,1.040488650061976,True
AEH,200,200,41,1.2733059958422077,0.9052631578947369,35.54972742577118,0.5061675130610538,1.5605864325927752,False
Horseshoe,200,200,41,0.06724246110078036,0.6105263157894737,76.52264025776905,,1.054158266588254,False
AEH,200,200,42,1.837695926404963,0.8789473684210526,44.47095241468742,0.5011925582441452,1.137983345948602,False
Horseshoe,200,200,42,0.1860652276036223,0.6789473684210526,80.86730972231724,,1.0470672499082572,True
AEH,200,200,43,1.88983847455521,0.8894736842105263,38.95682855085223,0.47771195091684604,1.1879927351625648,False
Horseshoe,200,200,43,0.18774987448022787,0.6052631578947368,93.25898060656236,,1.032425449660004,True
AEH,200,200,44,1.0093702529963366,0.8736842105263158,44.921825376287686,0.5029639131982596,1.1191774764095996,False
Horseshoe,200,200,44,0.12267676425994065,0.5842105263157895,80.99294644034104,,1.0384031456725542,True
AEH,200,200,45,2.254268380619684,0.8736842105263158,36.639921161976766,0.5144412224826584,1.3827809262405046,False
Horseshoe,200,200,45,0.12292471154300333,0.5789473684210527,85.82429494679512,,1.0340780648776149,True
AEH,200,200,46,1.2256406596180218,0.8578947368421053,37.04851164462141,0.49287101532171484,1.3338267351498305,False
Horseshoe,200,200,46,0.10741262068396147,0.5684210526315789,86.16492560937408,,1.0517688386504958,False
AEH,200,200,47,0.856496456294785,0.9105263157894737,37.723021010811934,0.5128476584422649,1.224577566215099,False
Horseshoe,200,200,47,0.14465524075605013,0.5684210526315789,86.73114502830889,,1.0685778080481954,False
AEH,200,200,48,0.9649903230087513,0.8736842105263158,48.07861191119604,0.5341436311850187,1.263995010178042,False
Horseshoe,200,200,48,0.11550458912495627,0.5421052631578948,82.89442065104035,,1.080616738863191,False
AEH,200,200,49,1.5991344177847557,0.9368421052631579,39.19053509800426,0.4973247484282724,1.119202670594772,False
Horseshoe,200,200,49,0.13788420375768018,0.7210526315789474,80.52570373438797,,1.0480770262944519,True
AEH,500,200,0,0.01047649419604997,0.03684210526315789,291.4554403946864,0.48165863084370464,1.0563427495784148,False
Horseshoe,500,200,0,0.011859303775358617,0.03684210526315789,296.10174184959317,,1.0019624656075874,True
AEH,500,200,1,0.009719389432470757,0.05789473684210526,294.40489905872556,0.4814295731672722,1.0012489465006722,True
Horseshoe,500,200,1,0.01086419088193635,0.05789473684210526,281.30779739084807,,1.0021075772636918,True
AEH,500,200,2,0.014375583319590038,0.11052631578947368,294.9730525689736,0.47214318089406104,1.0288115871333752,True
Horseshoe,500,200,2,0.016349485733371964,0.10526315789473684,296.2355793288906,,1.0034216872544204,True
AEH,500,200,3,0.009632322474957593,0.08421052631578947,293.21538444956497,0.4657370718167423,1.050568041384602,False
Horseshoe,500,200,3,0.010775434824335357,0.08947368421052632,296.1570793687277,,1.0047871483958168,True
AEH,500,200,4,0.01707145399154452,0.08947368421052632,294.1624866482601,0.47729515487538043,1.0012571243514221,True
Horseshoe,500,200,4,0.018975267782535003,0.08947368421052632,291.7005518583132,,1.0025977864827662,True
AEH,500,200,5,0.01626192161414048,0.08421052631578947,294.39804432538307,0.47722595000499,1.005250625927244,True
Horseshoe,500,200,5,0.018570913068746447,0.08421052631578947,297.741206534702,,1.00192419605048,True
AEH,500,200,6,0.012337598034339523,0.08947368421052632,293.17910880157507,0.4788562954007628,1.0351076451512746,True
Horseshoe,500,200,6,0.01422160677241419,0.08947368421052632,294.52595162784183,,1.0044904463792383,True
AEH,500,200,7,0.002866954679275531,0.1,292.9731539403853,0.45917676551142184,1.0010341885386687,True
Horseshoe,500,200,7,0.0033034158194834963,0.09473684210526316,291.05767235585,,1.0021505400294868,True
AEH,500,200,8,0.017716313045767502,0.11052631578947368,288.3657905885789,0.45734020728818914,1.032226744248416,True
Horseshoe,500,200,8,0.019814211301185183,0.11052631578947368,303.20377231897606,,1.1000508651064407,False
AEH,500,200,9,0.008171470413824055,0.12631578947368421,295.2121996535074,0.46600718870836305,1.0255650054145087,True
Horseshoe,500,200,9,0.008829846511008883,0.11578947368421053,292.4997548085344,,1.0024395822245005,True
AEH,500,200,10,0.015572387331192419,0.05263157894736842,294.8674790440759,0.4673072231666562,1.0037145145016113,True
Horseshoe,500,200,10,0.01809205563813086,0.05263157894736842,288.9199191086654,,1.0030618168470615,True
AEH,500,200,11,0.02248714061158618,0.07894736842105263,293.0823116869329,0.47357477728588027,1.0077663073887297,True
Horseshoe,500,200,11,0.02581603046453141,0.07894736842105263,295.221059850553,,1.0011007678041965,True
AEH,500,200,12,0.010090180276340852,0.12631578947368421,296.26266350827945,0.4714466194397263,1.0029610748564328,True
Horseshoe,500,200,12,0.011287187273932256,0.12631578947368421,295.71136884577504,,1.0037934828329271,True
AEH,500,200,13,0.015964782217410965,0.06315789473684211,292.4283241591162,0.4765714687950477,1.0115675067056245,True
Horseshoe,500,200,13,0.0182049386101669,0.06315789473684211,297.90360583062045,,1.0018062422950667,True
AEH,500,200,14,0.011966160824062468,0.07894736842105263,296.36867065378715,0.4937714478495473,1.0012330279158057,True
Horseshoe,500,200,14,0.013321811448693027,0.07368421052631578,285.85787138954066,,1.00245448611115,True
AEH,500,200,15,0.010000623933736654,0.07894736842105263,291.7164901606014,0.47910166259550224,1.0211909368347556,True
Horseshoe,500,200,15,0.011205128113447522,0.07368421052631578,289.0175688003143,,1.0232452358751345,True
AEH,500,200,16,0.016199410520817296,0.08947368421052632,298.59069724091455,0.4760615138145392,1.023817014813649,True
Horseshoe,500,200,16,0.01860036934368752,0.08421052631578947,294.5651691393099,,1.0013770009368594,True
AEH,500,200,17,0.01222543818336368,0.11052631578947368,298.30482855529584,0.46567463657392094,1.0286210367082649,True
Horseshoe,500,200,17,0.013551214559867223,0.10526315789473684,297.9518181021724,,1.002231358118097,True
AEH,500,200,18,0.010528207883321903,0.14210526315789473,296.83174068774485,0.4678882293383977,1.001704571891783,True
Horseshoe,500,200,18,0.01212214355243203,0.14210526315789473,296.9858197761317,,1.0009497225960051,True
AEH,500,200,19,0.010387208907790244,0.06315789473684211,298.1109654497603,0.4735087731899632,1.0161432208912664,True
Horseshoe,500,200,19,0.011815843082716201,0.05789473684210526,297.0398192197814,,1.0018958968854272,True
AEH,500,200,20,0.012140821829285425,0.11578947368421053,285.4411127408646,0.4710683181664713,1.0352947472296383,True
Horseshoe,500,200,20,0.014446396563045175,0.12631578947368421,293.96258373246985,,1.0477599928724102,True
AEH,500,200,21,0.010378024368197427,0.11578947368421053,292.22721806093085,0.4795089810482715,1.0350610763822725,True
Horseshoe,500,200,21,0.012143336867685744,0.11052631578947368,294.1640345562435,,1.0023977255093783,True
AEH,500,200,22,0.02795718705731151,0.08421052631578947,292.5568266019207,0.469680337104482,1.0125093418087574,True
Horseshoe,500,200,22,0.033037522195885564,0.07894736842105263,294.7483967405792,,1.0016048406676512,True
AEH,500,200,23,0.0072793580920444715,0.05263157894736842,298.87320447618436,0.4783877493707459,1.0263157271881638,True
Horseshoe,500,200,23,0.008226322156518463,0.03684210526315789,300.2645433638891,,1.003708868363219,True
AEH,500,200,24,0.010257544246188759,0.12105263157894737,293.17929539441326,0.47067150091537757,1.0023296982665242,True
Horseshoe,500,200,24,0.01153615498032839,0.11578947368421053,292.33780755590016,,1.0027833667131558,True
AEH,500,200,25,0.015937881557234374,0.05789473684210526,291.2095937303977,0.4925298082467253,1.0024045808067155,True
Horseshoe,500,200,25,0.017609443877543044,0.05263157894736842,293.22111533448634,,1.0017790466578547,True
AEH,500,200,26,0.020703408842427894,0.06315789473684211,294.7088513908113,0.46143636576313907,1.0018683820630059,True
Horseshoe,500,200,26,0.02375960159883891,0.05789473684210526,293.25609096582286,,1.0022081017193791,True
AEH,500,200,27,0.007520055258780649,0.11052631578947368,286.3473670018054,0.4725689464994751,1.04791261650616,True
Horseshoe,500,200,27,0.008636530532827872,0.11052631578947368,294.7961676685451,,1.0148044072743891,True
AEH,500,200,28,0.006205071912170323,0.08947368421052632,293.22967810208286,0.47787959596347995,1.0369462698327718,True
Horseshoe,500,200,28,0.0070405969277642,0.08421052631578947,295.31963703831417,,1.001764830905758,True
AEH,500,200,29,0.0171679252657226,0.07368421052631578,296.2877641967257,0.4775070518938005,1.0021910836254335,True
Horseshoe,500,200,29,0.01901675271994004,0.07368421052631578,295.26809150534564,,1.0029216824870832,True
AEH,500,200,30,0.013710354461902302,0.06842105263157895,292.508769006363,0.4776485676911161,1.0233714563036191,True
Horseshoe,500,200,30,0.015336420431638903,0.05263157894736842,297.12291745010083,,1.0021804432662906,True
AEH,500,200,31,0.008451630217296034,0.06842105263157895,298.8465694565402,0.4767366611721411,1.013550151021386,True
Horseshoe,500,200,31,0.00978314127832204,0.06315789473684211,294.51948391903386,,1.001840005985163,True
AEH,500,200,32,0.031116531588609893,0.07368421052631578,293.6713783027115,0.4795857802426743,1.0034681081541081,True
Horseshoe,500,200,32,0.036794688564699876,0.06842105263157895,295.2172081990772,,1.0038039993545145,True
AEH,500,200,33,0.02894307782120869,0.15789473684210525,291.6379491793234,0.48347438625705763,1.0129411895390672,True
Horseshoe,500,200,33,0.03396302690299653,0.16842105263157894,290.92437384958856,,1.02814329355275,True
AEH,500,200,34,0.01588919565063692,0.08947368421052632,292.59961014277565,0.47995791042764063,1.0129751158684672,True
Horseshoe,500,200,34,0.018140833270937514,0.08421052631578947,296.1524824448486,,1.0017498050389608,True
AEH,500,200,35,0.002982727914484147,0.06315789473684211,294.29073164670876,0.47364607307983897,1.0031362054265078,True
Horseshoe,500,200,35,0.003279238587647395,0.06315789473684211,291.69691336099,,1.0057432635346761,True
AEH,500,200,36,0.012252033640299656,0.08421052631578947,288.39830718278097,0.4733071340139492,1.0458943683911481,True
Horseshoe,500,200,36,0.014609191901173385,0.07894736842105263,293.9587146244226,,1.0590303760896431,False
AEH,500,200,37,0.010345045827929228,0.08421052631578947,297.8346754163244,0.47087420492330034,1.0402913528321411,True
Horseshoe,500,200,37,0.011619302942698851,0.08947368421052632,295.0223818674477,,1.003080136955356,True
AEH,500,200,38,0.013648509471707199,0.05789473684210526,296.67058887339766,0.474556562782095,1.0021230848588343,True
Horseshoe,500,200,38,0.015293095351587873,0.05263157894736842,291.6760160867685,,1.0022683549206093,True
AEH,500,200,39,0.008994772019935152,0.11052631578947368,296.1705169045579,0.47799497904291477,1.0128479911612729,True
Horseshoe,500,200,39,0.01000195242050475,0.1,297.76183019975014,,1.0012104280335488,True
AEH,500,200,40,0.01715799493478828,0.042105263157894736,295.38133398876016,0.46535003174558703,1.033662587538433,True
Horseshoe,500,200,40,0.019127240512678015,0.042105263157894736,293.72182415702235,,1.0026394799373728,True
AEH,500,200,41,0.011593544626516496,0.10526315789473684,299.76809627616757,0.466249146761312,1.004830275735473,True
Horseshoe,500,200,41,0.01267612509527653,0.1,293.2812059940142,,1.004817465325594,True
AEH,500,200,42,0.01911194148875075,0.08421052631578947,296.42904092180333,0.47344495785483476,1.004741093827874,True
Horseshoe,500,200,42,0.021192323152595793,0.07368421052631578,295.90700163862186,,1.0031935763015476,True
AEH,500,200,43,0.0029648720050951443,0.06315789473684211,293.46813607738073,0.4649695694999504,1.0180548242208893,True
Horseshoe,500,200,43,0.003446086858603991,0.06842105263157895,294.494242527922,,1.00121355321402,True
AEH,500,200,44,0.0038147722864903776,0.07894736842105263,296.1592954437403,0.46703095085798374,1.013236435609151,True
Horseshoe,500,200,44,0.0043645148416191154,0.07894736842105263,290.9641049267482,,1.0009325639287965,True
AEH,500,200,45,0.01278543492298585,0.06842105263157895,293.4980052205608,0.47173957676622946,1.0596156262451188,False
Horseshoe,500,200,45,0.014062662405555459,0.06842105263157895,293.89081076373304,,1.0051601833303734,True
AEH,500,200,46,0.009079104724793233,0.1,294.26853157593615,0.46589190328771934,1.0276191531625078,True
Horseshoe,500,200,46,0.010074072085253873,0.08947368421052632,298.1835684334018,,1.0048028190478433,True
AEH,500,200,47,0.0250823316811526,0.04736842105263158,289.22953805904797,0.4876455650988152,1.0823035627196709,False
Horseshoe,500,200,47,0.029056578918827493,0.04736842105263158,292.05109883379953,,1.0119755440169003,True
AEH,500,200,48,0.02041784445487415,0.06315789473684211,292.11826629351714,0.48587879857856153,1.009605866859673,True
Horseshoe,500,200,48,0.0244361433738215,0.04736842105263158,296.48153535840135,,1.004022025377281,True
AEH,500,200,49,0.010047227997972478,0.11578947368421053,292.5813726387929,0.4634195437961245,1.0472837948201155,True
Horseshoe,500,200,49,0.011184267023812085,0.1,294.77938908120876,,1.001220708367264,True
AEH,1000,200,0,0.013250673624946755,0.005263157894736842,287.7574718857527,0.4473633348131698,1.0026328575814987,True
Horseshoe,1000,200,0,0.013863389296554724,0.005263157894736842,255.7837351367245,,1.0006247390046965,True
AEH,1000,200,1,0.004856166359602948,0.0,222.8911845006598,0.45259408143533775,1.0019162190683302,True
Horseshoe,1000,200,1,0.004989728778834439,0.0,202.15151204298039,,1.002789194707899,True
AEH,1000,200,2,0.0025262419669490285,0.005263157894736842,288.2154843238235,0.43793526002571725,1.0055992870255772,True
Horseshoe,1000,200,2,0.0026432218687830493,0.005263157894736842,250.02622991224374,,1.001779350202811,True
AEH,1000,200,3,0.003473120073401324,0.0,259.2305686365076,0.4408684618296713,1.0008796456103575,True
Horseshoe,1000,200,3,0.0036292174655266664,0.0,232.1227239594968,,1.0006554137316925,True
AEH,1000,200,4,0.005336162423470648,0.005263157894736842,289.6237321425231,0.4560556637255978,1.0045028194078045,True
Horseshoe,1000,200,4,0.005558150207312173,0.005263157894736842,256.8338419271181,,1.0007728199682968,True
AEH,1000,200,5,0.0040850920448809586,0.015789473684210527,287.48133269086384,0.443955628257072,1.0399403164299188,True
Horseshoe,1000,200,5,0.004298147149036616,0.015789473684210527,262.84780834317644,,1.00128781158891,True
AEH,1000,200,6,0.0022503954639068744,0.010526315789473684,258.9801893124214,0.4463233468466913,1.0025836860099486,True
Horseshoe,1000,200,6,0.0023320966928540928,0.010526315789473684,236.82142409953715,,1.0019908569545393,True
AEH,1000,200,7,0.004096887307231222,0.0,242.90761149219793,0.4459182498062634,1.0009454922906373,True
Horseshoe,1000,200,7,0.004329627179107384,0.0,221.48195947526747,,1.0006288384343534,True
AEH,1000,200,8,0.006445156238477407,0.005263157894736842,289.5250472246922,0.43414264225760923,1.030112183960693,True
Horseshoe,1000,200,8,0.006629752757398073,0.005263157894736842,271.88690691864053,,1.0011161511000946,True
AEH,1000,200,9,0.005578579452376891,0.0,290.16662326011567,0.44107718303581656,1.001327534581023,True
Horseshoe,1000,200,9,0.005874494503856709,0.0,251.20963454102616,,1.00145355149843,True
AEH,1000,200,10,0.006579920801440868,0.005263157894736842,260.4333029218116,0.4495529326129125,1.0015055628556198,True
Horseshoe,1000,200,10,0.006869589530247562,0.005263157894736842,237.25923797892364,,1.0014792794403822,True
AEH,1000,200,11,0.004547559822940285,0.005263157894736842,266.4261159816692,0.44071566211440016,1.001696016361439,True
Horseshoe,1000,200,11,0.004828802544958231,0.005263157894736842,237.66528493192544,,1.0012382814852174,True
AEH,1000,200,12,0.007652401140699545,0.005263157894736842,262.4505166491545,0.45042742027972904,1.0011155542334405,True
Horseshoe,1000,200,12,0.008027509157832707,0.005263157894736842,235.72348580226767,,1.0013616150464264,True
AEH,1000,200,13,0.008934658183377847,0.005263157894736842,263.8408546374407,0.44685625729389644,1.000921184112074,True
Horseshoe,1000,200,13,0.009276723971588519,0.005263157894736842,237.0471749801919,,1.0005918500882283,True
AEH,1000,200,14,0.0103376772860316,0.0,241.32690164020445,0.45353657346200316,1.0009180370019743,True
Horseshoe,1000,200,14,0.010852516129121836,0.0,216.89092530111083,,1.0017358756669024,True
AEH,1000,200,15,0.0031728348271613813,0.02631578947368421,280.5534526258796,0.45224672431832735,1.0014555728901735,True
Horseshoe,1000,200,15,0.003249495629410662,0.02631578947368421,247.05094386397468,,1.0013558307921093,True
AEH,1000,200,16,0.005267895573362823,0.0,242.7223649667511,0.4406113958287281,1.000611089628616,True
Horseshoe,1000,200,16,0.005500351132833064,0.0,219.82762507516293,,1.0004867318418982,True
AEH,1000,200,17,0.0017646260339322056,0.005263157894736842,265.13857421925064,0.44288177808225393,1.0019044047528853,True
Horseshoe,1000,200,17,0.0018319516912986527,0.005263157894736842,239.77161524902215,,1.0025731862980027,True
AEH,1000,200,18,0.0017379682805952344,0.005263157894736842,260.5991876936046,0.44655345031009963,1.0005389930552602,True
Horseshoe,1000,200,18,0.0018334571275464412,0.005263157894736842,237.29155009765748,,1.0005344638232718,True
AEH,1000,200,19,0.006046605916195811,0.0,288.58163348887973,0.4430673008940159,1.0085206903061041,True
Horseshoe,1000,200,19,0.006318163524199572,0.0,256.886815538116,,1.0011452383391901,True
AEH,1000,200,20,0.006735098375855328,0.005263157894736842,287.49451846705614,0.4446456929664131,1.0034517805701189,True
Horseshoe,1000,200,20,0.006992116854569533,0.005263157894736842,254.34085621090426,,1.0009911268303033,True
AEH,1000,200,21,0.004624003243945039,0.005263157894736842,263.15301654979635,0.4436513174817628,1.0015389138708533,True
Horseshoe,1000,200,21,0.004813925312508056,0.005263157894736842,236.5868685763472,,1.0013618310860637,True
AEH,1000,200,22,0.0031002245334423558,0.0,265.4014335497441,0.4454172042617214,1.0019151270039588,True
Horseshoe,1000,200,22,0.003209844596975727,0.0,237.09955066422023,,1.0009358914599222,True
AEH,1000,200,23,0.002865858176413642,0.0,270.975822017948,0.4486884298827102,1.0027932765484935,True
Horseshoe,1000,200,23,0.0029853897515643426,0.0,241.5754445543749,,1.000905052435957,True
AEH,1000,200,24,0.0018937887255011821,0.0,281.81115807593903,0.4508663726678872,1.001601559317965,True
Horseshoe,1000,200,24,0.001930252856812966,0.0,252.28586607860677,,1.0012712596404287,True
AEH,1000,200,25,0.0027905967566512744,0.010526315789473684,258.06662034882623,0.45222207819507065,1.0021038422964086,True
Horseshoe,1000,200,25,0.002953227840515111,0.010526315789473684,236.46115382542018,,1.000872110034713,True
AEH,1000,200,26,0.0028318068483611106,0.005263157894736842,239.28250112873732,0.43542416613588575,1.0015325910211026,True
Horseshoe,1000,200,26,0.003023750103904286,0.005263157894736842,225.1636506109504,,1.00114603305385,True
AEH,1000,200,27,0.0033806157806073344,0.0,263.2227361737535,0.4448262297833214,1.1374091951329657,False
Horseshoe,1000,200,27,0.0035220405573724587,0.0,284.3110299437902,,1.0016010280003342,True
AEH,1000,200,28,0.005798309595167847,0.010526315789473684,273.4683028546753,0.4456033188043138,1.1531827772761232,False
Horseshoe,1000,200,28,0.005949203067255275,0.005263157894736842,278.01101204880797,,1.0013182792507553,True
AEH,1000,200,29,0.001420923281150401,0.010526315789473684,264.1428728051537,0.4477394323714271,1.0011625029612081,True
Horseshoe,1000,200,29,0.0014712359143066313,0.010526315789473684,236.74450549225298,,1.0016717662184855,True
AEH,1000,200,30,0.007736410596796479,0.010526315789473684,264.74651136945505,0.4393565510627371,1.0130453347797164,True
Horseshoe,1000,200,30,0.00791771875184656,0.010526315789473684,240.76189952478168,,1.001211387284863,True
AEH,1000,200,31,0.0041604398350902055,0.010526315789473684,275.285512190717,0.4575312222312764,1.0908662989640097,False
Horseshoe,1000,200,31,0.004377224327512657,0.010526315789473684,279.84468228569125,,1.0014493842875098,True
AEH,1000,200,32,0.004661661860772982,0.010526315789473684,253.81817248497555,0.438915253025434,1.0019731610095255,True
Horseshoe,1000,200,32,0.004886885939318199,0.010526315789473684,233.85618280371935,,1.0023282460286684,True
AEH,1000,200,33,0.0015327467223799707,0.005263157894736842,287.304888353242,0.4552994029302557,1.0057738419547624,True
Horseshoe,1000,200,33,0.0016379909836083625,0.005263157894736842,251.55057931069234,,1.0012414980353763,True
AEH,1000,200,34,0.0026026995715997597,0.0,286.61019268115416,0.45389253314859357,1.0030262690425664,True
Horseshoe,1000,200,34,0.002693625294198685,0.0,253.80977829257273,,1.0010522978584875,True
AEH,1000,200,35,0.009991010599639845,0.0,288.32801177308517,0.4402520968306193,1.0045394099829634,True
Horseshoe,1000,200,35,0.01053373870338804,0.0,254.24068010185502,,1.002333112990088,True
AEH,1000,200,36,0.002719227670223632,0.010526315789473684,258.46746519751736,0.44747556533451727,1.1068211167739217,False
Horseshoe,1000,200,36,0.002752728927330548,0.010526315789473684,288.34663657687975,,1.0014681392974039,True
AEH,1000,200,37,0.005968879249971878,0.0,269.67477757164744,0.4432530501650198,1.0051252232500607,True
Horseshoe,1000,200,37,0.006274888942392651,0.0,244.92061820278107,,1.0012934101643525,True
AEH,1000,200,38,0.006315060693371935,0.005263157894736842,265.6430653220544,0.4498735218793479,1.1008924031286285,False
Horseshoe,1000,200,38,0.006382011915969483,0.005263157894736842,239.54776885803776,,1.0016278268997,True
AEH,1000,200,39,0.007966690514922204,0.005263157894736842,258.57780452780787,0.44711520356143264,1.023826354854599,True
Horseshoe,1000,200,39,0.008145100148382682,0.005263157894736842,291.36213708160676,,1.0016608470997908,True
AEH,1000,200,40,0.00631035243611573,0.0,290.1815887662209,0.4361313487579691,1.0270066015054782,True
Horseshoe,1000,200,40,0.00657634631822822,0.0,259.44442232828953,,1.0012827148865306,True
AEH,1000,200,41,0.003733635262878883,0.015789473684210527,269.0495749321883,0.44903995738124514,1.0014558317651114,True
Horseshoe,1000,200,41,0.003949303816615784,0.015789473684210527,239.0016095652704,,1.0019496030223514,True
AEH,1000,200,42,0.012144047206779114,0.005263157894736842,264.0371230556086,0.43870987406202744,1.0009601488493527,True
Horseshoe,1000,200,42,0.012940668403554706,0.005263157894736842,237.1855539987114,,1.0016635259805011,True
AEH,1000,200,43,0.007052396737436528,0.0,266.18554413270095,0.45538268971649953,1.0680740685900059,False
Horseshoe,1000,200,43,0.007326428736143503,0.0,276.5425839086209,,1.0010417545252714,True
AEH,1000,200,44,0.009324279495677507,0.010526315789473684,267.71403501696216,0.4397163848847849,1.0004640730698353,True
Horseshoe,1000,200,44,0.00968456777919648,0.005263157894736842,238.1453880212935,,1.0005832433186002,True
AEH,1000,200,45,0.006384768653300135,0.005263157894736842,285.2529389848096,0.4464950782605185,1.002792176892791,True
Horseshoe,1000,200,45,0.0066888444650718805,0.005263157894736842,248.40982595741008,,1.0034028386431402,True
AEH,1000,200,46,0.0034769645838919464,0.021052631578947368,264.63995060476935,0.43725875138808634,1.0012545052111148,True
Horseshoe,1000,200,46,0.0035549265706738865,0.021052631578947368,235.55504048812207,,1.0004435906273073,True
AEH,1000,200,47,0.004464392038006342,0.005263157894736842,264.6026535618145,0.4546148033874162,1.007809248425269,True
Horseshoe,1000,200,47,0.004708607160679158,0.005263157894736842,238.01504438619523,,1.0015543499010193,True
AEH,1000,200,48,0.004830529691610082,0.005263157894736842,284.3111130742078,0.4510366231671429,1.005525942985568,True
Horseshoe,1000,200,48,0.005052761931313768,0.005263157894736842,253.84302401520662,,1.0029041551156292,True
AEH,1000,200,49,0.011862782466377616,0.005263157894736842,286.6474903344132,0.44474748963279775,1.013085535956048,True
Horseshoe,1000,200,49,0.012410719332811845,0.005263157894736842,259.31934436494305,,1.000814617773052,True
AEH,2000,200,0,0.004219476633407432,0.0,306.1550767823644,0.41767821429640395,1.0013152261501987,True
Horseshoe,2000,200,0,0.004267967929870549,0.0,237.07644008149552,,1.0008745321307637,True
AEH,2000,200,1,0.0015445842576595474,0.0,221.46309726295792,0.42785311088062417,1.0004997707558605,True
Horseshoe,2000,200,1,0.0015836950943747471,0.0,174.42329646487758,,1.00168308967076,True
AEH,2000,200,2,0.0022776198126775006,0.0,310.00822858628146,0.4218778151589684,1.0032373419148541,True
Horseshoe,2000,200,2,0.0022697446627830587,0.0,253.31155835204424,,1.0011319302563153,True
AEH,2000,200,3,0.0013081032671872239,0.0,268.8691558611796,0.41944299721187717,1.0013975388130127,True
Horseshoe,2000,200,3,0.0013346134593005862,0.0,202.60743798727006,,1.0002853725050607,True
AEH,2000,200,4,0.003063313778727415,0.0,279.4282768964624,0.4219683386811305,1.0029431033105267,True
Horseshoe,2000,200,4,0.0031090731710915953,0.0,213.66750305238145,,1.0006058887973028,True
AEH,2000,200,5,0.001057089757247535,0.0,277.8992772861648,0.421810729039899,1.0060754790888522,True
Horseshoe,2000,200,5,0.0010741644069655408,0.0,210.17218494517078,,1.0005452099518146,True
AEH,2000,200,6,0.0005359354050143369,0.0,274.739378386569,0.42505753280601055,1.0026701300111966,True
Horseshoe,2000,200,6,0.0005491510191643547,0.0,213.87393036548542,,1.001315720245014,True
AEH,2000,200,7,0.0016148748693863991,0.0,216.47432735457053,0.4248220108171211,1.000517539009227,True
Horseshoe,2000,200,7,0.0016442509291624626,0.0,177.36295970511003,,1.0004279701557361,True
AEH,2000,200,8,0.0014925722896674063,0.0,309.01635763580794,0.41157648657270096,1.0014754522107576,True
Horseshoe,2000,200,8,0.0015331988232497485,0.0,251.74586680838615,,1.0007031766732604,True
AEH,2000,200,9,0.002753330878379724,0.0,310.7301036193024,0.41998150404744394,1.0013754081313329,True
Horseshoe,2000,200,9,0.0027493176485753365,0.0,244.55603203475056,,1.0014928694851188,True
AEH,2000,200,10,0.0011757469004825588,0.0,225.1067664437038,0.42240969867056477,1.000704733299655,True
Horseshoe,2000,200,10,0.0012159786766359933,0.0,183.38674668975568,,1.0012674568717443,True
AEH,2000,200,11,0.0008771010211844609,0.0,264.47166028846584,0.4236932619009074,1.0005467239339823,True
Horseshoe,2000,200,11,0.0008847226859499565,0.0,201.216326813236,,1.0009255886184345,True
AEH,2000,200,12,0.003011189878388211,0.0,271.56936869897925,0.4256524020415462,1.056742084308173,False
Horseshoe,2000,200,12,0.0030656361428979635,0.0,210.33467678584012,,1.0009617703421665,True
AEH,2000,200,13,0.0019066276015853787,0.0,263.1508453155116,0.4260956617202164,1.0010328806194528,True
Horseshoe,2000,200,13,0.0019342599406700488,0.0,209.94830637019044,,1.0004227343170153,True
AEH,2000,200,14,0.004478538187204555,0.0,264.89011988407555,0.4252244728121649,1.0042267865147063,True
Horseshoe,2000,200,14,0.004631195907168742,0.0,207.2849239478106,,1.0008680267166508,True
AEH,2000,200,15,0.002571986063786708,0.0,280.828274096617,0.42675003786187526,1.0043138921114811,True
Horseshoe,2000,200,15,0.002594372245404916,0.0,214.17431832891373,,1.0007469805380929,True
AEH,2000,200,16,0.0020088594203247776,0.0,252.93998510600045,0.4180635481916193,1.0002699231742473,True
Horseshoe,2000,200,16,0.002035517069358857,0.0,198.4840308449279,,1.0006799080865687,True
AEH,2000,200,17,0.0005568049226638188,0.0,277.9355734878549,0.4215982560590845,1.0013388086174564,True
Horseshoe,2000,200,17,0.0005530538106107095,0.0,211.39317868183753,,1.0013735059842006,True
AEH,2000,200,18,0.0013980220358872488,0.0,274.2696324178016,0.4234773406676371,1.0004483530059987,True
Horseshoe,2000,200,18,0.0014281472406888769,0.0,214.78448569735244,,1.000299903125554,True
AEH,2000,200,19,0.001331518336029056,0.0,310.1727662503329,0.42060702394062266,1.0012614734404979,True
Horseshoe,2000,200,19,0.0013371913106175644,0.0,247.20180186150188,,1.0010809959790703,True
AEH,2000,200,20,0.0010524257410749944,0.0,302.9432900941444,0.42822456118840646,1.0025511134313851,True
Horseshoe,2000,200,20,0.0010437085706698475,0.0,267.0434507051068,,1.001366209227716,True
AEH,2000,200,21,0.0025413063300162896,0.0,304.5126044421886,0.41851405153639754,1.0016543113548704,True
Horseshoe,2000,200,21,0.002587340432051332,0.0,241.97485473093118,,1.0011138388370155,True
AEH,2000,200,22,0.0029969550496561663,0.0,240.41200346991428,0.4133036042286229,1.0005505092673017,True
Horseshoe,2000,200,22,0.0030717780738108687,0.0,187.58411569368013,,1.0009564561885893,True
AEH,2000,200,23,0.0035537279316546154,0.0,260.25425731317307,0.4236551590795926,1.0014580028102316,True
Horseshoe,2000,200,23,0.0035836062652747865,0.0,202.59980915431552,,1.000741083835903,True
AEH,2000,200,24,0.001426453484480657,0.0,269.9548388888272,0.4227873930591156,1.0049747819213817,True
Horseshoe,2000,200,24,0.0014709292232547855,0.0,206.1201068920839,,1.0011258903715385,True
AEH,2000,200,25,0.0011801048093421473,0.0,267.57698914882326,0.4283746638021644,1.0031158848043764,True
Horseshoe,2000,200,25,0.0011838781706590162,0.0,209.6950869855096,,1.0011695624732515,True
AEH,2000,200,26,0.00212638113849524,0.0,286.60395115267715,0.415955334398154,1.0022955586181848,True
Horseshoe,2000,200,26,0.0021977243191115504,0.0,209.43242690553052,,1.0008212637549534,True
AEH,2000,200,27,0.00031846858419482503,0.0,251.94232584835146,0.42441862607215974,1.053976867712885,False
Horseshoe,2000,200,27,0.0003223777476184034,0.0,298.27334494814875,,1.0022212794386016,True
AEH,2000,200,28,0.0015063963572612647,0.0,308.1526612274081,0.4236442317321407,1.001331340171122,True
Horseshoe,2000,200,28,0.0015462810213219115,0.0,245.29718928336388,,1.000610140458547,True
AEH,2000,200,29,0.0025690674020775275,0.0,222.67599258133777,0.42415301407408823,1.0011578803676267,True
Horseshoe,2000,200,29,0.0026158253664146994,0.0,178.23814607665497,,1.0020124273283875,True
AEH,2000,200,30,0.002113854944435699,0.0,306.89066237066834,0.4194840493437677,1.0026501712730278,True
Horseshoe,2000,200,30,0.0021627596165873,0.0,242.4878501587036,,1.0007906147175192,True
AEH,2000,200,31,0.0015291193068394193,0.0,307.55142208623164,0.43080319927343047,1.001122480956657,True
Horseshoe,2000,200,31,0.0015768205642600625,0.0,246.22244578638762,,1.0013801467256285,True
AEH,2000,200,32,0.001481531030147426,0.0,268.3897073212661,0.4277533469987963,1.0010123672917357,True
Horseshoe,2000,200,32,0.0014950949659027137,0.0,208.6730288043808,,1.0006013434644716,True
AEH,2000,200,33,0.0029349855751130667,0.0,304.83713716447187,0.4285970552614008,1.0017942510908326,True
Horseshoe,2000,200,33,0.0029763688676666235,0.0,231.06435050563326,,1.0004228975424583,True
AEH,2000,200,34,0.0017006259203273203,0.0,308.67960125401225,0.4246204767852655,1.0014557696414812,True
Horseshoe,2000,200,34,0.0017452649708030181,0.0,256.94432130929357,,1.0009897849214884,True
AEH,2000,200,35,0.004508963622493893,0.0,221.82067601621029,0.4176209411423807,1.001108364414518,True
Horseshoe,2000,200,35,0.0045804390876243144,0.0,186.3078570680313,,1.0017046765022348,True
AEH,2000,200,36,0.0007785400933439618,0.0,308.7494956174801,0.42326633894884036,1.0016207190708328,True
Horseshoe,2000,200,36,0.0008018605950712694,0.0,253.28265446724265,,1.0006759772958,True
AEH,2000,200,37,0.003908400097128025,0.0,309.14421291834736,0.4186174159374376,1.0021703915778313,True
Horseshoe,2000,200,37,0.0039897730682484376,0.0,251.87791661295233,,1.000687031804155,True
AEH,2000,200,38,0.0016797349998230258,0.0,263.6514196609007,0.4205932823306533,1.001057622745213,True
Horseshoe,2000,200,38,0.0017429470784907537,0.0,205.04464707546825,,1.0006353415077787,True
AEH,2000,200,39,0.0009531354881177625,0.0,308.25987751482796,0.42150315545596706,1.0026461865043446,True
Horseshoe,2000,200,39,0.0009598907545039628,0.0,263.66225090251703,,1.000640212350526,True
AEH,2000,200,40,0.0030548172742311946,0.0,309.6907273907835,0.4166983831922225,1.0013585430229142,True
Horseshoe,2000,200,40,0.003127327869362978,0.0,251.6196789653797,,1.0003406106673625,True
AEH,2000,200,41,0.0006217821764498488,0.0,260.2151576636831,0.4259964489606519,1.1909627613826514,False
Horseshoe,2000,200,41,0.0006160671467608446,0.0,301.0444256377383,,1.0029531103277818,True
AEH,2000,200,42,0.0008617916586739036,0.0,276.74898049098596,0.4221327372126452,1.000577973552177,True
Horseshoe,2000,200,42,0.0008719883833492688,0.0,205.14160633454048,,1.001312582802041,True
AEH,2000,200,43,0.0015402299103952058,0.0,307.2411472895789,0.42924508077791557,1.0028859242977692,True
Horseshoe,2000,200,43,0.0015841781055796161,0.0,259.09299203960177,,1.0005554352202304,True
AEH,2000,200,44,0.0019035573423043558,0.0,282.326294045069,0.41873100734461577,1.0009137088964513,True
Horseshoe,2000,200,44,0.0019078509689103359,0.0,209.5899954454479,,1.0003579566580898,True
AEH,2000,200,45,0.0018380957281973875,0.0,308.79083461895823,0.421136797369541,1.0029181160864515,True
Horseshoe,2000,200,45,0.0018702083598733654,0.0,240.98389734702843,,1.0020107246435057,True
AEH,2000,200,46,0.0007710717660005708,0.0,309.2711896577412,0.420311197871168,1.0019989626190386,True
Horseshoe,2000,200,46,0.0007656387392281586,0.0,246.4971903989188,,1.000650699189005,True
AEH,2000,200,47,0.003043575567917911,0.0,304.34066096775763,0.4250832946353609,1.0012634930403388,True
Horseshoe,2000,200,47,0.0030991076779045496,0.0,232.45903801831656,,1.0007405922551529,True
AEH,2000,200,48,0.0033575822936930066,0.0,309.11246291668994,0.42405831283068773,1.0013022926164523,True
Horseshoe,2000,200,48,0.0034325258923477917,0.0,245.3401824141055,,1.001915771759411,True
AEH,2000,200,49,0.0008064935045310432,0.0,308.64439618766323,0.42736376803620557,1.0013648640160175,True
Horseshoe,2000,200,49,0.0008148777147514961,0.0,253.7858119179542,,1.0005873723222496,True
