condition,replication,wall_clock_s,MSE_signal,FPR,bulk_ESS,converged_alpha,PICP_90,rhat_max,converged_ok
Correct,0,1.5416161000030115,,,,,,1.081106466924542,False
Correct,1,1.4972228000406176,,,,,,1.0891797129944443,False
Correct,2,1.4923441000282764,,,,,,1.1283727624977677,False
Correct,3,1.5069394999882206,,,,,,1.098745369640146,False
Correct,4,1.5233200000366196,,,,,,1.1304884642929904,False
Correct,5,1.5619749000179581,,,,,,1.1629482460594647,False
Correct,6,1.52174150000792,,,,,,1.0669435081382446,False
Correct,7,1.4153703000047244,,,,,,1.0563247123580988,False
Correct,8,1.872199699981138,,,,,,2.19691432430466,False
Correct,9,1.5729142999625765,,,,,,1.063220217896607,False
Correct,10,1.3731841999688186,,,,,,1.099617748395509,False
Correct,11,1.6096271999995224,,,,,,1.2127717101179802,False
Correct,12,1.570654299983289,,,,,,1.07587584502199,False
Correct,13,1.3611578999552876,,,,,,1.1955409072404017,False
Correct,14,1.4928118999814615,,,,,,1.1608217739388405,False
Correct,15,1.6360141999903135,,,,,,1.2107409548176884,False
Correct,16,1.5252000000327826,,,,,,1.0900882549035853,False
Correct,17,1.3743668000097387,,,,,,1.2316574346673894,False
Correct,18,1.5238421999965794,,,,,,1.06021873527365,False
Correct,19,1.4598498999839649,,,,,,1.3185479069222157,False
Correct,20,1.579700700007379,,,,,,9.4344661340166,False
Correct,21,1.687340900010895,,,,,,1.1246081231738256,False
Correct,22,2.242351399967447,,,,,,1.113314771518149,False
Correct,23,1.7316917999996804,,,,,,1.1234430056061102,False
Correct,24,1.4623549000243656,,,,,,1.0807759957417828,False
Correct,25,1.5122059000423178,,,,,,1.0895068086315547,False
Correct,26,1.515685599995777,,,,,,1.1368464437417916,False
Correct,27,1.4487174000241794,,,,,,1.1013206789591503,False
Correct,28,1.7312643000041135,,,,,,23.832438920487043,False
Correct,29,1.586693799996283,,,,,,1.0986581372876953,False
Correct,30,1.7659626999520697,,,,,,1.0595913252737124,False
Correct,31,1.9666828000335954,,,,,,1.1908325040676255,False
Correct,32,1.612836399988737,,,,,,1.0942467466965262,False
Correct,33,1.5635049999691546,,,,,,2.303808986762112,False
Correct,34,1.4439237999613397,,,,,,1.1040701900934002,False
Correct,35,1.5385764999664389,,,,,,1.0549109567987145,False
Correct,36,1.4986252000089735,,,,,,1.066374410383733,False
Correct,37,1.4355283999466337,,,,,,1.0979803941482227,False
Correct,38,1.5233031999669038,,,,,,1.4552813155731736,False
Correct,39,1.4920297999633476,,,,,,1.0647210821965467,False
Correct,40,1.4521746000391431,,,,,,1.2203996838411677,False
Correct,41,1.5829728999524377,,,,,,1.421874710410039,False
Correct,42,1.5190178000484593,,,,,,1.1148742047684506,False
Correct,43,1.7428523999988101,,,,,,11.296416745891356,False
Correct,44,1.6480291000334546,0.01787320842064635,0.0,172.28804309029005,0.30920214116842615,0.93,1.033942584626493,True
Correct,45,1.587910100002773,,,,,,1.0640710866484737,False
Correct,46,1.611100299982354,0.015165166002006524,0.06666666666666667,144.92732828099005,0.2852891445065865,0.9566666666666667,1.0466946008097588,True
Correct,47,1.5348646000493318,,,,,,1.0512306040959543,False
Correct,48,1.6023616999736987,,,,,,2.3954313019024545,False
Correct,49,1.496746200020425,,,,,,1.0783842854539483,False
Fully swapped,0,1.5142679000273347,0.0007922856088307258,0.2,315.0810905781842,0.4456551876972695,0.9633333333333334,1.0021395662771815,True
Fully swapped,1,1.6452980999602005,0.006944375238051088,0.13333333333333333,304.39686929560094,0.4579689647096611,0.9566666666666667,1.0015599871855594,True
Fully swapped,2,1.5787632999708876,0.0030287043667376204,0.06666666666666667,310.2528117644078,0.46652655116143504,0.9433333333333334,1.0254937230388659,True
Fully swapped,3,1.6056926000164822,0.004871395125407291,0.06666666666666667,292.348622478478,0.4719413385836247,0.9466666666666667,1.0009684525485052,True
Fully swapped,4,1.547582200029865,0.009187890271651324,0.0,291.0514763029823,0.5191003160119488,0.9466666666666667,1.000608566638755,True
Fully swapped,5,1.596268399967812,0.005884140072664827,0.06666666666666667,264.8737384920273,0.5106231960732035,0.96,1.0040642458253726,True
Fully swapped,6,1.5675171000184491,0.03402164956542863,0.2,299.122802974574,0.45985390738013077,0.97,1.0011094600354626,True
Fully swapped,7,1.5518305000150576,0.012423896675443613,0.2,283.6944022447118,0.48882901871391343,0.9666666666666667,1.0077124285349954,True
Fully swapped,8,1.5913269000011496,0.021583357422940923,0.06666666666666667,284.81547759653677,0.45639532762615237,0.9533333333333334,1.003418214537874,True
Fully swapped,9,1.563218199997209,0.04880882818616986,0.13333333333333333,292.40827611740315,0.4723464779493117,0.9633333333333334,1.0020248796583107,True
Fully swapped,10,1.4902426000335254,0.0056663693777403755,0.06666666666666667,283.04335653645506,0.5008173579526247,0.9666666666666667,1.0053654458457024,True
Fully swapped,11,1.6094125999952666,0.0035879099534436,0.06666666666666667,204.34001751367467,0.4980183690236889,0.9633333333333334,1.0157913692190552,True
Fully swapped,12,1.703703899984248,0.02180663292594518,0.26666666666666666,306.4551833030364,0.4566527523215006,0.95,1.0014532169250279,True
Fully swapped,13,1.6621685000136495,0.006111935801945743,0.13333333333333333,304.2718368421332,0.46438243245400446,0.9766666666666667,1.0009622921028827,True
Fully swapped,14,1.4458301999839023,0.011333752872622746,0.13333333333333333,296.04095812094016,0.4774397496883392,0.96,1.00140319382292,True
Fully swapped,15,1.6096864999854006,0.00793899112659116,0.06666666666666667,292.84532571463967,0.49821967626063746,0.96,1.001568629487377,True
Fully swapped,16,1.6534932000213303,0.008719981610661624,0.2,198.6093457632451,0.47762427978499034,0.9566666666666667,1.02221674424789,True
Fully swapped,17,1.678942700033076,0.006111285172026623,0.4,287.22946344004356,0.42273536296159847,0.97,1.003010982821903,True
Fully swapped,18,1.6274024000158533,0.012052569958284074,0.13333333333333333,314.8874595529794,0.4735084937127153,0.9666666666666667,1.0008813940503531,True
Fully swapped,19,1.6847168000531383,0.0015713006648506102,0.13333333333333333,301.94006600037244,0.48903686317047124,0.9666666666666667,1.001274287644839,True
Fully swapped,20,1.53008639998734,,,,,,1.096890088100175,False
Fully swapped,21,1.5861094999709167,0.015393673870446462,0.0,318.94541948720536,0.508359894448459,0.96,1.00049442153277,True
Fully swapped,22,1.7361019999952987,0.00357834706285671,0.26666666666666666,302.21474869847265,0.43683964707849193,0.95,1.003904040378913,True
Fully swapped,23,1.5023790000122972,0.014658312508432036,0.06666666666666667,281.9850619941455,0.4920486839986158,0.9633333333333334,1.0014001576109666,True
Fully swapped,24,1.454280000005383,,,,,,1.6814706176554242,False
Fully swapped,25,1.5584529000334442,0.04819549308365352,0.06666666666666667,300.714951243151,0.4384922547698542,0.9466666666666667,1.0024342645154913,True
Fully swapped,26,1.574281900015194,0.010256850707161331,0.06666666666666667,305.2225074160074,0.48029793679853416,0.9533333333333334,1.00063753963434,True
Fully swapped,27,1.525810899969656,0.004698849865064573,0.13333333333333333,311.84867882369247,0.46805691878755307,0.9633333333333334,1.000613090852456,True
Fully swapped,28,1.5768005999852903,,,,,,1.1845043006667284,False
Fully swapped,29,1.5333942000288516,0.005749895189748198,0.06666666666666667,270.54955087490373,0.5257668715567597,0.9566666666666667,1.0051284552322348,True
Fully swapped,30,1.648402199964039,0.027148028027815248,0.06666666666666667,210.6553731750751,0.4621202031692309,0.97,1.0238950661551667,True
Fully swapped,31,1.5512864000047557,0.010043297937909609,0.13333333333333333,275.4862526217822,0.4757651366565139,0.9733333333333334,1.0012912800254128,True
Fully swapped,32,1.5643550000386313,,,,,,1.2614419275071165,False
Fully swapped,33,1.5545225000241771,0.0009257814980380844,0.0,304.0870065492681,0.5168477442095597,0.9666666666666667,1.0008756072223877,True
Fully swapped,34,1.568027000001166,,,,,,1.209508636426225,False
Fully swapped,35,1.6501238000346348,0.00581288768187367,0.2,295.9809684315272,0.4657713599170413,0.96,1.0005217164470543,True
Fully swapped,36,1.4868483999744058,,,,,,1.3002890666149758,False
Fully swapped,37,1.5109862000099383,,,,,,1.3037922585442214,False
Fully swapped,38,1.53686779999407,,,,,,1.5938434244497166,False
Fully swapped,39,1.5876046000048518,0.010193204585149423,0.0,295.1566540609683,0.5172925766041969,0.9666666666666667,1.0006622263126352,True
Fully swapped,40,1.6328873000456952,0.011656351762758789,0.06666666666666667,257.8816482647421,0.49363770366193427,0.9533333333333334,1.0241529466138948,True
Fully swapped,41,1.67070880002575,0.031081292433619893,0.13333333333333333,309.14701575460157,0.45757410149394473,0.98,1.0016440543541307,True
Fully swapped,42,1.564997699984815,0.007764705387802587,0.06666666666666667,284.4256564018164,0.4676062407379451,0.98,1.0111624195487259,True
Fully swapped,43,1.500404599995818,0.020177802483629156,0.0,253.06748533885244,0.49702699933219424,0.9966666666666667,1.0037056879731914,True
Fully swapped,44,1.5329035999602638,0.015266938357677456,0.06666666666666667,311.1488005370066,0.5257171220936212,0.95,1.0014429718280904,True
Fully swapped,45,1.5677281999960542,0.005079677465533173,0.26666666666666666,293.5380788801732,0.4430548429737823,0.95,1.0013933813779035,True
Fully swapped,46,1.6539190000039525,0.01670788526612451,0.2,314.57086160195695,0.4450205429265145,0.97,1.0301505876794166,True
Fully swapped,47,1.487600399996154,0.016886119742718676,0.06666666666666667,288.9027139729601,0.5143746984879398,0.9533333333333334,1.000984004624543,True
Fully swapped,48,1.6566205999697559,0.01211252784850165,0.06666666666666667,311.1220098941746,0.48853910285512203,0.9633333333333334,1.0018136940749751,True
Fully swapped,49,1.5424552999902517,0.0223989227398315,0.13333333333333333,304.20828766069565,0.48334886112269715,0.9666666666666667,1.001731873168188,True
Partial swap,0,1.4809687999659218,,,,,,1.0726033791179912,False
Partial swap,1,1.573331199993845,,,,,,1.2264856340060108,False
Partial swap,2,1.6473977999994531,,,,,,1.1102311646442375,False
Partial swap,3,1.4496855000033975,,,,,,1.1146908548721888,False
Partial swap,4,1.531537999981083,,,,,,1.0841707552489759,False
Partial swap,5,1.8049827999784611,,,,,,1.1476268485722068,False
Partial swap,6,1.5445617000223137,,,,,,1.083663797291327,False
Partial swap,7,1.532134999986738,,,,,,1.1117495293774444,False
Partial swap,8,1.6820977999595925,,,,,,1.1277845159765891,False
Partial swap,9,1.5734983999864198,,,,,,1.1892633919868543,False
Partial swap,10,1.4771741000004113,,,,,,1.1596976073566303,False
Partial swap,11,1.6000109000015073,,,,,,1.2053139480426938,False
Partial swap,12,1.496134799963329,,,,,,1.0980647161480999,False
Partial swap,13,1.4278771000099368,,,,,,14.535738622361418,False
Partial swap,14,1.5541571999783628,,,,,,1.1465768039394302,False
Partial swap,15,1.5423290000180714,,,,,,12.152177639447537,False
Partial swap,16,1.3649063999764621,,,,,,1.1052338946845437,False
Partial swap,17,1.5603394000208937,,,,,,1.0738024497871959,False
Partial swap,18,1.5842843999853358,,,,,,1.0697761575163436,False
Partial swap,19,1.5127334000426345,,,,,,1.1307919714931434,False
Partial swap,20,1.5732699000509456,0.00492522926754451,0.0,169.04839436178173,0.27674319814454573,0.93,1.0421017898490055,True
Partial swap,21,1.5556073999614455,,,,,,1.1586389293408152,False
Partial swap,22,1.5223213999997824,,,,,,1.0672417860406498,False
Partial swap,23,1.4669597999891266,,,,,,1.0973757988604345,False
Partial swap,24,1.506603499990888,,,,,,1.1162396005944253,False
Partial swap,25,1.5141531999688596,,,,,,1.0763302835871515,False
Partial swap,26,1.5490905999904498,,,,,,1.1618343786735714,False
Partial swap,27,1.5393648000317626,,,,,,1.1038497399845097,False
Partial swap,28,1.4288037999649532,,,,,,1.9223031445717549,False
Partial swap,29,1.4853806999744847,,,,,,3.937274039647055,False
Partial swap,30,1.684375100012403,0.017538201697155472,0.06666666666666667,154.4840964023352,0.2997302807503489,0.9666666666666667,1.0436021767974615,True
Partial swap,31,1.6305957000004128,,,,,,1.1628244806195545,False
Partial swap,32,1.5879969999659806,,,,,,1.091524237943075,False
Partial swap,33,1.6183199000079185,,,,,,5.154421761749924,False
Partial swap,34,1.593576600018423,,,,,,1.1007608896268744,False
Partial swap,35,1.4348795000114478,0.005458198019635052,0.0,164.0780359677736,0.2981248402346702,0.9366666666666666,1.0454515328905354,True
Partial swap,36,1.5810855000163428,,,,,,1.0821903395316055,False
Partial swap,37,1.637564399978146,,,,,,1.0872030396743502,False
Partial swap,38,1.4493647000053898,,,,,,8.865503863298215,False
Partial swap,39,1.6372426000307314,,,,,,1.1095528714956608,False
Partial swap,40,1.5240400000475347,,,,,,1.1130923605792218,False
Partial swap,41,1.702117599954363,0.021024766198925463,0.0,131.87269364753215,0.2873829009595621,0.9566666666666667,1.0439731374072445,True
Partial swap,42,1.5274987999582663,,,,,,1.1154257078308218,False
Partial swap,43,1.5309796999790706,,,,,,1.1787202978099556,False
Partial swap,44,1.8324341000407003,0.017675526582658578,0.0,172.06160121303975,0.30761221866730887,0.93,1.0335955446544574,True
Partial swap,45,1.6584146000095643,,,,,,1.1876890366752881,False
Partial swap,46,1.9744105000281706,,,,,,34.42134960390072,False
Partial swap,47,1.550896600005217,,,,,,1.1774740006687754,False
Partial swap,48,1.6646694000228308,,,,,,1.0919937891472848,False
Partial swap,49,2.239166999992449,,,,,,1.0737563694203534,False
All AEH,0,2.3438203999539837,0.0007227849667103354,0.2,314.9894142974922,0.32979402752958664,0.9633333333333334,1.0020431694575995,True
All AEH,1,1.790976700023748,0.005778395233471518,0.06666666666666667,304.3240006417358,0.33810042717632915,0.9566666666666667,1.0009412691330049,True
All AEH,2,1.5932432999834418,0.0027825176119512206,0.06666666666666667,309.74024138257084,0.33799002381756404,0.94,1.024404546143643,True
All AEH,3,1.5241837000357918,0.004050795543375262,0.06666666666666667,289.73945825051356,0.3312278787785059,0.95,1.0017898973485473,True
All AEH,4,1.568122000026051,0.008064407150706464,0.0,289.9223158983174,0.34019345344023877,0.95,1.0005949587294594,True
All AEH,5,1.5320041000377387,0.0051086241205164475,0.06666666666666667,264.51029137812367,0.35383124241490516,0.96,1.0041066415671842,True
All AEH,6,1.6452099000453018,0.028156150887855835,0.2,283.4103082275887,0.3382364821740228,0.97,1.0253177254146466,True
All AEH,7,2.1611436000093818,0.010575920078807548,0.13333333333333333,283.23040380660666,0.35812401072348654,0.9666666666666667,1.0077923344462463,True
All AEH,8,1.6421436000382528,0.018638792421477306,0.06666666666666667,282.01224157298583,0.32248530538338294,0.9533333333333334,1.0035575474163005,True
All AEH,9,1.5160389000084251,0.04033356777835023,0.06666666666666667,293.321086299235,0.3420002148493543,0.9633333333333334,1.00209914511553,True
All AEH,10,1.6674697000416927,0.004995373815984904,0.06666666666666667,282.843430439623,0.34845891680765106,0.9666666666666667,1.0049829561238541,True
All AEH,11,1.6779169999645092,0.0032800681053166392,0.06666666666666667,204.3473433741013,0.3382810165335912,0.9666666666666667,1.015698164512036,True
All AEH,12,1.601088700001128,0.017944882118784717,0.26666666666666666,305.52725505282285,0.33637046391964665,0.9466666666666667,1.0016401697892048,True
All AEH,13,2.075535600015428,0.005023721274279765,0.13333333333333333,305.13929578444686,0.33279329257387225,0.9766666666666667,1.0009506634171985,True
All AEH,14,1.9405247999820858,0.009306748456251051,0.13333333333333333,296.01861135635556,0.3426935561636816,0.96,1.0014676388857682,True
All AEH,15,1.7699098999728449,0.007081275451149921,0.06666666666666667,292.3496993587373,0.3483399736665347,0.96,1.001351805558426,True
All AEH,16,1.704971499973908,0.007657389526669578,0.2,198.82086233747344,0.351790507294961,0.9566666666666667,1.016090041140213,True
All AEH,17,1.5923631000332534,0.004909224553443808,0.4,287.43508516118493,0.32531889932232805,0.97,1.0028578026439399,True
All AEH,18,1.53237369999988,0.00974465992223403,0.13333333333333333,314.2139968075166,0.33283354214191685,0.9666666666666667,1.0006964104039306,True
All AEH,19,1.5879771999898367,0.0014168551957494109,0.13333333333333333,301.19022145307156,0.3419557372856583,0.9666666666666667,1.0009582696247046,True
All AEH,20,1.8791871999856085,,,,,,1.0949290793333333,False
All AEH,21,1.7277874000137672,0.012860369899075278,0.0,318.433489568417,0.3381555069701956,0.96,1.000927304217191,True
All AEH,22,1.6713225999847054,0.002950863802935594,0.26666666666666666,302.1053628215641,0.32649091443917955,0.95,1.0039195673926735,True
All AEH,23,1.7309234000276774,0.012978996928699407,0.06666666666666667,283.4633085843163,0.351572848641161,0.9666666666666667,1.0014676419153634,True
All AEH,24,1.8296693000011146,,,,,,1.5284637576909412,False
All AEH,25,1.5722506000311114,0.03961755951778108,0.06666666666666667,300.21698246800923,0.32507325642479745,0.9466666666666667,1.0027072860846467,True
All AEH,26,1.5269044000306167,0.007977943509506978,0.0,305.7849738331225,0.33836304773867154,0.95,1.0006292049683878,True
All AEH,27,1.859756899997592,0.004074398431487613,0.13333333333333333,312.9138563792888,0.3371363721595475,0.9633333333333334,1.0007006896724655,True
All AEH,28,1.5868305999902077,,,,,,1.1846986915213218,False
All AEH,29,1.9462721000309102,0.0047544419708203545,0.06666666666666667,270.6428182574234,0.3341403140903879,0.9566666666666667,1.0049857073927178,True
All AEH,30,1.568470600002911,0.02273717858492939,0.06666666666666667,210.44233076288637,0.34151458639866994,0.97,1.025337099075902,True
All AEH,31,1.6269601000240073,0.008870863187318608,0.13333333333333333,270.6678310416336,0.3313206447151782,0.97,1.0015359220110664,True
All AEH,32,1.5448003000346944,,,,,,1.2699489854842323,False
All AEH,33,1.598823199979961,0.0008280327410688657,0.0,304.13868001036246,0.3506201743467927,0.9666666666666667,1.000874122971058,True
All AEH,34,1.66279560001567,,,,,,1.426486386120465,False
All AEH,35,1.6320637000026181,0.004969458466857687,0.2,295.71748076591723,0.33866933414573397,0.96,1.0005821592226616,True
All AEH,36,1.6945545000489801,,,,,,1.2619120102070789,False
All AEH,37,1.5008506000158377,,,,,,1.197475929518165,False
All AEH,38,1.5218918999889866,,,,,,1.5935132520390176,False
All AEH,39,1.6376993999583647,0.008673637238713228,0.0,294.28037562585075,0.3437568894495344,0.9666666666666667,1.0006326774912655,True
All AEH,40,1.572306199988816,0.00997344352673506,0.06666666666666667,256.64174569222786,0.3433474942235374,0.9533333333333334,1.023674960706982,True
All AEH,41,1.636613300011959,0.02633813147534504,0.13333333333333333,307.4158175842066,0.3273438630769485,0.98,1.0017586707501989,True
All AEH,42,1.5736943999654613,0.006926964341092523,0.06666666666666667,284.5003863657579,0.32795926719298185,0.98,1.0110891670114281,True
All AEH,43,1.537931300001219,0.016688521605160093,0.0,252.61159403048046,0.33597137561599133,0.9966666666666667,1.0037261222429026,True
All AEH,44,1.4807720999815501,0.014045805551863327,0.06666666666666667,310.2537489653084,0.35405681869062877,0.95,1.0013952896040281,True
All AEH,45,1.5985384000232443,0.004481822883426852,0.26666666666666666,293.51300137350984,0.33116958671644914,0.95,1.0015033730133616,True
All AEH,46,1.613194299978204,0.013975856178532295,0.2,314.29136303467504,0.32493755511717604,0.9733333333333334,1.0306431836611798,True
All AEH,47,1.5338726000045426,0.014382207292713892,0.06666666666666667,289.37461812219976,0.34299493347640464,0.9533333333333334,1.0009636379059481,True
All AEH,48,1.587904299958609,0.010136751191204888,0.06666666666666667,310.1644445132189,0.34230963968938577,0.9633333333333334,1.0016995506120392,True
All AEH,49,1.7188414999982342,0.018804975340879753,0.13333333333333333,304.34145404444706,0.3364438999382494,0.9633333333333334,1.0018735828510013,True
