p,rho,replication,method,wall_clock_s,MSE_signal,FPR,bulk_ESS,converged_alpha,PICP_90,rhat_max,converged_ok
50,0.5,0,AEH,5.0803184999967925,,,,,,1.1285079334200876,False
50,0.5,0,Horseshoe,4.760144800005946,0.003436967576186423,0.025,266.9942725162376,,,1.043988764538428,True
50,0.5,0,Regularized Horseshoe,4.204519399994751,0.0034571045095210576,0.0,273.25276966831444,,,1.0015905192002177,True
50,0.5,1,AEH,4.928229800018016,,,,,,1.05835363168779,False
50,0.5,1,Horseshoe,4.912343000003602,,,,,,1.0741168342688292,False
50,0.5,1,Regularized Horseshoe,4.943543400004273,0.005178766146105086,0.2,274.60578584562995,,,1.0015479592530057,True
50,0.5,2,AEH,5.4683682000031695,0.005885047167556294,0.225,250.16712756582405,0.5193901160407781,,1.01185476447438,True
50,0.5,2,Horseshoe,4.019627600006061,0.006233365445154146,0.225,265.4806113853993,,,1.0485397686142028,True
50,0.5,2,Regularized Horseshoe,3.5007680999988224,0.005835816535340767,0.2,259.5541670868929,,,1.0021820280697076,True
50,0.5,3,AEH,3.9775613000092562,0.006815278369500676,0.05,223.76736301617385,0.5277926375448365,,1.0244089561480116,True
50,0.5,3,Horseshoe,4.218689500004984,,,,,,1.0893674203142167,False
50,0.5,3,Regularized Horseshoe,4.090993899997557,0.006892718217789232,0.025,252.40206013067126,,,1.0015012331297422,True
50,0.5,4,AEH,3.8902138999837916,,,,,,1.0522833839307664,False
50,0.5,4,Horseshoe,3.3443588000081945,0.006356733891268042,0.1,249.671458345135,,,1.015814643006266,True
50,0.5,4,Regularized Horseshoe,3.4794245999946725,0.005890723254579989,0.1,276.3260074318648,,,1.0034799498810054,True
50,0.5,5,AEH,4.914023500023177,,,,,,1.1373006452649188,False
50,0.5,5,Horseshoe,4.852078299998539,0.004432540539205694,0.2,233.77668274699184,,,1.044230185001762,True
50,0.5,5,Regularized Horseshoe,6.477078600000823,,,,,,1.0554332990349915,False
50,0.5,6,AEH,6.3863525000051595,,,,,,1.132191200039021,False
50,0.5,6,Horseshoe,4.648040800006129,0.004499157777397704,0.1,261.83687306480255,,,1.0130069009547782,True
50,0.5,6,Regularized Horseshoe,4.728205199993681,0.004326088305616546,0.1,269.76838450332264,,,1.0149960884917897,True
50,0.5,7,AEH,4.374247200001264,,,,,,1.062556809619446,False
50,0.5,7,Horseshoe,3.4057314999809023,0.0045578554734214734,0.1,251.17756538761975,,,1.028532799614234,True
50,0.5,7,Regularized Horseshoe,2.898312800010899,0.004137689516835084,0.1,255.923161269797,,,1.0009971604683812,True
50,0.5,8,AEH,3.746639899996808,0.0032320850128012813,0.175,228.72928105895494,0.5253669099708029,,1.0273879362585665,True
50,0.5,8,Horseshoe,3.5256274999992456,0.0033414733842589443,0.125,263.50836849500547,,,1.0141611789929648,True
50,0.5,8,Regularized Horseshoe,2.467323300021235,0.0034199410155284576,0.125,272.0541755396618,,,1.0019320548086028,True
50,0.5,9,AEH,3.290463799989084,0.004610564295585405,0.125,243.22776602200858,0.5292833954247194,,1.047590988978073,True
50,0.5,9,Horseshoe,3.0794372000091244,0.004725449647520316,0.125,266.298013951254,,,1.036513965997523,True
50,0.5,9,Regularized Horseshoe,2.2768866999831516,0.0044913179976425206,0.1,280.0533128062533,,,1.0041921303416013,True
50,0.5,10,AEH,3.5057651000097394,,,,,,1.0521454003572892,False
50,0.5,10,Horseshoe,3.097956299985526,0.006916009108690187,0.125,242.96926768043988,,,1.0254255466303914,True
50,0.5,10,Regularized Horseshoe,2.2092269999848213,0.0073775341438108155,0.1,253.73968347089453,,,1.0014581311016266,True
50,0.5,11,AEH,2.658575999987079,,,,,,1.0930796852726883,False
50,0.5,11,Horseshoe,2.3021677999931853,0.0076451038162553995,0.2,209.16929552043646,,,1.038067037010239,True
50,0.5,11,Regularized Horseshoe,2.7908058000029996,0.006615769795915237,0.125,281.3941509503451,,,1.003209847839807,True
50,0.5,12,AEH,3.382720199995674,,,,,,1.1257338610339154,False
50,0.5,12,Horseshoe,2.303369599976577,0.01532028173208456,0.1,248.65021570233654,,,1.0344713577335714,True
50,0.5,12,Regularized Horseshoe,1.8385874000086915,0.015806295442601124,0.125,267.9592793751033,,,1.0030774811552856,True
50,0.5,13,AEH,2.327939900016645,0.003503106212779751,0.2,240.38080168146007,0.5172103418738221,,1.0408331291622595,True
50,0.5,13,Horseshoe,1.9530268000089563,,,,,,1.0776583673372646,False
50,0.5,13,Regularized Horseshoe,1.7712414999841712,0.003286352504428168,0.2,280.2986400538289,,,1.001853444116083,True
50,0.5,14,AEH,2.3750449000217486,0.001957198259788991,0.075,212.05802671835738,0.5202454674282091,,1.0492804367609887,True
50,0.5,14,Horseshoe,2.0094397999928333,0.0021711290063000355,0.075,269.3983641932808,,,1.026746254870949,True
50,0.5,14,Regularized Horseshoe,1.9506495999812614,0.0021166758504853308,0.075,255.86032094523645,,,1.0232546349895042,True
50,0.5,15,AEH,2.3574674999981653,0.008105649864520226,0.15,175.72859905094032,0.5295443492122497,,1.0182686218017423,True
50,0.5,15,Horseshoe,1.9163216000015382,0.008707106693905845,0.15,235.5244103110585,,,1.0406291080655636,True
50,0.5,15,Regularized Horseshoe,1.8939348999992944,0.008900472419343648,0.125,252.27527537630291,,,1.003505239988066,True
50,0.5,16,AEH,2.3552793999842834,0.005229636871027793,0.2,239.60859223180483,0.5170231116010681,,1.0465118062777976,True
50,0.5,16,Horseshoe,1.9894210000056773,0.005474264456660187,0.25,274.04907477338276,,,1.0348066412889214,True
50,0.5,16,Regularized Horseshoe,1.8463583000120707,0.00519998039293706,0.175,273.4063513343402,,,1.0031406737772788,True
50,0.5,17,AEH,2.222326399991289,0.004565106920816115,0.125,238.01949641135528,0.5258485051680521,,1.0177441645200571,True
50,0.5,17,Horseshoe,2.2121574000047985,,,,,,1.06468963596249,False
50,0.5,17,Regularized Horseshoe,1.8331203999987338,0.0047030866579641645,0.125,258.7377913162661,,,1.0022270022952835,True
50,0.5,18,AEH,2.5110972999827936,,,,,,1.2369021345084887,False
50,0.5,18,Horseshoe,2.0705485999933444,0.003945601232149489,0.1,244.65984125935924,,,1.0080220297783897,True
50,0.5,18,Regularized Horseshoe,1.942542200005846,0.004338060322654832,0.075,275.49489453071743,,,1.0042533105457085,True
50,0.5,19,AEH,2.8617775999882724,,,,,,1.2919140108277494,False
50,0.5,19,Horseshoe,2.3656626000010874,,,,,,1.1281846976715124,False
50,0.5,19,Regularized Horseshoe,2.0654878999921493,0.007400986250782173,0.2,267.4948822865958,,,1.0026256383130794,True
50,0.5,20,AEH,2.7226328999968246,,,,,,1.0718096709686946,False
50,0.5,20,Horseshoe,5.933891300024698,0.005977622950259901,0.15,263.57383982420464,,,1.02401047464636,True
50,0.5,20,Regularized Horseshoe,6.561751600005664,0.006545678337950761,0.15,276.64835484952494,,,1.0029685821566123,True
50,0.5,21,AEH,5.831575099990005,0.006419335148312244,0.2,234.55200016780367,0.5205842722490338,,1.017714589660579,True
50,0.5,21,Horseshoe,6.336112399992999,0.006853247102422114,0.2,265.92786054491074,,,1.038650458344006,True
50,0.5,21,Regularized Horseshoe,5.570887200010475,0.006851705491376592,0.15,258.8924879968876,,,1.0024235937671315,True
50,0.5,22,AEH,6.674823199980892,,,,,,1.0732232426578474,False
50,0.5,22,Horseshoe,5.765281699976185,0.006227280017848047,0.05,259.782939914466,,,1.0415862014963189,True
50,0.5,22,Regularized Horseshoe,5.752213400002802,0.0074149457829269395,0.05,266.2789018134315,,,1.0025300525417187,True
50,0.5,23,AEH,5.435829800000647,,,,,,1.0570857142064576,False
50,0.5,23,Horseshoe,4.472438199998578,0.006442323304161168,0.025,252.3116006452599,,,1.0433944606712249,True
50,0.5,23,Regularized Horseshoe,4.549055700015742,0.006156362557694401,0.05,259.54509849318265,,,1.0034530392323653,True
50,0.5,24,AEH,5.458184799994342,0.007729054530464921,0.2,188.2251377821746,0.5231297048821153,,1.0173213207098635,True
50,0.5,24,Horseshoe,6.152508699975442,0.008024052192815264,0.2,242.8048662047503,,,1.041268042585239,True
50,0.5,24,Regularized Horseshoe,4.937476799997967,0.00781934049458053,0.2,260.63684414800616,,,1.0055761548105775,True
50,0.5,25,AEH,6.992044500017073,,,,,,1.0674552912361224,False
50,0.5,25,Horseshoe,6.056966400006786,0.008482654095593654,0.175,255.29530708987667,,,1.0363341086877846,True
50,0.5,25,Regularized Horseshoe,6.273597399995197,0.009491700042469861,0.125,275.9401494779879,,,1.0025202108419058,True
50,0.5,26,AEH,6.475015200005146,,,,,,1.0570255246231466,False
50,0.5,26,Horseshoe,5.9588045999989845,0.00902651929474028,0.075,248.05290918009962,,,1.0250570439105102,True
50,0.5,26,Regularized Horseshoe,6.148566699994262,0.008796245256678416,0.1,272.00246567349467,,,1.001943900728499,True
50,0.5,27,AEH,7.975620899989735,,,,,,1.0645205561685551,False
50,0.5,27,Horseshoe,6.695440199982841,0.006570132398012957,0.125,267.4445979449423,,,1.0223902372236724,True
50,0.5,27,Regularized Horseshoe,5.7285095999832265,,,,,,2.5169574999670195,False
50,0.5,28,AEH,7.412931599974399,0.0053426780193194644,0.125,233.61893088106947,0.5242489162362728,,1.0298419469849793,True
50,0.5,28,Horseshoe,4.9391310999926645,0.005556720915867693,0.125,269.40275297161895,,,1.0322493934948733,True
50,0.5,28,Regularized Horseshoe,4.347140400001081,0.006070002294560608,0.125,259.97569017086795,,,1.006101006259197,True
50,0.5,29,AEH,7.743511300010141,0.0020961122128886275,0.2,254.3722899764556,0.5249858824929736,,1.0058650739427146,True
50,0.5,29,Horseshoe,7.637879999994766,0.0020160046629905553,0.175,260.4787888900642,,,1.0343328601894346,True
50,0.5,29,Regularized Horseshoe,7.015383999998448,0.0019578234059020212,0.15,276.1249441564752,,,1.004126220712856,True
50,0.7,0,AEH,6.730636699998286,0.005584682555851194,0.075,277.6312015515906,0.47215504520391394,,1.0222951485258664,True
50,0.7,0,Horseshoe,6.829980000009527,0.006292437089203992,0.05,278.22180100128475,,,1.0173818443010763,True
50,0.7,0,Regularized Horseshoe,6.233460400020704,0.006444732729438511,0.05,239.74487850636189,,,1.011222771821587,True
50,0.7,1,AEH,7.956407499994384,,,,,,1.0747116019287644,False
50,0.7,1,Horseshoe,6.864442199992482,,,,,,1.0648485823966294,False
50,0.7,1,Regularized Horseshoe,5.17897430001176,,,,,,3.4302328451450332,False
50,0.7,2,AEH,7.070506699994439,0.00934085885015591,0.175,261.0270941443334,0.47630511777682105,,1.0209127058184433,True
50,0.7,2,Horseshoe,5.181792599993059,0.010145227416642774,0.175,274.5701731423717,,,1.0233589526720173,True
50,0.7,2,Regularized Horseshoe,4.909583600005135,0.009918036274901305,0.2,268.0632148936628,,,1.0113424005332405,True
50,0.7,3,AEH,5.28657490000478,0.007370036847673432,0.125,267.5966992607797,0.4781364286393378,,1.0256788499021117,True
50,0.7,3,Horseshoe,5.09697650000453,0.007967493101486287,0.125,265.002204858233,,,1.0143575644808596,True
50,0.7,3,Regularized Horseshoe,7.463689800002612,0.00778676176569796,0.1,242.6441443452981,,,1.005114392091739,True
50,0.7,4,AEH,8.149042999983067,,,,,,1.0528343784154377,False
50,0.7,4,Horseshoe,6.633189999993192,,,,,,1.0598789804582356,False
50,0.7,4,Regularized Horseshoe,4.280539100000169,0.01014341479371483,0.1,230.72386248707687,,,1.0164903129672724,True
50,0.7,5,AEH,7.95220369999879,,,,,,1.0622421349103164,False
50,0.7,5,Horseshoe,6.89733909998904,0.015948165377650057,0.1,247.09743098894523,,,1.0289604409799296,True
50,0.7,5,Regularized Horseshoe,4.324284600006649,0.016287281749139577,0.1,250.58427556869668,,,1.0352700548598412,True
50,0.7,6,AEH,6.010544199991273,0.0007412766852974401,0.175,246.93004186593475,0.47271996630486124,,1.0338692673651217,True
50,0.7,6,Horseshoe,4.640463199990336,0.0007028599035538493,0.175,270.32398306015216,,,1.0083334095825858,True
50,0.7,6,Regularized Horseshoe,4.525880800007144,0.0006626042763352974,0.15,268.7843446888561,,,1.0074560259744019,True
50,0.7,7,AEH,7.237184199999319,,,,,,1.050911124330059,False
50,0.7,7,Horseshoe,7.17519480001647,0.0071751988645832685,0.125,245.68610444869972,,,1.0138736086743285,True
50,0.7,7,Regularized Horseshoe,5.835361300007207,0.006556008912844659,0.125,269.5188354084683,,,1.0073469712788503,True
50,0.7,8,AEH,6.3204502999724355,0.0047048559553975865,0.125,257.76493733089666,0.48196801912024945,,1.0413174764400377,True
50,0.7,8,Horseshoe,6.783293699991191,0.005334084278268445,0.125,262.7075788118836,,,1.0074699418314612,True
50,0.7,8,Regularized Horseshoe,6.426684900012333,0.005671470916139075,0.125,259.0340789568106,,,1.0059972777436874,True
50,0.7,9,AEH,6.8150365999899805,0.006400579468634919,0.175,239.1157735132284,0.47347168086834235,,1.035580137945704,True
50,0.7,9,Horseshoe,6.027751200017519,0.006649830699326248,0.15,275.32465411084314,,,1.0100507793393598,True
50,0.7,9,Regularized Horseshoe,6.861908799997764,0.0064808737981520165,0.15,260.92554641071547,,,1.0038052894149745,True
50,0.7,10,AEH,5.403550799994264,0.008120491335018302,0.05,225.35824586190364,0.4780599274562095,,1.0486710227981832,True
50,0.7,10,Horseshoe,6.028216200007591,0.008951390265817937,0.075,256.1130102319818,,,1.0146377143443073,True
50,0.7,10,Regularized Horseshoe,5.909771299979184,0.00793836830746212,0.075,240.82206207828415,,,1.0025583119944257,True
50,0.7,11,AEH,6.146082000021124,0.01337633485316235,0.175,224.76728457039007,0.4624715065627275,,1.034765664260914,True
50,0.7,11,Horseshoe,6.159353099996224,0.014435117107670491,0.2,267.07282374474363,,,1.0306783354259945,True
50,0.7,11,Regularized Horseshoe,5.70070630000555,0.014477140614388234,0.15,257.66622525318473,,,1.0036887062236184,True
50,0.7,12,AEH,7.196049499994842,,,,,,1.0662809739159147,False
50,0.7,12,Horseshoe,6.194180999998935,,,,,,1.1162583125393024,False
50,0.7,12,Regularized Horseshoe,5.59184120001737,0.028260107719934324,0.125,270.3492210876631,,,1.0051506871132274,True
50,0.7,13,AEH,7.211890200007474,0.010338259871704602,0.15,234.11615990049452,0.469822049539517,,1.0079750349771477,True
50,0.7,13,Horseshoe,7.051557900005719,,,,,,1.076483512008557,False
50,0.7,13,Regularized Horseshoe,6.137291000020923,0.011335204455288215,0.15,252.9099908226659,,,1.0168228574197418,True
50,0.7,14,AEH,6.84624939999776,,,,,,1.0754950411129511,False
50,0.7,14,Horseshoe,5.921219599986216,0.00422857066471965,0.15,264.1447973556853,,,1.0282625622771424,True
50,0.7,14,Regularized Horseshoe,5.585702699987451,0.0035670220147878532,0.15,264.42092984201145,,,1.0068863222340807,True
50,0.7,15,AEH,6.161518700013403,0.011949394795913046,0.075,196.61870530169017,0.4806019860668368,,1.0493120564437095,True
50,0.7,15,Horseshoe,5.870462199993199,0.013820314446492557,0.075,228.0628561223292,,,1.0443869811757756,True
50,0.7,15,Regularized Horseshoe,5.177903499978129,,,,,,1.5990992969805062,False
50,0.7,16,AEH,7.712482500006445,0.010877299881689676,0.225,273.1154557358465,0.4485482218922735,,1.0109266954171745,True
50,0.7,16,Horseshoe,6.1904658999992535,,,,,,1.0981512299869394,False
50,0.7,16,Regularized Horseshoe,6.063549599988619,0.010877077948151875,0.15,272.08356342741905,,,1.0043274476386999,True
50,0.7,17,AEH,7.565050800010795,0.007778040264861688,0.175,255.59156523343322,0.46893391779882754,,1.0465849148459911,True
50,0.7,17,Horseshoe,6.935577900003409,0.008733254642855596,0.075,266.5602286340356,,,1.0060146595507324,True
50,0.7,17,Regularized Horseshoe,6.180075199983548,0.00943175912648636,0.075,231.87703149121484,,,1.0086180634982171,True
50,0.7,18,AEH,7.3575915999826975,,,,,,1.0720055197298848,False
50,0.7,18,Horseshoe,6.815994400007185,0.0040586496430933825,0.075,256.4039076188408,,,1.03478844244437,True
50,0.7,18,Regularized Horseshoe,6.075516399985645,0.004779685099766309,0.075,239.8124309837528,,,1.0022291226358049,True
50,0.7,19,AEH,6.939922099991236,,,,,,1.0707220732277758,False
50,0.7,19,Horseshoe,6.7185585999977775,0.010667351497448168,0.3,260.53510285808966,,,1.02232975058135,True
50,0.7,19,Regularized Horseshoe,6.146491399995284,0.0097699795152951,0.2,264.9257565984348,,,1.0052604997119863,True
50,0.7,20,AEH,6.707294899999397,0.009845269072799905,0.15,253.74559597904707,0.45854644374498854,,1.0316220366450748,True
50,0.7,20,Horseshoe,5.15551919999416,0.010578050398272695,0.15,282.2380163748707,,,1.0261069450956364,True
50,0.7,20,Regularized Horseshoe,5.32698110002093,0.009924058315517206,0.15,252.8685617990144,,,1.0035388667297167,True
50,0.7,21,AEH,6.423739299993031,0.011296114574957368,0.15,228.47369467631856,0.4702824219213406,,1.0121652452809584,True
50,0.7,21,Horseshoe,6.361266499996418,,,,,,1.0710054333211454,False
50,0.7,21,Regularized Horseshoe,5.185811700008344,0.01252948542434124,0.1,242.78317400932627,,,1.0052380200701798,True
50,0.7,22,AEH,7.245659600012004,,,,,,1.0538272108893008,False
50,0.7,22,Horseshoe,6.150263499992434,0.0032423701571199378,0.05,221.50873649934385,,,1.0129057707333067,True
50,0.7,22,Regularized Horseshoe,5.311306499992497,0.0033060733945973948,0.075,257.29369158184295,,,1.0053994488619171,True
50,0.7,23,AEH,6.124385600007372,0.0086035702739111,0.075,231.12086696426184,0.46172069614986355,,1.022250709701417,True
50,0.7,23,Horseshoe,5.843523799994728,0.009425735135369345,0.075,263.5053546849493,,,1.0336965289579336,True
50,0.7,23,Regularized Horseshoe,5.216740700008813,0.00979253979221017,0.075,230.89152272845587,,,1.0086104776593547,True
50,0.7,24,AEH,6.747380899993004,0.007945131309909523,0.2,226.8923550174986,0.4665867617266509,,1.0129959093724858,True
50,0.7,24,Horseshoe,6.202356499998132,,,,,,1.0532052489461363,False
50,0.7,24,Regularized Horseshoe,6.872757699980866,0.007956780931856224,0.2,247.09267447290847,,,1.0112741542689219,True
50,0.7,25,AEH,6.756602300010854,,,,,,1.0605084116653556,False
50,0.7,25,Horseshoe,5.315953100012848,0.013613918309193238,0.275,268.54838022231337,,,1.0199631895801122,True
50,0.7,25,Regularized Horseshoe,4.9009447999997064,0.012679721502087928,0.275,244.668194131013,,,1.0054876585413302,True
50,0.7,26,AEH,6.264301399991382,0.012907981381960556,0.2,188.40318456252572,0.4819392371907736,,1.0368009834332896,True
50,0.7,26,Horseshoe,5.698525499989046,0.013569061022523593,0.175,256.9524017680765,,,1.0298950392108255,True
50,0.7,26,Regularized Horseshoe,6.287594800000079,0.013455163665873826,0.175,267.362001661938,,,1.0036589780725724,True
50,0.7,27,AEH,8.64635769999586,,,,,,1.10206481485669,False
50,0.7,27,Horseshoe,7.4841447999933735,0.01157559201921576,0.1,270.5799748435496,,,1.031687286348236,True
50,0.7,27,Regularized Horseshoe,6.497013999993214,0.011905542457554213,0.1,245.8039843636208,,,1.0035110038276753,True
50,0.7,28,AEH,8.312815200013574,0.009588802901903013,0.025,257.3823481516697,0.48180087034118835,,1.0113595992900493,True
50,0.7,28,Horseshoe,7.385154999996303,0.01037250904747325,0.025,271.94305157867274,,,1.0082182439916318,True
50,0.7,28,Regularized Horseshoe,5.486401700007264,0.009393313813465427,0.025,262.92701178161457,,,1.0080712630722664,True
50,0.7,29,AEH,8.106399300013436,,,,,,1.0818152234939542,False
50,0.7,29,Horseshoe,6.909501400019508,0.0028061301973166166,0.175,246.30723571213795,,,1.0230153536735622,True
50,0.7,29,Regularized Horseshoe,6.610841100016842,0.003469972134034824,0.175,248.75084141568314,,,1.0038268669173105,True
50,0.9,0,AEH,8.014834400004474,0.012804446478206475,0.075,277.92072966785423,0.3489649344901067,,1.0115266499002096,True
50,0.9,0,Horseshoe,6.608698800002458,0.017750617631765747,0.05,223.54024125666896,,,1.0351385005325775,True
50,0.9,0,Regularized Horseshoe,5.707488399988506,0.017941576246787414,0.05,230.80551063318669,,,1.0191042279308282,True
50,0.9,1,AEH,6.036661299993284,,,,,,1.070779577103649,False
50,0.9,1,Horseshoe,5.6221197999839205,0.03176536434059216,0.15,252.27500593314838,,,1.028577377719094,True
50,0.9,1,Regularized Horseshoe,5.272911000007298,0.0328967527723213,0.15,230.24532806942182,,,1.0343320407064716,True
50,0.9,2,AEH,6.467943399999058,0.0282645993910395,0.175,256.6381201847329,0.35516654006552717,,1.0365250209327614,True
50,0.9,2,Horseshoe,6.0258614999766,0.036812066026021474,0.15,272.8168399391867,,,1.0495028355437572,True
50,0.9,2,Regularized Horseshoe,5.458040599973174,0.034310947659303134,0.15,228.4691126840529,,,1.021002312376304,True
50,0.9,3,AEH,8.413773400010541,0.02067998928852911,0.075,251.76212040424448,0.36494842907129377,,1.0087518291665247,True
50,0.9,3,Horseshoe,7.4202558000106364,0.02662561071112906,0.075,270.1356379779211,,,1.0082519128635794,True
50,0.9,3,Regularized Horseshoe,6.40565499998047,0.027106695749761146,0.05,221.40613558215503,,,1.0150264274308685,True
50,0.9,4,AEH,7.107280199998058,0.01687262647204144,0.15,270.4739775122618,0.36622052052416065,,1.041873245722024,True
50,0.9,4,Horseshoe,7.799045899999328,0.021827591837561094,0.125,270.84321329090807,,,1.0125514509906752,True
50,0.9,4,Regularized Horseshoe,5.845425000006799,0.02159832431812641,0.1,236.4600891329757,,,1.0193262591912173,True
50,0.9,5,AEH,8.192802000005031,0.04025514424729345,0.125,218.43279668420354,0.3505133585675777,,1.026363037772368,True
50,0.9,5,Horseshoe,5.6746082000026945,0.05049019811945865,0.15,259.85680853597756,,,1.0444652139536874,True
50,0.9,5,Regularized Horseshoe,7.08516050002072,0.050785102774553594,0.125,230.80721325777392,,,1.0147873430995187,True
50,0.9,6,AEH,7.753066600009333,,,,,,1.0641070783579005,False
50,0.9,6,Horseshoe,7.978055800020229,0.006140128960096823,0.175,279.92513489929314,,,1.005078091025112,True
50,0.9,6,Regularized Horseshoe,7.25880809998489,0.006076978584334043,0.15,190.53627285539199,,,1.0190307220261072,True
50,0.9,7,AEH,8.801369699998759,0.01915199000547277,0.075,216.93025641798803,0.33948486914718445,,1.0485078260183407,True
50,0.9,7,Horseshoe,6.927021300012711,0.02579548485719262,0.05,265.908869506139,,,1.019494125658094,True
50,0.9,7,Regularized Horseshoe,7.4453081999963615,0.02569976499006475,0.075,240.62736636077523,,,1.017876019265123,True
50,0.9,8,AEH,8.586059900000691,0.010311591273836294,0.1,260.552428537726,0.357675138535579,,1.0273968073307806,True
50,0.9,8,Horseshoe,7.498621999984607,,,,,,1.0513378957974437,False
50,0.9,8,Regularized Horseshoe,6.471607899991795,0.013648472264087627,0.075,228.35025971183302,,,1.0109988216308734,True
50,0.9,9,AEH,8.709544800018193,,,,,,1.0614539355184565,False
50,0.9,9,Horseshoe,8.060562600003323,,,,,,1.067356157451382,False
50,0.9,9,Regularized Horseshoe,6.663794299995061,0.0209869770422521,0.1,222.33913953326487,,,1.0171252795288284,True
50,0.9,10,AEH,7.376985900016734,0.017346433722838717,0.175,274.28350005494997,0.36722955326368023,,1.0174867535313947,True
50,0.9,10,Horseshoe,7.773735299997497,0.023336031759827378,0.2,270.04351590869777,,,1.0168877978553954,True
50,0.9,10,Regularized Horseshoe,7.031241999997292,0.01994174705815697,0.175,230.37873740999476,,,1.010102016294327,True
50,0.9,11,AEH,7.984524899977259,,,,,,1.052534528504333,False
50,0.9,11,Horseshoe,7.1307489000028,0.044807026300042324,0.1,262.75632811150865,,,1.0243025488782613,True
50,0.9,11,Regularized Horseshoe,6.721367099991767,0.046283862755886154,0.1,235.89250494721387,,,1.0134300042021873,True
50,0.9,12,AEH,7.538603599998169,0.06371460666993693,0.125,209.47653991846428,0.3482354227833993,,1.0409203224551284,True
50,0.9,12,Horseshoe,7.151820200000657,0.09139386832773985,0.125,265.4946641147748,,,1.0324860681302421,True
50,0.9,12,Regularized Horseshoe,5.745429600006901,0.09769257357931184,0.125,253.11254312770907,,,1.0197078648585405,True
50,0.9,13,AEH,5.6853515000257175,0.02882745784655171,0.175,259.0061098030743,0.3526726847642856,,1.0079078541420972,True
50,0.9,13,Horseshoe,6.148386400018353,0.03630284206491537,0.15,274.4113545242665,,,1.0097565869906613,True
50,0.9,13,Regularized Horseshoe,5.274959800008219,0.039156655624200024,0.15,242.06568723267358,,,1.0133166816193222,True
50,0.9,14,AEH,7.465925399999833,0.01069674808832968,0.125,242.84298712613102,0.35174496877279393,,1.027300702752732,True
50,0.9,14,Horseshoe,7.051112699991791,0.01274506981483077,0.125,277.471353932739,,,1.030556158879417,True
50,0.9,14,Regularized Horseshoe,6.931338599999435,0.013265538330982152,0.15,212.36653643964718,,,1.017366684786059,True
50,0.9,15,AEH,8.11484449999989,0.033627513154533065,0.15,172.58128567702536,0.35360784271082224,,1.0318610636929297,True
50,0.9,15,Horseshoe,8.026696900022216,,,,,,1.0624136366896342,False
50,0.9,15,Regularized Horseshoe,6.635409200011054,0.047936295236518295,0.075,246.65476814969833,,,1.0202974494010595,True
50,0.9,16,AEH,7.858989200001815,0.030247434143367273,0.2,265.9552516640076,0.3370192066393322,,1.0120976143699485,True
50,0.9,16,Horseshoe,7.67117600000347,0.038611155394235465,0.175,259.3358719637227,,,1.0262798404384874,True
50,0.9,16,Regularized Horseshoe,6.178458500013221,0.037993488140096426,0.175,232.9873524545407,,,1.0196054219582653,True
50,0.9,17,AEH,6.374093199992785,,,,,,1.0837011848804348,False
50,0.9,17,Horseshoe,8.044496599992272,0.027640657700982268,0.1,260.99154630378223,,,1.0106142893851617,True
50,0.9,17,Regularized Horseshoe,5.609150100004626,,,,,,1.1048993431781922,False
50,0.9,18,AEH,8.237215700006345,,,,,,1.0544070281718847,False
50,0.9,18,Horseshoe,6.406139300001087,0.013070242055292511,0.1,261.1015746164913,,,1.0210337679389223,True
50,0.9,18,Regularized Horseshoe,6.671166500018444,0.01297087380149899,0.1,251.1440049362115,,,1.0096084670976457,True
50,0.9,19,AEH,8.105156300007366,0.02820273318889855,0.2,235.5843624358341,0.3471544250137191,,1.0269519976917265,True
50,0.9,19,Horseshoe,8.07295860000886,0.03664996861403606,0.225,260.54273186799253,,,1.0383766449277076,True
50,0.9,19,Regularized Horseshoe,4.794791299995268,0.04144706281457545,0.225,240.64328886938335,,,1.0278537860282253,True
50,0.9,20,AEH,7.497521700017387,0.023407710583638615,0.075,255.78162991849808,0.3470747472003864,,1.0105446948133374,True
50,0.9,20,Horseshoe,7.997478199977195,0.03164516315301731,0.075,277.7714145632086,,,1.0126685033276794,True
50,0.9,20,Regularized Horseshoe,6.3806655000080355,0.02925899957213824,0.075,250.42871793295356,,,1.0152919530619025,True
50,0.9,21,AEH,7.571506300009787,,,,,,1.5622615575316168,False
50,0.9,21,Horseshoe,7.211301600007573,0.04162080812252665,0.1,239.2405915898368,,,1.0420085904971943,True
50,0.9,21,Regularized Horseshoe,6.043579899996985,0.0425530110760233,0.125,222.4749110554994,,,1.009149188421168,True
50,0.9,22,AEH,9.250313399999868,,,,,,1.9251837729698926,False
50,0.9,22,Horseshoe,6.8616075000027195,0.008869549582142713,0.15,238.9600823543077,,,1.0260434026506484,True
50,0.9,22,Regularized Horseshoe,6.3938914999889676,0.009103469023578623,0.125,248.09650923726795,,,1.004928233654386,True
50,0.9,23,AEH,7.724533100001281,,,,,,1.101607765384908,False
50,0.9,23,Horseshoe,7.103545899997698,0.029909421260200693,0.05,250.2804029711885,,,1.0062694129613967,True
50,0.9,23,Regularized Horseshoe,6.700355700013461,0.030723617240225858,0.05,233.422980886281,,,1.0258136765191281,True
50,0.9,24,AEH,7.803877199999988,,,,,,1458.12603763639,False
50,0.9,24,Horseshoe,6.729654800001299,0.026099035298197616,0.175,134.11125103798346,,,1.0430333858677172,True
50,0.9,24,Regularized Horseshoe,6.1922051000001375,0.026084699254249145,0.175,250.7088279877079,,,1.0185036800695035,True
50,0.9,25,AEH,8.647254700015765,0.03294001019843045,0.2,256.493615102365,0.33938608612714616,,1.0102350255185182,True
50,0.9,25,Horseshoe,7.205132100003539,0.045696958990050385,0.175,253.30890615112665,,,1.0295853912282225,True
50,0.9,25,Regularized Horseshoe,5.370105599984527,0.04967764784159144,0.175,225.70327428473763,,,1.0158078624267797,True
50,0.9,26,AEH,5.744543900014833,0.03621078021871607,0.075,252.4058432255377,0.3599386161827954,,1.0361996299755742,True
50,0.9,26,Horseshoe,6.690149000001838,0.047168448778153176,0.125,261.27010398088186,,,1.0171972136783507,True
50,0.9,26,Regularized Horseshoe,7.635867800010601,0.04561776298670946,0.05,247.88884321633347,,,1.0101478600937732,True
50,0.9,27,AEH,8.724825300014345,0.029495887210913674,0.1,252.29528131242273,0.3445307559393632,,1.0278403397438074,True
50,0.9,27,Horseshoe,7.015232799982186,0.04063898279356872,0.1,266.54729098544817,,,1.016180287646607,True
50,0.9,27,Regularized Horseshoe,6.659851200005505,0.04438809968523606,0.1,242.11186593753536,,,1.0222102075686021,True
50,0.9,28,AEH,7.249532499990892,0.023929508910400805,0.1,249.27911277559474,0.36122468999947627,,1.0383900721914627,True
50,0.9,28,Horseshoe,6.741387699992629,0.03167430719528287,0.1,273.3938363571363,,,1.0128079398615235,True
50,0.9,28,Regularized Horseshoe,6.344836300006136,0.03379635425839253,0.1,226.64822186652512,,,1.0206399783071045,True
50,0.9,29,AEH,5.7193167000077665,,,,,,1.7959889091849026,False
50,0.9,29,Horseshoe,6.921936800004914,0.008677146105067477,0.15,253.52484336846686,,,1.012963191828889,True
50,0.9,29,Regularized Horseshoe,6.819155199977104,0.0076208849590567425,0.15,250.14029654885576,,,1.0103318498393181,True
200,0.5,0,AEH,90.27378039999167,0.01235919503070062,0.3,267.4850647584812,0.625072556430882,,1.0094395011247346,True
200,0.5,0,Horseshoe,86.2049242000212,0.013978139334883597,0.29473684210526313,267.3661194578345,,,1.0056748970693867,True
200,0.5,0,Regularized Horseshoe,83.31885280000279,,,,,,136.02148801034667,False
200,0.5,1,AEH,89.77946609997889,0.011079709471983194,0.38421052631578945,260.4996613860271,0.6179832738123366,,1.0125302801724623,True
200,0.5,1,Horseshoe,86.50050279998686,0.012354625171633282,0.3684210526315789,247.52840915215532,,,1.0180836842841605,True
200,0.5,1,Regularized Horseshoe,83.54059980000602,,,,,,1.218298229518995,False
200,0.5,2,AEH,88.83033460000297,0.01626892171613859,0.3894736842105263,266.90961297876277,0.6129707740288756,,1.0080795932180024,True
200,0.5,2,Horseshoe,85.09990939998534,0.01870298459633247,0.35789473684210527,260.45026528035487,,,1.0125104616649552,True
200,0.5,2,Regularized Horseshoe,85.81132799998159,,,,,,1.4278610353509253,False
200,0.5,3,AEH,84.84403529998963,0.014849046230620246,0.34210526315789475,274.04301217796825,0.610370166673477,,1.0072901574538142,True
200,0.5,3,Horseshoe,87.24373159999959,0.016861262317805603,0.30526315789473685,271.75338398242076,,,1.0066889700626442,True
200,0.5,3,Regularized Horseshoe,83.30315440002596,,,,,,29.083336443671175,False
200,0.5,4,AEH,87.6375684000086,0.016366292898785134,0.32105263157894737,264.8866353795213,0.6201669355045433,,1.008301846612842,True
200,0.5,4,Horseshoe,142.2556205999863,0.01998691526659848,0.32105263157894737,261.93279173470927,,,1.013435659966092,True
200,0.5,4,Regularized Horseshoe,179.0864450999943,,,,,,156.59178778454338,False
200,0.5,5,AEH,203.38128979998874,0.011892910586208047,0.4052631578947368,262.08493042881446,0.6158942096122663,,1.0095610386447262,True
200,0.5,5,Horseshoe,200.34504869999364,0.013800148515645469,0.38421052631578945,261.2381557543901,,,1.0250486750106287,True
200,0.5,5,Regularized Horseshoe,173.11739699999453,,,,,,130.6370876192544,False
200,0.5,6,AEH,146.8935729000077,0.020804163697458113,0.3526315789473684,261.825395184897,0.6107789294737815,,1.00960350898467,True
200,0.5,6,Horseshoe,89.38735760000418,0.02351016146593407,0.33157894736842103,260.68475034366696,,,1.004323679390384,True
200,0.5,6,Regularized Horseshoe,87.2777109000017,,,,,,1.3261119770745202,False
200,0.5,7,AEH,92.63442570000188,0.0211885991062888,0.28421052631578947,253.5233443311206,0.6162784193824496,,1.0055004337324664,True
200,0.5,7,Horseshoe,91.11145970001235,0.024651637795421604,0.28421052631578947,243.89183309593417,,,1.0059887723988938,True
200,0.5,7,Regularized Horseshoe,87.30560140000307,,,,,,1.793714894134728,False
200,0.5,8,AEH,89.23830980001367,0.005981770667770668,0.3157894736842105,261.82606249339426,0.605135577122808,,1.0068895510847067,True
200,0.5,8,Horseshoe,117.78532269998686,0.006870210649560079,0.2894736842105263,261.7615719539403,,,1.0063625841206898,True
200,0.5,8,Regularized Horseshoe,127.54246359999524,,,,,,1.2908942942800306,False
200,0.5,9,AEH,160.28469400000176,0.00799466638512419,0.45263157894736844,260.7693081378409,0.5995646229423653,,1.0133619818244035,True
200,0.5,9,Horseshoe,136.20757310002227,0.008708152735301285,0.4368421052631579,260.0695522718568,,,1.0074135803712523,True
200,0.5,9,Regularized Horseshoe,121.90543750001234,,,,,,1.975996654615269,False
200,0.5,10,AEH,113.61419549997663,0.008401983534382719,0.43157894736842106,261.4474716326563,0.6001267207240165,,1.0077789463798845,True
200,0.5,10,Horseshoe,121.91219020000426,0.008876495263267071,0.4263157894736842,252.00524721841668,,,1.0060021649185058,True
200,0.5,10,Regularized Horseshoe,94.04564130000654,,,,,,100.15261685566234,False
200,0.5,11,AEH,97.77051140001277,0.01263958251405974,0.4421052631578947,267.07562522631804,0.6111283615845217,,1.0073048379248217,True
200,0.5,11,Horseshoe,88.53239189999294,0.013806665021725483,0.4052631578947368,260.74258585766876,,,1.0298251956825368,True
200,0.5,11,Regularized Horseshoe,89.84439600000042,,,,,,21.545082109535112,False
200,0.5,12,AEH,87.89756050001597,0.009791636039074706,0.4421052631578947,267.2466381881254,0.598045795046865,,1.01068512555901,True
200,0.5,12,Horseshoe,121.87707269997918,0.010504890144821723,0.42105263157894735,263.59261826269363,,,1.0112038556998615,True
200,0.5,12,Regularized Horseshoe,114.99786169998697,,,,,,1.4421004334026206,False
200,0.5,13,AEH,113.15981120002107,0.011665034344232258,0.3736842105263158,259.046325067833,0.6159820556478365,,1.0068247686918979,True
200,0.5,13,Horseshoe,111.80968000000576,0.013311555123619031,0.3526315789473684,252.31010865553966,,,1.0045597721814812,True
200,0.5,13,Regularized Horseshoe,100.65268440000364,,,,,,1.4623917122561532,False
200,0.5,14,AEH,117.56657379999524,0.01193263734553519,0.39473684210526316,245.23212717747134,0.6066938381373639,,1.010891508047618,True
200,0.5,14,Horseshoe,144.79352350000408,0.012566184430043587,0.37894736842105264,227.61158124364306,,,1.0072309520380527,True
200,0.5,14,Regularized Horseshoe,95.827676099987,,,,,,2.6218897887981036,False
200,0.5,15,AEH,132.80104680001386,0.014377635329651453,0.4842105263157895,260.8052890847883,0.5952065095571066,,1.0141679025629042,True
200,0.5,15,Horseshoe,129.3624478999991,0.015068107435189618,0.45263157894736844,260.9986895335079,,,1.011797862653973,True
200,0.5,15,Regularized Horseshoe,107.67816109998967,,,,,,169.20584494949023,False
200,0.5,16,AEH,110.08888999998453,0.014191245619309237,0.3105263157894737,254.7822472673826,0.6219879760143462,,1.0128040174028328,True
200,0.5,16,Horseshoe,98.7360249000194,0.015378776632864721,0.2894736842105263,246.99684542576648,,,1.0052014802830507,True
200,0.5,16,Regularized Horseshoe,97.79034800000954,,,,,,183.7690198064365,False
200,0.5,17,AEH,95.7305794999993,0.010934357761966749,0.38421052631578945,259.3073078957803,0.6100358764110233,,1.0104511835650474,True
200,0.5,17,Horseshoe,94.15319740000996,0.012099949176166086,0.3631578947368421,255.65384268090963,,,1.0113608069080675,True
200,0.5,17,Regularized Horseshoe,94.4922082000121,,,,,,1.3416121509328718,False
200,0.5,18,AEH,98.52647330000764,0.02372677251053979,0.3736842105263158,258.31538606744806,0.6080560502054174,,1.0075857765901892,True
200,0.5,18,Horseshoe,96.0559043000103,0.026297263684478118,0.37894736842105264,258.0429270590751,,,1.0101521816212162,True
200,0.5,18,Regularized Horseshoe,94.26223659998504,,,,,,178.75474271920768,False
200,0.5,19,AEH,121.10991989998729,0.005638998471100177,0.39473684210526316,268.34644940087315,0.6013594582841727,,1.0103623087376323,True
200,0.5,19,Horseshoe,92.15565100000822,0.006070976927400925,0.38421052631578945,265.23251558777,,,1.0094630160391254,True
200,0.5,19,Regularized Horseshoe,205.1239213999943,,,,,,1.8524816126970722,False
200,0.5,20,AEH,187.03784679999808,0.004309098126890345,0.45789473684210524,259.1688550204609,0.6052300659276785,,1.0091384283201275,True
200,0.5,20,Horseshoe,116.27216270001372,0.0046012363556611705,0.41578947368421054,258.03792296910393,,,1.0100277323828448,True
200,0.5,20,Regularized Horseshoe,92.38634040000034,,,,,,1.3512058762523067,False
200,0.5,21,AEH,184.4457742999948,0.018849160142799533,0.35789473684210527,257.2011697435793,0.6149582276491202,,1.006051758354078,True
200,0.5,21,Horseshoe,182.18699570000172,0.021503458407454108,0.3473684210526316,246.39006534714426,,,1.0042214084616565,True
200,0.5,21,Regularized Horseshoe,141.86008449998917,,,,,,39.77185243955074,False
200,0.5,22,AEH,115.8684104999993,0.01570582267327105,0.3684210526315789,259.0279174376333,0.6138887332833295,,1.01000895333798,True
200,0.5,22,Horseshoe,176.3053351000126,0.01719570403233092,0.3473684210526316,258.8876124780265,,,1.0106476174586734,True
200,0.5,22,Regularized Horseshoe,184.19622310000705,,,,,,1.526537494905371,False
200,0.5,23,AEH,156.46953199998825,0.009821957308752767,0.34210526315789475,239.3554501029401,0.6187488004762894,,1.0077934431558042,True
200,0.5,23,Horseshoe,158.1347870999889,0.010843313512799204,0.32105263157894737,225.00982747203608,,,1.0059974075301699,True
200,0.5,23,Regularized Horseshoe,142.48163879997446,,,,,,1.3521415390099332,False
200,0.5,24,AEH,125.8771014000231,0.0031959026154430416,0.3263157894736842,258.65010566911843,0.6130831190406679,,1.018977967914162,True
200,0.5,24,Horseshoe,121.55648579998524,0.0037449311902888393,0.3157894736842105,257.6159953044695,,,1.005176199192197,True
200,0.5,24,Regularized Horseshoe,110.6533330999955,,,,,,1.5483138150617044,False
200,0.5,25,AEH,118.4915970999864,0.014294131076220781,0.4263157894736842,246.40769584228335,0.6049083644512807,,1.0081121030381526,True
200,0.5,25,Horseshoe,131.5866155999829,0.016752178665646125,0.41578947368421054,230.5404078877017,,,1.004459114902016,True
200,0.5,25,Regularized Horseshoe,109.07988249999471,,,,,,131.14086713032128,False
200,0.5,26,AEH,201.61517030000687,0.011621522913952003,0.4,224.3275344701581,0.594904600130924,,1.0051012634923377,True
200,0.5,26,Horseshoe,109.91434519999893,0.013054107145868016,0.37894736842105264,207.09331553445773,,,1.005824249887012,True
200,0.5,26,Regularized Horseshoe,84.94084649998695,,,,,,1.3716669799167018,False
200,0.5,27,AEH,89.10970790000283,0.004586192063254837,0.22105263157894736,268.0629691983947,0.6277916134012348,,1.0320417239856623,True
200,0.5,27,Horseshoe,84.2666254999931,0.0049365210140698,0.2,275.7595252055811,,,1.011060006848632,True
200,0.5,27,Regularized Horseshoe,85.65374690000317,,,,,,13.153763344673239,False
200,0.5,28,AEH,90.6162020000047,0.006585401451594275,0.45263157894736844,256.9966786937518,0.6078010426004595,,1.0101047980594215,True
200,0.5,28,Horseshoe,87.3507563000021,0.0075981433422360285,0.43157894736842106,255.13800552979708,,,1.0069882371490158,True
200,0.5,28,Regularized Horseshoe,85.41056699998444,,,,,,1.365138022383927,False
200,0.5,29,AEH,85.45712859998457,0.0070532177842650996,0.30526315789473685,253.72938834136775,0.6229074258530484,,1.0160934537229542,True
200,0.5,29,Horseshoe,89.01620129999355,0.007158753942588492,0.29473684210526313,243.27664154960962,,,1.0035627304913426,True
200,0.5,29,Regularized Horseshoe,84.43286910001189,,,,,,13.82724230607989,False
200,0.7,0,AEH,89.2397878000047,0.006373142091787976,0.3157894736842105,262.3328226877916,0.5601674319725466,,1.0067651062467142,True
200,0.7,0,Horseshoe,101.63683159998618,0.007441775324180786,0.3105263157894737,263.4491712909792,,,1.0269080315373227,True
200,0.7,0,Regularized Horseshoe,86.05000100002508,,,,,,1.7854450546194935,False
200,0.7,1,AEH,86.81838540002354,0.021847444908773515,0.3368421052631579,234.08451250379974,0.5755673450356266,,1.004987778448168,True
200,0.7,1,Horseshoe,102.0877891999844,0.025748059306076442,0.33157894736842103,215.32562317758737,,,1.0065764230255445,True
200,0.7,1,Regularized Horseshoe,87.11309970001457,,,,,,99.2213944005662,False
200,0.7,2,AEH,91.36694399997941,0.029863830426044274,0.3368421052631579,249.70314052674414,0.5584066419851192,,1.0177368613763833,True
200,0.7,2,Horseshoe,90.56478529999731,0.04022391927845613,0.3157894736842105,242.95303624674233,,,1.0075798808956955,True
200,0.7,2,Regularized Horseshoe,87.17717719997745,,,,,,27.159859542486466,False
200,0.7,3,AEH,92.5131137999997,0.018361510586887352,0.32105263157894737,266.90069458522487,0.5461392343013303,,1.0101275783778934,True
200,0.7,3,Horseshoe,90.36837669997476,0.023982302081971114,0.3,268.6871447255617,,,1.012134177941211,True
200,0.7,3,Regularized Horseshoe,90.74678600000334,,,,,,1.3281714233956479,False
200,0.7,4,AEH,86.6823916999856,0.023607477921568448,0.34210526315789475,254.7924081957763,0.5655407328704128,,1.0063999108840977,True
200,0.7,4,Horseshoe,93.98438569999416,0.03225891360529047,0.33157894736842103,245.0802882936092,,,1.0045087502203809,True
200,0.7,4,Regularized Horseshoe,87.13291930002742,,,,,,1.2445872522119776,False
200,0.7,5,AEH,88.23253990002559,0.03230397882824941,0.37894736842105264,254.5609052784292,0.5616714848115852,,1.0045749963848158,True
200,0.7,5,Horseshoe,95.98409029998584,0.03773385652339591,0.38421052631578945,242.15366726089871,,,1.0073048289790791,True
200,0.7,5,Regularized Horseshoe,113.9800954000093,,,,,,1.5798244930313539,False
200,0.7,6,AEH,103.76917909999611,0.028495781502639105,0.3105263157894737,257.49320323631855,0.5568369280451664,,1.0086307291075405,True
200,0.7,6,Horseshoe,100.76807030002237,0.040411675299848626,0.3157894736842105,256.6974191690286,,,1.0090256915057698,True
200,0.7,6,Regularized Horseshoe,102.7072182999982,,,,,,175.0633458456195,False
200,0.7,7,AEH,121.1575765000016,0.0279808292692456,0.21578947368421053,253.99914901867464,0.5595816094118599,,1.0081702168991895,True
200,0.7,7,Horseshoe,181.22534070000984,0.0406036879898478,0.22631578947368422,226.84795405340645,,,1.005145878605478,True
200,0.7,7,Regularized Horseshoe,175.31138300002203,,,,,,1.3651374705969916,False
200,0.7,8,AEH,173.02826199997799,0.015563010095638635,0.3631578947368421,249.45625300497056,0.5496909161080741,,1.0072462318533233,True
200,0.7,8,Horseshoe,172.38518509999267,0.01703912874393283,0.3473684210526316,253.5653645647494,,,1.005250823137067,True
200,0.7,8,Regularized Horseshoe,185.5195589000068,,,,,,71.88097732653478,False
200,0.7,9,AEH,184.62560339999618,0.013063367932679348,0.41578947368421054,250.30069675586293,0.5384908737432907,,1.0136220895235653,True
200,0.7,9,Horseshoe,153.34462560000247,0.016604677411068462,0.39473684210526316,237.9866777143079,,,1.009048414769242,True
200,0.7,9,Regularized Horseshoe,111.24318920000223,,,,,,150.43971550532484,False
200,0.7,10,AEH,193.41566599998623,0.017806232192477293,0.38421052631578945,235.76357343678706,0.5394265196325292,,1.005774910748023,True
200,0.7,10,Horseshoe,144.6180954000156,0.019795540041034797,0.35789473684210527,219.55592931844023,,,1.0077938311666026,True
200,0.7,10,Regularized Horseshoe,176.3560451999947,,,,,,259.37468111368344,False
200,0.7,11,AEH,107.95874849997927,0.013312331763402213,0.4368421052631579,255.19913792827757,0.5510088120937535,,1.012313384682623,True
200,0.7,11,Horseshoe,101.63730490001035,0.018458826844823483,0.4105263157894737,257.43156419067344,,,1.013602447398872,True
200,0.7,11,Regularized Horseshoe,108.47746370002278,,,,,,12.965204315882223,False
200,0.7,12,AEH,214.37067879998358,0.017174106754562157,0.46842105263157896,256.90982431268986,0.5481626765029933,,1.0092119886821136,True
200,0.7,12,Horseshoe,119.99885480001103,0.020012662030161325,0.45263157894736844,247.18021540036395,,,1.009329122179698,True
200,0.7,12,Regularized Horseshoe,140.90619999999763,,,,,,1.4529625530225505,False
200,0.7,13,AEH,195.4046559999988,0.014729559088640506,0.3157894736842105,256.17975986605785,0.5500536187877784,,1.0113585049225182,True
200,0.7,13,Horseshoe,168.446720500011,0.02054192726880868,0.3157894736842105,257.7295815328556,,,1.004961660977651,True
200,0.7,13,Regularized Horseshoe,180.97726859999239,,,,,,181.59798581975372,False
200,0.7,14,AEH,208.91559279998182,0.03439305227389293,0.42105263157894735,253.91725820266336,0.5535532845212582,,1.0101009719568401,True
200,0.7,14,Horseshoe,235.81983449999825,0.04538629500084253,0.43157894736842106,243.70133622929345,,,1.0062553879942326,True
200,0.7,14,Regularized Horseshoe,194.52442910001264,,,,,,1.8098455544012093,False
200,0.7,15,AEH,179.58112420001999,0.03590104086724144,0.4631578947368421,254.98330061112947,0.5440406321638303,,1.0118603825545474,True
200,0.7,15,Horseshoe,152.38842239999212,0.04173642977871094,0.4368421052631579,257.26269207728893,,,1.0070208922291746,True
200,0.7,15,Regularized Horseshoe,106.20522770000389,,,,,,156.39875509353166,False
200,0.7,16,AEH,108.26463289998355,0.021301579379918355,0.3,252.3517929639469,0.5610477773883057,,1.0232600824087328,True
200,0.7,16,Horseshoe,151.38115669999388,0.02753984262131729,0.3,240.85274842280103,,,1.0065917331589478,True
200,0.7,16,Regularized Horseshoe,182.88778920000186,,,,,,104.61127126141307,False
200,0.7,17,AEH,188.81010660002357,0.018072580787436437,0.3894736842105263,248.87898028414813,0.5478106156140592,,1.0047816741766313,True
200,0.7,17,Horseshoe,145.5249274999951,0.02221161427526768,0.3684210526315789,234.9086923401687,,,1.0045843075167658,True
200,0.7,17,Regularized Horseshoe,117.69324250001227,,,,,,130.804253378371,False
200,0.7,18,AEH,137.47353830002248,0.023639937405349646,0.39473684210526316,249.99257609445445,0.5544531596243873,,1.0066721712740383,True
200,0.7,18,Horseshoe,132.7853481999773,0.029067021385711666,0.3684210526315789,241.18694435809957,,,1.0068955295443636,True
200,0.7,18,Regularized Horseshoe,143.0809303999995,,,,,,1.2996593469055655,False
200,0.7,19,AEH,148.49734269999317,0.013573514752462944,0.37894736842105264,265.4826678016045,0.5509216449212694,,1.0096979453518868,True
200,0.7,19,Horseshoe,182.65915919997497,0.015805068254818967,0.3684210526315789,268.790673121446,,,1.008644327681525,True
200,0.7,19,Regularized Horseshoe,205.3917057000217,,,,,,1.7338258144956813,False
200,0.7,20,AEH,180.9737720999983,0.01498071989598293,0.4263157894736842,254.2365933506142,0.54775323661837,,1.0074961901105606,True
200,0.7,20,Horseshoe,185.04480289999628,0.016476729448802158,0.4,253.94418838153695,,,1.0074855252764447,True
200,0.7,20,Regularized Horseshoe,204.32307939999737,,,,,,44.232449179150755,False
200,0.7,21,AEH,181.90798739998718,0.024182669009330977,0.3736842105263158,242.8065694774388,0.5585614726252882,,1.0108618430312744,True
200,0.7,21,Horseshoe,188.09559750001063,0.030670901710426364,0.3631578947368421,227.1972936677343,,,1.006591108725671,True
200,0.7,21,Regularized Horseshoe,191.80387229999178,,,,,,1.3704771742813266,False
200,0.7,22,AEH,113.4624244000006,0.01858228060910798,0.33157894736842103,256.75415294156466,0.5618936001531379,,1.0070595187942089,True
200,0.7,22,Horseshoe,100.5001229000045,0.023642173868176707,0.3263157894736842,255.28168142926384,,,1.0079612393503747,True
200,0.7,22,Regularized Horseshoe,101.23081800001091,,,,,,1.5897570989963243,False
200,0.7,23,AEH,104.04784220000147,0.006347462125485835,0.3368421052631579,249.0100729841045,0.5631748370958035,,1.0086003617397241,True
200,0.7,23,Horseshoe,120.76440910002566,0.008738316578924729,0.3157894736842105,247.75343175594466,,,1.0110187797475438,True
200,0.7,23,Regularized Horseshoe,174.01416800002335,,,,,,1.367056375369641,False
200,0.7,24,AEH,212.9908041000017,0.008518567884501014,0.34210526315789475,257.3006270221109,0.5483702417195311,,1.0127789501179922,True
200,0.7,24,Horseshoe,210.609388700017,0.010673056278472693,0.3368421052631579,253.76597971915865,,,1.0066873890349368,True
200,0.7,24,Regularized Horseshoe,178.04623009997886,,,,,,1.7483734225353287,False
200,0.7,25,AEH,188.93667759999516,0.023641489280488974,0.45263157894736844,250.53737894756046,0.5496585109023271,,1.0110455838810422,True
200,0.7,25,Horseshoe,190.98214690000168,0.03169487368096155,0.4473684210526316,239.18197642074702,,,1.0071214892382252,True
200,0.7,25,Regularized Horseshoe,162.74471840000479,,,,,,158.22161419025863,False
200,0.7,26,AEH,96.50144600000931,0.022423059890584917,0.4,260.0984153798803,0.5412181041621253,,1.006565166654627,True
200,0.7,26,Horseshoe,88.93328709999332,0.027525021064278836,0.4105263157894737,248.59198474579088,,,1.007975508491503,True
200,0.7,26,Regularized Horseshoe,92.39435909999884,,,,,,1.6384181255457446,False
200,0.7,27,AEH,91.15990619998774,0.00788422709168262,0.24210526315789474,272.5536071686589,0.5689327177675038,,1.0259335042329918,True
200,0.7,27,Horseshoe,94.08116329999757,0.009398785910374258,0.22105263157894736,266.98157903674354,,,1.007298903658211,True
200,0.7,27,Regularized Horseshoe,86.60208679997595,,,,,,129.11601987236887,False
200,0.7,28,AEH,90.16040999998222,0.01633832016902971,0.4052631578947368,254.58155437380825,0.5505645687469736,,1.0111663770284798,True
200,0.7,28,Horseshoe,170.09378149997792,0.02100172534797278,0.4,255.036335890384,,,1.0060541833962422,True
200,0.7,28,Regularized Horseshoe,189.89870390002034,,,,,,1.3080110485202938,False
200,0.7,29,AEH,185.7338195000193,0.009011071098735314,0.3526315789473684,245.85060019826204,0.5604960874942784,,1.0163954767603396,True
200,0.7,29,Horseshoe,143.00999669998419,0.009657939420551452,0.32105263157894737,229.97999048961566,,,1.005492093209771,True
200,0.7,29,Regularized Horseshoe,97.77537980000488,,,,,,187.73645008921204,False
200,0.9,0,AEH,98.3879345000023,0.014591350701111372,0.30526315789473685,256.0927024230707,0.4353108678451487,,1.008447850187525,True
200,0.9,0,Horseshoe,93.78750459998264,0.024934156568722575,0.3,254.500906698957,,,1.0167741179065752,True
200,0.9,0,Regularized Horseshoe,93.83954929999891,,,,,,1.9189877603788548,False
200,0.9,1,AEH,90.76534129999345,0.05073643529403617,0.3684210526315789,252.400276288534,0.4469642727914505,,1.0074574597664894,True
200,0.9,1,Horseshoe,104.88366170000518,0.08244538735722332,0.3473684210526316,241.2434580734936,,,1.008630531011421,True
200,0.9,1,Regularized Horseshoe,97.24364069997682,,,,,,2.3361166440481482,False
200,0.9,2,AEH,89.97835200000554,0.06231579254226306,0.30526315789473685,238.7401761965288,0.4413035750448176,,1.0098349151458517,True
200,0.9,2,Horseshoe,90.45595070000854,0.1292147347110536,0.29473684210526313,235.25443781402842,,,1.015558137492303,True
200,0.9,2,Regularized Horseshoe,86.01778529997682,,,,,,17.43708494043179,False
200,0.9,3,AEH,97.48141629999736,0.056381129905829795,0.30526315789473685,261.50215272254434,0.42639603368780943,,1.0113128203128636,True
200,0.9,3,Horseshoe,89.45307780001895,0.10346789192571741,0.3,260.54105761606456,,,1.0114245682006462,True
200,0.9,3,Regularized Horseshoe,94.24761500000022,,,,,,88.49075872691917,False
200,0.9,4,AEH,88.94017079999321,0.05501436763602123,0.3526315789473684,253.55547177238054,0.4359143615480042,,1.0132753997957393,True
200,0.9,4,Horseshoe,89.33610449999105,0.11376688237954029,0.3736842105263158,249.3678499066147,,,1.0124159749931971,True
200,0.9,4,Regularized Horseshoe,83.90979970002081,,,,,,108.51457862500898,False
200,0.9,5,AEH,94.1884427999903,0.0586136487955892,0.32105263157894737,245.41846199005911,0.44121968379775345,,1.0114902025946209,True
200,0.9,5,Horseshoe,103.31799329997739,0.10494842857542086,0.32105263157894737,238.51325737081564,,,1.0095860671552166,True
200,0.9,5,Regularized Horseshoe,89.72267479999573,,,,,,2.1024954817251933,False
200,0.9,6,AEH,87.72101899998961,0.059019524942546454,0.34210526315789475,254.02368214245132,0.43375933582600296,,1.0139813756514464,True
200,0.9,6,Horseshoe,88.10051540000131,0.12794733780268053,0.35789473684210527,245.3945609393705,,,1.0225886559038735,True
200,0.9,6,Regularized Horseshoe,199.8061986999819,,,,,,29.051167561737078,False
200,0.9,7,AEH,194.06878840000718,0.044250288965485364,0.23684210526315788,233.1244786092263,0.4318831399276208,,1.009575038737796,True
200,0.9,7,Horseshoe,183.79190620000008,0.12885065445315372,0.24736842105263157,217.2495817687697,,,1.009532482486272,True
200,0.9,7,Regularized Horseshoe,129.42449299999862,,,,,,1.5810969966618633,False
200,0.9,8,AEH,103.0386426000041,0.0247342648645737,0.3,232.61630479693594,0.42341901339128973,,1.0211091320336518,True
200,0.9,8,Horseshoe,188.69300349999685,0.04207045800306952,0.2789473684210526,245.44507354616238,,,1.0086300773194803,True
200,0.9,8,Regularized Horseshoe,91.67991420000908,,,,,,1.7174574766603523,False
200,0.9,9,AEH,94.16120560001582,0.031655481262738844,0.3894736842105263,243.12140276476063,0.4081639307233289,,1.0090529855415022,True
200,0.9,9,Horseshoe,90.77389839998796,0.06330163757061712,0.3736842105263158,234.19931291163886,,,1.0165838715407336,True
200,0.9,9,Regularized Horseshoe,91.06782279998879,,,,,,2.0200044376909565,False
200,0.9,10,AEH,89.57871239999076,0.025505757018145187,0.41578947368421054,240.96850362199655,0.4121209415498851,,1.0097212262954678,True
200,0.9,10,Horseshoe,90.30818360002013,0.046968585619275076,0.4052631578947368,230.12974202740784,,,1.0136219810752032,True
200,0.9,10,Regularized Horseshoe,82.01775709999492,,,,,,2.0913072661862326,False
200,0.9,11,AEH,85.9088514999894,0.032202000954004245,0.42105263157894735,238.76189745274166,0.4229869579742664,,1.0075117441101344,True
200,0.9,11,Horseshoe,91.00015340000391,0.06395966997121935,0.4105263157894737,234.87767659662822,,,1.018367046533109,True
200,0.9,11,Regularized Horseshoe,84.37744830001611,,,,,,1.8872556743818358,False
200,0.9,12,AEH,98.11417240000446,0.031045269666909393,0.48947368421052634,241.8978862542289,0.4228154488147605,,1.0144788303532022,True
200,0.9,12,Horseshoe,89.57865159999346,0.06035778844696229,0.4631578947368421,224.83577869013877,,,1.0135532824668816,True
200,0.9,12,Regularized Horseshoe,92.98513740001363,,,,,,1.7076800056936758,False
200,0.9,13,AEH,90.02584280000883,0.03748471902559599,0.3368421052631579,246.70365706226687,0.434389721954093,,1.0097664044732404,True
200,0.9,13,Horseshoe,87.34953480001423,0.07475024828051105,0.3263157894736842,250.804727716021,,,1.010570942777455,True
200,0.9,13,Regularized Horseshoe,85.35870869999053,,,,,,1.4174558936744264,False
200,0.9,14,AEH,87.42675290000625,0.06904703360832169,0.4105263157894737,244.03189820409563,0.43147197778637575,,1.0190920246553854,True
200,0.9,14,Horseshoe,87.12673690001247,0.15323251671680277,0.43157894736842106,235.61275834777032,,,1.0143643633165602,True
200,0.9,14,Regularized Horseshoe,90.08054389999597,,,,,,2.368676743559848,False
200,0.9,15,AEH,88.03345519999857,0.07074317666113895,0.47368421052631576,249.20353753166083,0.41967495073272265,,1.0144205776886084,True
200,0.9,15,Horseshoe,88.97939370002132,0.12601811774039182,0.4473684210526316,244.01521496347698,,,1.0103137961038815,True
200,0.9,15,Regularized Horseshoe,90.94171579999966,,,,,,1.8782243778503513,False
200,0.9,16,AEH,88.88057169999229,0.03907862983777612,0.2578947368421053,232.00271001679567,0.435174758873712,,1.0139731617722612,True
200,0.9,16,Horseshoe,95.04131460000644,0.08172327352668696,0.2631578947368421,218.82589641825314,,,1.0133047628876166,True
200,0.9,16,Regularized Horseshoe,84.92834010001388,,,,,,1.8741353310297153,False
200,0.9,17,AEH,97.16410609998275,0.04816272920843982,0.3736842105263158,227.7680547361992,0.4259787726795232,,1.0126966226613854,True
200,0.9,17,Horseshoe,90.35601459999452,0.08449728221762631,0.3684210526315789,207.44730469686223,,,1.0265479251304601,True
200,0.9,17,Regularized Horseshoe,87.6151507999748,,,,,,2.553573886382979,False
200,0.9,18,AEH,86.76436739999917,0.03444284525104013,0.4,244.05251807274598,0.42065229887754935,,1.0100639831252136,True
200,0.9,18,Horseshoe,89.83157099998789,0.07589316475669503,0.3894736842105263,238.99282739203002,,,1.0114725200474721,True
200,0.9,18,Regularized Horseshoe,84.02972780002165,,,,,,87.77335991552735,False
200,0.9,19,AEH,98.97756930001196,0.029282126611003073,0.4052631578947368,241.8890559335838,0.42090489827095146,,1.0183241270688939,True
200,0.9,19,Horseshoe,89.19948559999466,0.05167678755093813,0.3631578947368421,226.93980585941847,,,1.012048265791923,True
200,0.9,19,Regularized Horseshoe,176.59584609998274,,,,,,1.9350997539633947,False
200,0.9,20,AEH,181.97807489999104,0.03488553627873333,0.43157894736842106,241.0070384593078,0.43035759413991004,,1.0111590998994433,True
200,0.9,20,Horseshoe,183.62039760002517,0.05048229472961837,0.4052631578947368,243.04053298077918,,,1.007796858792949,True
200,0.9,20,Regularized Horseshoe,127.36337380000623,,,,,,1.8999359643903153,False
200,0.9,21,AEH,100.86106429999927,0.04124307912573819,0.39473684210526316,251.22903316586226,0.4278111192952015,,1.0105622522478923,True
200,0.9,21,Horseshoe,100.10300200001802,0.09740077844377125,0.4,244.0160656579292,,,1.008189960215422,True
200,0.9,21,Regularized Horseshoe,95.82979590000468,,,,,,1.6527168206110183,False
200,0.9,22,AEH,104.14510449999943,0.04160177816749912,0.3526315789473684,246.74866768481792,0.42968331699442647,,1.0168931139378006,True
200,0.9,22,Horseshoe,96.66257220000261,0.07724473354960432,0.3368421052631579,251.2602734632932,,,1.01078144968868,True
200,0.9,22,Regularized Horseshoe,95.96931260000565,,,,,,1.8833942425632666,False
200,0.9,23,AEH,95.83894249997684,0.013328390512707572,0.34210526315789475,246.1660692154219,0.4224871327709248,,1.0126170317786563,True
200,0.9,23,Horseshoe,100.69825980000314,0.027594278487022915,0.3157894736842105,241.678230801066,,,1.0092457529456509,True
200,0.9,23,Regularized Horseshoe,107.30550240000593,,,,,,1.9493344032915065,False
200,0.9,24,AEH,105.07285130000673,0.014583973161051884,0.43157894736842106,244.69494091026615,0.4283880078339889,,1.0051520770623172,True
200,0.9,24,Horseshoe,98.96571489999769,0.02921716697898811,0.4052631578947368,236.78198505709537,,,1.0139175697250626,True
200,0.9,24,Regularized Horseshoe,98.02218169998378,,,,,,2.427645047607678,False
200,0.9,25,AEH,96.79722570002195,0.06435156519648744,0.45789473684210524,241.50907059560078,0.41700951610585735,,1.01405435720872,True
200,0.9,25,Horseshoe,97.40231149998726,0.12072807127402083,0.45263157894736844,234.6621594112632,,,1.0126202605487877,True
200,0.9,25,Regularized Horseshoe,94.97547889998532,,,,,,12.125295880363348,False
200,0.9,26,AEH,101.45285639999202,0.04946005107109152,0.4105263157894737,239.44300212914357,0.41412871355739667,,1.0161273623372127,True
200,0.9,26,Horseshoe,97.1439781000081,0.08728280798592389,0.38421052631578945,229.24022729799947,,,1.00866887343493,True
200,0.9,26,Regularized Horseshoe,113.62144970000372,,,,,,2.1268098071890997,False
200,0.9,27,AEH,107.20128480001586,0.012936398760289288,0.2631578947368421,253.6938717789518,0.4441626433117992,,1.0157231489648268,True
200,0.9,27,Horseshoe,102.96523279999383,0.021926291216559507,0.24736842105263157,258.78242157537755,,,1.0123169780654366,True
200,0.9,27,Regularized Horseshoe,97.29049130002386,,,,,,283.6495436438691,False
200,0.9,28,AEH,100.15456840000115,0.03507028289996523,0.3473684210526316,247.4339518822803,0.417709039568164,,1.0114192390524117,True
200,0.9,28,Horseshoe,96.88038039999083,0.0733563269042524,0.3684210526315789,242.8442154594693,,,1.0072671379194065,True
200,0.9,28,Regularized Horseshoe,115.53490420000162,,,,,,1.7531814769124618,False
200,0.9,29,AEH,99.78943289999734,0.00739303995825778,0.3473684210526316,242.53168121769338,0.42614915178072615,,1.0109957787689803,True
200,0.9,29,Horseshoe,91.46377839997876,0.012208687208198416,0.33157894736842103,235.48129053120545,,,1.0177611287988662,True
200,0.9,29,Regularized Horseshoe,84.25982790000853,,,,,,1.9648150255106112,False
500,0.5,0,AEH,334.50310169998556,,,,,,3.042673776915545,False
500,0.5,0,Horseshoe,332.53340250000474,,,,,,1.314628436183253,False
500,0.5,0,Regularized Horseshoe,397.42627919997904,,,,,,2.83549608282245,False
500,0.5,1,AEH,552.2063370999822,,,,,,3.2854656034105623,False
500,0.5,1,Horseshoe,397.9156542000128,,,,,,1.4900971714254796,False
500,0.5,1,Regularized Horseshoe,688.6613472999888,,,,,,2.7035455976697436,False
500,0.5,2,AEH,401.6130701999937,,,,,,2.885562459174614,False
500,0.5,2,Horseshoe,367.7511991999927,,,,,,1.3834861217544725,False
500,0.5,2,Regularized Horseshoe,382.22689119999995,,,,,,2.7535453686606157,False
500,0.5,3,AEH,373.47326359999715,,,,,,2.723774030562045,False
500,0.5,3,Horseshoe,418.5004068999842,,,,,,1.3481707039508326,False
500,0.5,3,Regularized Horseshoe,320.5633103,,,,,,2.0830831319999072,False
500,0.5,4,AEH,660.1816545000183,,,,,,2.9564221937791006,False
500,0.5,4,Horseshoe,371.43384020001395,,,,,,1.4007915010133645,False
500,0.5,4,Regularized Horseshoe,425.8633247000107,,,,,,2.982558714001008,False
500,0.5,5,AEH,666.5800645999843,,,,,,2.8121479057845233,False
500,0.5,5,Horseshoe,513.3755291999842,,,,,,1.3317667892289853,False
500,0.5,5,Regularized Horseshoe,368.4138457000081,,,,,,3.1972098361706864,False
500,0.5,6,AEH,391.12345579999965,,,,,,3.0284392956775257,False
500,0.5,6,Horseshoe,368.6779245999933,,,,,,1.398993725451569,False
500,0.5,6,Regularized Horseshoe,392.52115799998865,,,,,,2.587042759853912,False
500,0.5,7,AEH,370.75651300000027,,,,,,2.930207224224266,False
500,0.5,7,Horseshoe,375.16925400000764,,,,,,1.2079574335510532,False
500,0.5,7,Regularized Horseshoe,369.1522684000083,,,,,,2.526296817376292,False
500,0.5,8,AEH,366.710072899994,,,,,,3.437388832617211,False
500,0.5,8,Horseshoe,382.4164592999732,,,,,,1.296412311453015,False
500,0.5,8,Regularized Horseshoe,367.8869677000039,,,,,,2.965792637109413,False
500,0.5,9,AEH,373.41911270000855,,,,,,3.0857308133666037,False
500,0.5,9,Horseshoe,379.47527620001347,,,,,,1.323917115550691,False
500,0.5,9,Regularized Horseshoe,365.29435999999987,,,,,,2.8695317697868266,False
500,0.5,10,AEH,373.86085840000305,,,,,,2.837180641061913,False
500,0.5,10,Horseshoe,366.70626579999225,,,,,,1.2827551705707283,False
500,0.5,10,Regularized Horseshoe,375.19501560000936,,,,,,3.210521011721481,False
500,0.5,11,AEH,375.4388431000116,,,,,,3.3454314665325335,False
500,0.5,11,Horseshoe,385.3884473000071,,,,,,1.413643231314799,False
500,0.5,11,Regularized Horseshoe,373.692194800009,,,,,,2.822344746006207,False
500,0.5,12,AEH,391.523989600013,,,,,,3.021193861127245,False
500,0.5,12,Horseshoe,385.50762969997595,,,,,,1.3416889837071633,False
500,0.5,12,Regularized Horseshoe,371.9118712999916,,,,,,2.628004705888588,False
500,0.5,13,AEH,390.71560380002484,,,,,,2.819121511723368,False
500,0.5,13,Horseshoe,378.0026080000098,,,,,,1.35262607738821,False
500,0.5,13,Regularized Horseshoe,372.55539650001447,,,,,,3.0416470670670703,False
500,0.5,14,AEH,384.88623010000447,,,,,,2.907874629371629,False
500,0.5,14,Horseshoe,373.7912426000112,,,,,,1.3368439966274774,False
500,0.5,14,Regularized Horseshoe,377.9252734000038,,,,,,2.888023858095515,False
500,0.5,15,AEH,367.26152610001736,,,,,,2.762921263512717,False
500,0.5,15,Horseshoe,373.94738920000964,,,,,,1.3352571019004886,False
500,0.5,15,Regularized Horseshoe,390.79468530000304,,,,,,2.515861585419476,False
500,0.5,16,AEH,363.5468993000104,,,,,,3.16179437801603,False
500,0.5,16,Horseshoe,378.3903374999936,,,,,,1.3252432468249369,False
500,0.5,16,Regularized Horseshoe,361.10561329999473,,,,,,2.5299450439727216,False
500,0.5,17,AEH,373.4563386999944,,,,,,3.236288765035804,False
500,0.5,17,Horseshoe,370.99254960002145,,,,,,1.3322372824429691,False
500,0.5,17,Regularized Horseshoe,399.6270392999868,,,,,,2.6799941745460125,False
500,0.5,18,AEH,392.4873358999903,,,,,,2.8990965184094186,False
500,0.5,18,Horseshoe,373.72724569999264,,,,,,1.3379928976043094,False
500,0.5,18,Regularized Horseshoe,372.3700422999973,,,,,,2.594526505443435,False
500,0.5,19,AEH,381.80655670000124,,,,,,2.7404883951699763,False
500,0.5,19,Horseshoe,377.21699420001823,,,,,,1.4055183800521769,False
500,0.5,19,Regularized Horseshoe,375.09786700000404,,,,,,3.154632176254165,False
500,0.5,20,AEH,376.0005692000268,,,,,,3.07145735305386,False
500,0.5,20,Horseshoe,381.09269889999996,,,,,,1.4424265617523133,False
500,0.5,20,Regularized Horseshoe,365.997466300003,,,,,,3.4278787186032655,False
500,0.5,21,AEH,448.67537260000245,,,,,,2.7991627320249397,False
500,0.5,21,Horseshoe,387.7189510999888,,,,,,1.6051382417698068,False
500,0.5,21,Regularized Horseshoe,385.3809497000184,,,,,,2.6293181150662774,False
500,0.5,22,AEH,377.74124249999295,,,,,,2.9181429524545073,False
500,0.5,22,Horseshoe,373.9114619999891,,,,,,1.35333343173905,False
500,0.5,22,Regularized Horseshoe,369.73952560001635,,,,,,3.1398662192034226,False
500,0.5,23,AEH,370.9640119000105,,,,,,3.0096544182822482,False
500,0.5,23,Horseshoe,375.665983999992,,,,,,1.5216414644198633,False
500,0.5,23,Regularized Horseshoe,364.9750394000148,,,,,,2.9780455025594383,False
500,0.5,24,AEH,383.6857975999883,,,,,,3.070993480470908,False
500,0.5,24,Horseshoe,376.3604620999831,,,,,,1.392742985015939,False
500,0.5,24,Regularized Horseshoe,371.4796175000083,,,,,,3.2081976364082725,False
500,0.5,25,AEH,374.8447324000008,,,,,,2.798424895834398,False
500,0.5,25,Horseshoe,370.65677840000717,,,,,,1.2540324372161826,False
500,0.5,25,Regularized Horseshoe,367.4776634000009,,,,,,2.8826369996889567,False
500,0.5,26,AEH,374.76297470001737,,,,,,2.9105742224378464,False
500,0.5,26,Horseshoe,365.1477217999927,,,,,,1.4449816384742988,False
500,0.5,26,Regularized Horseshoe,363.8805808000034,,,,,,2.943954454619641,False
500,0.5,27,AEH,373.01820459999726,,,,,,3.0561419000977814,False
500,0.5,27,Horseshoe,371.3296302999952,,,,,,1.2463947234916413,False
500,0.5,27,Regularized Horseshoe,361.91005000000587,,,,,,2.700345666631518,False
500,0.5,28,AEH,368.11209950002376,,,,,,2.700130286425213,False
500,0.5,28,Horseshoe,370.06371180000133,,,,,,1.327998133870657,False
500,0.5,28,Regularized Horseshoe,371.071901599993,,,,,,2.4763600101763843,False
500,0.5,29,AEH,387.4576120999991,,,,,,2.799538932596253,False
500,0.5,29,Horseshoe,369.585693800007,,,,,,1.358092515038548,False
500,0.5,29,Regularized Horseshoe,371.4531252000015,,,,,,2.661101022954673,False
500,0.7,0,AEH,382.9824552999926,,,,,,3.2394228737073307,False
500,0.7,0,Horseshoe,369.44361560000107,,,,,,1.4113249478805645,False
500,0.7,0,Regularized Horseshoe,375.5126001999888,,,,,,2.685676028519852,False
500,0.7,1,AEH,366.91448129998753,,,,,,2.953321194207338,False
500,0.7,1,Horseshoe,371.2875279999862,,,,,,1.3520304946871335,False
500,0.7,1,Regularized Horseshoe,372.4349841999938,,,,,,2.8583150503260724,False
500,0.7,2,AEH,373.0511720000068,,,,,,2.943348209535375,False
500,0.7,2,Horseshoe,378.5265417000046,,,,,,1.3055977310509326,False
500,0.7,2,Regularized Horseshoe,369.4879645000037,,,,,,2.507893154599637,False
500,0.7,3,AEH,374.18342879999545,,,,,,2.904173067836774,False
500,0.7,3,Horseshoe,377.2117436999979,,,,,,1.185887152601577,False
500,0.7,3,Regularized Horseshoe,369.9375951999973,,,,,,3.218384260827045,False
500,0.7,4,AEH,383.51286499999696,,,,,,3.0572727668748896,False
500,0.7,4,Horseshoe,376.83042750001187,,,,,,1.2713243757173927,False
500,0.7,4,Regularized Horseshoe,368.57819339999696,,,,,,2.577679596387202,False
500,0.7,5,AEH,378.65307920001214,,,,,,2.6293356187602845,False
500,0.7,5,Horseshoe,373.12561330001336,,,,,,1.3258881279155774,False
500,0.7,5,Regularized Horseshoe,374.724632700003,,,,,,3.160002022921821,False
500,0.7,6,AEH,384.82722860001377,,,,,,3.165625302729458,False
500,0.7,6,Horseshoe,383.6610832999868,,,,,,1.4886848873049878,False
500,0.7,6,Regularized Horseshoe,376.41633789998014,,,,,,2.5134393861557105,False
500,0.7,7,AEH,398.4216531999991,,,,,,2.9267082152804496,False
500,0.7,7,Horseshoe,385.6546059999964,,,,,,1.2960085715137721,False
500,0.7,7,Regularized Horseshoe,367.99138270001276,,,,,,2.678767799817094,False
500,0.7,8,AEH,374.42003400000976,,,,,,2.7337157659518243,False
500,0.7,8,Horseshoe,369.0449953000061,,,,,,1.282877812744983,False
500,0.7,8,Regularized Horseshoe,367.2703346000053,,,,,,2.498162069013763,False
500,0.7,9,AEH,361.3095291000209,,,,,,2.7933821723682795,False
500,0.7,9,Horseshoe,449.17740360001335,,,,,,1.353627144638494,False
500,0.7,9,Regularized Horseshoe,652.1215334000008,,,,,,3.1247641410693303,False
500,0.7,10,AEH,372.89658070000587,,,,,,2.9045182770538283,False
500,0.7,10,Horseshoe,360.2355067000026,,,,,,1.18889187136579,False
500,0.7,10,Regularized Horseshoe,368.69320350000635,,,,,,2.704001791157109,False
500,0.7,11,AEH,375.7264131999982,,,,,,2.744685158607154,False
500,0.7,11,Horseshoe,368.49736550002126,,,,,,1.424783446785619,False
500,0.7,11,Regularized Horseshoe,361.73283810002613,,,,,,3.061720943667816,False
500,0.7,12,AEH,358.7198932999745,,,,,,3.28956550313482,False
500,0.7,12,Horseshoe,369.4109758999839,,,,,,1.3533825532784092,False
500,0.7,12,Regularized Horseshoe,372.59407609998016,,,,,,2.9499269143888642,False
500,0.7,13,AEH,388.58365390001563,,,,,,2.9453675643429413,False
500,0.7,13,Horseshoe,374.87839640001766,,,,,,1.3569424021675476,False
500,0.7,13,Regularized Horseshoe,366.92661210001097,,,,,,3.3075912845326463,False
500,0.7,14,AEH,374.9891087000142,,,,,,2.8342899857820445,False
500,0.7,14,Horseshoe,367.2670721000177,,,,,,1.5066797407843657,False
500,0.7,14,Regularized Horseshoe,367.98069170000963,,,,,,3.0142414034666314,False
500,0.7,15,AEH,364.135303499992,,,,,,2.8041345243287488,False
500,0.7,15,Horseshoe,367.81066469999496,,,,,,1.2956735682845741,False
500,0.7,15,Regularized Horseshoe,371.8593071999785,,,,,,3.0865602160131758,False
500,0.7,16,AEH,336.7255162000074,,,,,,3.031979992826467,False
500,0.7,16,Horseshoe,312.4321229000052,,,,,,1.628537435744854,False
500,0.7,16,Regularized Horseshoe,295.89609200000996,,,,,,2.7483322630285576,False
500,0.7,17,AEH,482.7570298000064,,,,,,2.684395439398866,False
500,0.7,17,Horseshoe,318.81229239999084,,,,,,1.5365910730497316,False
500,0.7,17,Regularized Horseshoe,321.6178813999868,,,,,,2.7266948364230688,False
500,0.7,18,AEH,317.6774845000182,,,,,,3.2463365499259953,False
500,0.7,18,Horseshoe,302.5489553999796,,,,,,1.4558651332928585,False
500,0.7,18,Regularized Horseshoe,263.48789479999687,,,,,,2.7416558071516848,False
500,0.7,19,AEH,633.5882804000285,,,,,,2.80324195518851,False
500,0.7,19,Horseshoe,330.56357619998744,,,,,,1.2938096628808347,False
500,0.7,19,Regularized Horseshoe,325.6179794999771,,,,,,2.5347826277387187,False
500,0.7,20,AEH,319.9213728000177,,,,,,3.156238555658696,False
500,0.7,20,Horseshoe,318.742621100042,,,,,,1.3792185380577633,False
500,0.7,20,Regularized Horseshoe,313.01895359996706,,,,,,4.079900047230357,False
500,0.7,21,AEH,314.6167844000156,,,,,,3.3611947636052775,False
500,0.7,21,Horseshoe,317.09567319997586,,,,,,1.629037141758128,False
500,0.7,21,Regularized Horseshoe,335.0515418999712,,,,,,2.635760487266183,False
500,0.7,22,AEH,305.8621597000165,,,,,,2.796439453806372,False
500,0.7,22,Horseshoe,315.56458730000304,,,,,,1.2897267317428098,False
500,0.7,22,Regularized Horseshoe,307.56292729999404,,,,,,3.2246204661412046,False
500,0.7,23,AEH,306.57645970000885,,,,,,2.9372802452656908,False
500,0.7,23,Horseshoe,300.85462830000324,,,,,,1.4028878278504195,False
500,0.7,23,Regularized Horseshoe,300.8381906999857,,,,,,3.403832232828706,False
500,0.7,24,AEH,341.4185225000256,,,,,,2.849245078407399,False
500,0.7,24,Horseshoe,311.40991990000475,,,,,,1.3080171887241758,False
500,0.7,24,Regularized Horseshoe,343.24886739999056,,,,,,2.8434973348143613,False
500,0.7,25,AEH,312.28366610000376,,,,,,3.012797107895452,False
500,0.7,25,Horseshoe,312.9814804000198,,,,,,1.3873176084517191,False
500,0.7,25,Regularized Horseshoe,315.87478250003187,,,,,,2.3096149771002636,False
500,0.7,26,AEH,329.41531820001546,,,,,,3.1242487061364526,False
500,0.7,26,Horseshoe,347.2827617999865,,,,,,1.4198776809066562,False
500,0.7,26,Regularized Horseshoe,303.1821704999893,,,,,,2.943465359804727,False
500,0.7,27,AEH,305.82375770004,,,,,,3.40780790058004,False
500,0.7,27,Horseshoe,311.6693564999732,,,,,,1.3028558769857335,False
500,0.7,27,Regularized Horseshoe,307.8256578000146,,,,,,2.900659279105379,False
500,0.7,28,AEH,308.57800639997004,,,,,,2.985185214969109,False
500,0.7,28,Horseshoe,305.3519821999944,,,,,,1.3460197742242774,False
500,0.7,28,Regularized Horseshoe,300.98607520002406,,,,,,2.948011180782876,False
500,0.7,29,AEH,307.3089792000246,,,,,,2.9241094201121216,False
500,0.7,29,Horseshoe,278.12233759998344,,,,,,1.4964367821373723,False
500,0.7,29,Regularized Horseshoe,301.6074616999831,,,,,,2.747516353308102,False
500,0.9,0,AEH,311.47611810005037,,,,,,3.267194455013622,False
500,0.9,0,Horseshoe,304.540851400001,,,,,,1.5362152353276204,False
500,0.9,0,Regularized Horseshoe,302.1748456999776,,,,,,3.3920405819461634,False
500,0.9,1,AEH,309.4539339999901,,,,,,2.90234461079726,False
500,0.9,1,Horseshoe,304.1511740999995,,,,,,1.370762539227684,False
500,0.9,1,Regularized Horseshoe,307.22422009997535,,,,,,2.8687318457690765,False
500,0.9,2,AEH,312.2562639999669,,,,,,3.2029603516742537,False
500,0.9,2,Horseshoe,303.16240209998796,,,,,,1.2320461591997067,False
500,0.9,2,Regularized Horseshoe,304.693319300015,,,,,,2.7967767326125283,False
500,0.9,3,AEH,308.58196460001636,,,,,,2.971415218496991,False
500,0.9,3,Horseshoe,307.24483829998644,,,,,,1.3271632004085243,False
500,0.9,3,Regularized Horseshoe,302.98648630001117,,,,,,2.6323643729559896,False
500,0.9,4,AEH,304.6450076000183,,,,,,2.9904768021134513,False
500,0.9,4,Horseshoe,369.5775735999923,,,,,,1.348387236557741,False
500,0.9,4,Regularized Horseshoe,365.41331899998477,,,,,,3.4569643069525555,False
500,0.9,5,AEH,374.0889418000006,,,,,,2.96769397534852,False
500,0.9,5,Horseshoe,360.1454458000371,,,,,,1.4479606440910664,False
500,0.9,5,Regularized Horseshoe,391.3619278999977,,,,,,2.8297559636169667,False
500,0.9,6,AEH,421.57198889995925,,,,,,2.972629807404484,False
500,0.9,6,Horseshoe,362.45593669998925,,,,,,1.499207483237224,False
500,0.9,6,Regularized Horseshoe,358.12108200002695,,,,,,2.73499206220313,False
500,0.9,7,AEH,360.85211010003695,,,,,,2.8687852203221125,False
500,0.9,7,Horseshoe,393.37025459995493,,,,,,1.2355354709931123,False
500,0.9,7,Regularized Horseshoe,404.5996817999985,,,,,,3.0300625025977688,False
500,0.9,8,AEH,416.2649471000186,,,,,,3.117873885556279,False
500,0.9,8,Horseshoe,396.8394116999698,,,,,,1.2726298999902705,False
500,0.9,8,Regularized Horseshoe,408.3736166000017,,,,,,2.4664548474236727,False
500,0.9,9,AEH,399.69854180002585,,,,,,3.1787985703882975,False
500,0.9,9,Horseshoe,422.80195450002793,,,,,,1.3046298087245265,False
500,0.9,9,Regularized Horseshoe,400.02680190000683,,,,,,2.642777237920561,False
500,0.9,10,AEH,369.84210279997205,,,,,,2.716056689951937,False
500,0.9,10,Horseshoe,378.8709707999951,,,,,,1.242484753708173,False
500,0.9,10,Regularized Horseshoe,357.88421799999196,,,,,,2.4922359239693064,False
500,0.9,11,AEH,379.7624934000196,,,,,,2.976307742213621,False
500,0.9,11,Horseshoe,372.9209858000395,,,,,,1.399949658208013,False
500,0.9,11,Regularized Horseshoe,370.2563209999935,,,,,,3.1381237979596084,False
500,0.9,12,AEH,350.3468547000084,,,,,,3.0400954701579006,False
500,0.9,12,Horseshoe,290.0352619999903,,,,,,1.427840808795696,False
500,0.9,12,Regularized Horseshoe,309.74996440001996,,,,,,2.643536730526711,False
500,0.9,13,AEH,339.2443629000336,,,,,,3.0632600048577303,False
500,0.9,13,Horseshoe,313.7537919000024,,,,,,1.2989115483365257,False
500,0.9,13,Regularized Horseshoe,313.8211720000254,,,,,,2.827808002656681,False
500,0.9,14,AEH,315.5005005999701,,,,,,2.840264145769137,False
500,0.9,14,Horseshoe,319.5998628999805,,,,,,1.3571753619913238,False
500,0.9,14,Regularized Horseshoe,310.5893778000027,,,,,,2.885895399789713,False
500,0.9,15,AEH,317.7655816000188,,,,,,2.954235861421947,False
500,0.9,15,Horseshoe,317.69368319999194,,,,,,1.3086748207542238,False
500,0.9,15,Regularized Horseshoe,311.39186390000395,,,,,,2.422775469143222,False
500,0.9,16,AEH,321.06430790002923,,,,,,3.0572078205418682,False
500,0.9,16,Horseshoe,319.9316241000197,,,,,,1.4511823253618925,False
500,0.9,16,Regularized Horseshoe,312.50790699996287,,,,,,2.483877502630399,False
500,0.9,17,AEH,322.89314380002907,,,,,,3.524568103898873,False
500,0.9,17,Horseshoe,318.89890510000987,,,,,,1.3715154799783371,False
500,0.9,17,Regularized Horseshoe,314.320024799963,,,,,,2.5615644755261417,False
500,0.9,18,AEH,326.1248129999731,,,,,,2.785459843936417,False
500,0.9,18,Horseshoe,321.4885918000364,,,,,,1.3717833063246052,False
500,0.9,18,Regularized Horseshoe,311.95494270004565,,,,,,3.0900634426210147,False
500,0.9,19,AEH,323.34454389999155,,,,,,2.705675823402649,False
500,0.9,19,Horseshoe,318.3693010000279,,,,,,1.3772752064571534,False
500,0.9,19,Regularized Horseshoe,318.02809209999396,,,,,,2.6625270996364234,False
500,0.9,20,AEH,329.4163751999731,,,,,,3.0024497490792896,False
500,0.9,20,Horseshoe,336.04276729997946,,,,,,1.3055341977714416,False
500,0.9,20,Regularized Horseshoe,424.30729949998204,,,,,,3.7787586668815245,False
500,0.9,21,AEH,334.2801148999715,,,,,,2.7992297064607623,False
500,0.9,21,Horseshoe,305.62587620003615,,,,,,1.4378124713529037,False
500,0.9,21,Regularized Horseshoe,318.72093399998266,,,,,,2.7126371571599357,False
500,0.9,22,AEH,666.6262554000132,,,,,,2.85867246691325,False
500,0.9,22,Horseshoe,395.77319700003136,,,,,,1.4981350702323306,False
500,0.9,22,Regularized Horseshoe,387.25707370002056,,,,,,2.7209833498170317,False
500,0.9,23,AEH,404.8028427999816,,,,,,2.949104774693667,False
500,0.9,23,Horseshoe,393.41017679998185,,,,,,1.3169985008595273,False
500,0.9,23,Regularized Horseshoe,387.108568799973,,,,,,3.5382581967084836,False
500,0.9,24,AEH,387.56584599998314,,,,,,3.0822934745903927,False
500,0.9,24,Horseshoe,394.6992541999789,,,,,,1.3022076710456176,False
500,0.9,24,Regularized Horseshoe,404.3588075999869,,,,,,3.037692765485561,False
500,0.9,25,AEH,387.47895660001086,,,,,,2.996090429650824,False
500,0.9,25,Horseshoe,386.5813649999909,,,,,,1.2764515287649156,False
500,0.9,25,Regularized Horseshoe,384.39523929997813,,,,,,2.6981440562234233,False
500,0.9,26,AEH,396.74943640001584,,,,,,2.7278056865545355,False
500,0.9,26,Horseshoe,387.9560214999947,,,,,,1.3425750678445347,False
500,0.9,26,Regularized Horseshoe,392.45345140004065,,,,,,2.844811558168768,False
500,0.9,27,AEH,386.0434881999972,,,,,,3.254288532184832,False
500,0.9,27,Horseshoe,388.82342250004876,,,,,,1.364978165069489,False
500,0.9,27,Regularized Horseshoe,385.1511266999878,,,,,,2.99029032507186,False
500,0.9,28,AEH,441.8403278000187,,,,,,3.049285047008808,False
500,0.9,28,Horseshoe,390.68883780000033,,,,,,1.4050723031705765,False
500,0.9,28,Regularized Horseshoe,383.85694799997145,,,,,,3.511122889233641,False
500,0.9,29,AEH,390.3829457000247,,,,,,2.9783088564373643,False
500,0.9,29,Horseshoe,386.65428869996686,,,,,,1.4497164448291615,False
500,0.9,29,Regularized Horseshoe,399.96614400000544,,,,,,2.8208536482639888,False
