p,rho,replication,method,wall_clock_s
50,0.5,0,AEH,5.0803184999967925
50,0.5,0,Horseshoe,4.760144800005946
50,0.5,0,Regularized Horseshoe,4.204519399994751
50,0.5,1,AEH,4.928229800018016
50,0.5,1,Horseshoe,4.912343000003602
50,0.5,1,Regularized Horseshoe,4.943543400004273
50,0.5,2,AEH,5.4683682000031695
50,0.5,2,Horseshoe,4.019627600006061
50,0.5,2,Regularized Horseshoe,3.5007680999988224
50,0.5,3,AEH,3.9775613000092562
50,0.5,3,Horseshoe,4.218689500004984
50,0.5,3,Regularized Horseshoe,4.090993899997557
50,0.5,4,AEH,3.8902138999837916
50,0.5,4,Horseshoe,3.3443588000081945
50,0.5,4,Regularized Horseshoe,3.4794245999946725
50,0.5,5,AEH,4.914023500023177
50,0.5,5,Horseshoe,4.852078299998539
50,0.5,5,Regularized Horseshoe,6.477078600000823
50,0.5,6,AEH,6.3863525000051595
50,0.5,6,Horseshoe,4.648040800006129
50,0.5,6,Regularized Horseshoe,4.728205199993681
50,0.5,7,AEH,4.374247200001264
50,0.5,7,Horseshoe,3.4057314999809023
50,0.5,7,Regularized Horseshoe,2.898312800010899
50,0.5,8,AEH,3.746639899996808
50,0.5,8,Horseshoe,3.5256274999992456
50,0.5,8,Regularized Horseshoe,2.467323300021235
50,0.5,9,AEH,3.290463799989084
50,0.5,9,Horseshoe,3.0794372000091244
50,0.5,9,Regularized Horseshoe,2.2768866999831516
50,0.5,10,AEH,3.5057651000097394
50,0.5,10,Horseshoe,3.097956299985526
50,0.5,10,Regularized Horseshoe,2.2092269999848213
50,0.5,11,AEH,2.658575999987079
50,0.5,11,Horseshoe,2.3021677999931853
50,0.5,11,Regularized Horseshoe,2.7908058000029996
50,0.5,12,AEH,3.382720199995674
50,0.5,12,Horseshoe,2.303369599976577
50,0.5,12,Regularized Horseshoe,1.8385874000086915
50,0.5,13,AEH,2.327939900016645
50,0.5,13,Horseshoe,1.9530268000089563
50,0.5,13,Regularized Horseshoe,1.7712414999841712
50,0.5,14,AEH,2.3750449000217486
50,0.5,14,Horseshoe,2.0094397999928333
50,0.5,14,Regularized Horseshoe,1.9506495999812614
50,0.5,15,AEH,2.3574674999981653
50,0.5,15,Horseshoe,1.9163216000015382
50,0.5,15,Regularized Horseshoe,1.8939348999992944
50,0.5,16,AEH,2.3552793999842834
50,0.5,16,Horseshoe,1.9894210000056773
50,0.5,16,Regularized Horseshoe,1.8463583000120707
50,0.5,17,AEH,2.222326399991289
50,0.5,17,Horseshoe,2.2121574000047985
50,0.5,17,Regularized Horseshoe,1.8331203999987338
50,0.5,18,AEH,2.5110972999827936
50,0.5,18,Horseshoe,2.0705485999933444
50,0.5,18,Regularized Horseshoe,1.942542200005846
50,0.5,19,AEH,2.8617775999882724
50,0.5,19,Horseshoe,2.3656626000010874
50,0.5,19,Regularized Horseshoe,2.0654878999921493
50,0.5,20,AEH,2.7226328999968246
50,0.5,20,Horseshoe,5.933891300024698
50,0.5,20,Regularized Horseshoe,6.561751600005664
50,0.5,21,AEH,5.831575099990005
50,0.5,21,Horseshoe,6.336112399992999
50,0.5,21,Regularized Horseshoe,5.570887200010475
50,0.5,22,AEH,6.674823199980892
50,0.5,22,Horseshoe,5.765281699976185
50,0.5,22,Regularized Horseshoe,5.752213400002802
50,0.5,23,AEH,5.435829800000647
50,0.5,23,Horseshoe,4.472438199998578
50,0.5,23,Regularized Horseshoe,4.549055700015742
50,0.5,24,AEH,5.458184799994342
50,0.5,24,Horseshoe,6.152508699975442
50,0.5,24,Regularized Horseshoe,4.937476799997967
50,0.5,25,AEH,6.992044500017073
50,0.5,25,Horseshoe,6.056966400006786
50,0.5,25,Regularized Horseshoe,6.273597399995197
50,0.5,26,AEH,6.475015200005146
50,0.5,26,Horseshoe,5.9588045999989845
50,0.5,26,Regularized Horseshoe,6.148566699994262
50,0.5,27,AEH,7.975620899989735
50,0.5,27,Horseshoe,6.695440199982841
50,0.5,27,Regularized Horseshoe,5.7285095999832265
50,0.5,28,AEH,7.412931599974399
50,0.5,28,Horseshoe,4.9391310999926645
50,0.5,28,Regularized Horseshoe,4.347140400001081
50,0.5,29,AEH,7.743511300010141
50,0.5,29,Horseshoe,7.637879999994766
50,0.5,29,Regularized Horseshoe,7.015383999998448
50,0.7,0,AEH,6.730636699998286
50,0.7,0,Horseshoe,6.829980000009527
50,0.7,0,Regularized Horseshoe,6.233460400020704
50,0.7,1,AEH,7.956407499994384
50,0.7,1,Horseshoe,6.864442199992482
50,0.7,1,Regularized Horseshoe,5.17897430001176
50,0.7,2,AEH,7.070506699994439
50,0.7,2,Horseshoe,5.181792599993059
50,0.7,2,Regularized Horseshoe,4.909583600005135
50,0.7,3,AEH,5.28657490000478
50,0.7,3,Horseshoe,5.09697650000453
50,0.7,3,Regularized Horseshoe,7.463689800002612
50,0.7,4,AEH,8.149042999983067
50,0.7,4,Horseshoe,6.633189999993192
50,0.7,4,Regularized Horseshoe,4.280539100000169
50,0.7,5,AEH,7.95220369999879
50,0.7,5,Horseshoe,6.89733909998904
50,0.7,5,Regularized Horseshoe,4.324284600006649
50,0.7,6,AEH,6.010544199991273
50,0.7,6,Horseshoe,4.640463199990336
50,0.7,6,Regularized Horseshoe,4.525880800007144
50,0.7,7,AEH,7.237184199999319
50,0.7,7,Horseshoe,7.17519480001647
50,0.7,7,Regularized Horseshoe,5.835361300007207
50,0.7,8,AEH,6.3204502999724355
50,0.7,8,Horseshoe,6.783293699991191
50,0.7,8,Regularized Horseshoe,6.426684900012333
50,0.7,9,AEH,6.8150365999899805
50,0.7,9,Horseshoe,6.027751200017519
50,0.7,9,Regularized Horseshoe,6.861908799997764
50,0.7,10,AEH,5.403550799994264
50,0.7,10,Horseshoe,6.028216200007591
50,0.7,10,Regularized Horseshoe,5.909771299979184
50,0.7,11,AEH,6.146082000021124
50,0.7,11,Horseshoe,6.159353099996224
50,0.7,11,Regularized Horseshoe,5.70070630000555
50,0.7,12,AEH,7.196049499994842
50,0.7,12,Horseshoe,6.194180999998935
50,0.7,12,Regularized Horseshoe,5.59184120001737
50,0.7,13,AEH,7.211890200007474
50,0.7,13,Horseshoe,7.051557900005719
50,0.7,13,Regularized Horseshoe,6.137291000020923
50,0.7,14,AEH,6.84624939999776
50,0.7,14,Horseshoe,5.921219599986216
50,0.7,14,Regularized Horseshoe,5.585702699987451
50,0.7,15,AEH,6.161518700013403
50,0.7,15,Horseshoe,5.870462199993199
50,0.7,15,Regularized Horseshoe,5.177903499978129
50,0.7,16,AEH,7.712482500006445
50,0.7,16,Horseshoe,6.1904658999992535
50,0.7,16,Regularized Horseshoe,6.063549599988619
50,0.7,17,AEH,7.565050800010795
50,0.7,17,Horseshoe,6.935577900003409
50,0.7,17,Regularized Horseshoe,6.180075199983548
50,0.7,18,AEH,7.3575915999826975
50,0.7,18,Horseshoe,6.815994400007185
50,0.7,18,Regularized Horseshoe,6.075516399985645
50,0.7,19,AEH,6.939922099991236
50,0.7,19,Horseshoe,6.7185585999977775
50,0.7,19,Regularized Horseshoe,6.146491399995284
50,0.7,20,AEH,6.707294899999397
50,0.7,20,Horseshoe,5.15551919999416
50,0.7,20,Regularized Horseshoe,5.32698110002093
50,0.7,21,AEH,6.423739299993031
50,0.7,21,Horseshoe,6.361266499996418
50,0.7,21,Regularized Horseshoe,5.185811700008344
50,0.7,22,AEH,7.245659600012004
50,0.7,22,Horseshoe,6.150263499992434
50,0.7,22,Regularized Horseshoe,5.311306499992497
50,0.7,23,AEH,6.124385600007372
50,0.7,23,Horseshoe,5.843523799994728
50,0.7,23,Regularized Horseshoe,5.216740700008813
50,0.7,24,AEH,6.747380899993004
50,0.7,24,Horseshoe,6.202356499998132
50,0.7,24,Regularized Horseshoe,6.872757699980866
50,0.7,25,AEH,6.756602300010854
50,0.7,25,Horseshoe,5.315953100012848
50,0.7,25,Regularized Horseshoe,4.9009447999997064
50,0.7,26,AEH,6.264301399991382
50,0.7,26,Horseshoe,5.698525499989046
50,0.7,26,Regularized Horseshoe,6.287594800000079
50,0.7,27,AEH,8.64635769999586
50,0.7,27,Horseshoe,7.4841447999933735
50,0.7,27,Regularized Horseshoe,6.497013999993214
50,0.7,28,AEH,8.312815200013574
50,0.7,28,Horseshoe,7.385154999996303
50,0.7,28,Regularized Horseshoe,5.486401700007264
50,0.7,29,AEH,8.106399300013436
50,0.7,29,Horseshoe,6.909501400019508
50,0.7,29,Regularized Horseshoe,6.610841100016842
50,0.9,0,AEH,8.014834400004474
50,0.9,0,Horseshoe,6.608698800002458
50,0.9,0,Regularized Horseshoe,5.707488399988506
50,0.9,1,AEH,6.036661299993284
50,0.9,1,Horseshoe,5.6221197999839205
50,0.9,1,Regularized Horseshoe,5.272911000007298
50,0.9,2,AEH,6.467943399999058
50,0.9,2,Horseshoe,6.0258614999766
50,0.9,2,Regularized Horseshoe,5.458040599973174
50,0.9,3,AEH,8.413773400010541
50,0.9,3,Horseshoe,7.4202558000106364
50,0.9,3,Regularized Horseshoe,6.40565499998047
50,0.9,4,AEH,7.107280199998058
50,0.9,4,Horseshoe,7.799045899999328
50,0.9,4,Regularized Horseshoe,5.845425000006799
50,0.9,5,AEH,8.192802000005031
50,0.9,5,Horseshoe,5.6746082000026945
50,0.9,5,Regularized Horseshoe,7.08516050002072
50,0.9,6,AEH,7.753066600009333
50,0.9,6,Horseshoe,7.978055800020229
50,0.9,6,Regularized Horseshoe,7.25880809998489
50,0.9,7,AEH,8.801369699998759
50,0.9,7,Horseshoe,6.927021300012711
50,0.9,7,Regularized Horseshoe,7.4453081999963615
50,0.9,8,AEH,8.586059900000691
50,0.9,8,Horseshoe,7.498621999984607
50,0.9,8,Regularized Horseshoe,6.471607899991795
50,0.9,9,AEH,8.709544800018193
50,0.9,9,Horseshoe,8.060562600003323
50,0.9,9,Regularized Horseshoe,6.663794299995061
50,0.9,10,AEH,7.376985900016734
50,0.9,10,Horseshoe,7.773735299997497
50,0.9,10,Regularized Horseshoe,7.031241999997292
50,0.9,11,AEH,7.984524899977259
50,0.9,11,Horseshoe,7.1307489000028
50,0.9,11,Regularized Horseshoe,6.721367099991767
50,0.9,12,AEH,7.538603599998169
50,0.9,12,Horseshoe,7.151820200000657
50,0.9,12,Regularized Horseshoe,5.745429600006901
50,0.9,13,AEH,5.6853515000257175
50,0.9,13,Horseshoe,6.148386400018353
50,0.9,13,Regularized Horseshoe,5.274959800008219
50,0.9,14,AEH,7.465925399999833
50,0.9,14,Horseshoe,7.051112699991791
50,0.9,14,Regularized Horseshoe,6.931338599999435
50,0.9,15,AEH,8.11484449999989
50,0.9,15,Horseshoe,8.026696900022216
50,0.9,15,Regularized Horseshoe,6.635409200011054
50,0.9,16,AEH,7.858989200001815
50,0.9,16,Horseshoe,7.67117600000347
50,0.9,16,Regularized Horseshoe,6.178458500013221
50,0.9,17,AEH,6.374093199992785
50,0.9,17,Horseshoe,8.044496599992272
50,0.9,17,Regularized Horseshoe,5.609150100004626
50,0.9,18,AEH,8.237215700006345
50,0.9,18,Horseshoe,6.406139300001087
50,0.9,18,Regularized Horseshoe,6.671166500018444
50,0.9,19,AEH,8.105156300007366
50,0.9,19,Horseshoe,8.07295860000886
50,0.9,19,Regularized Horseshoe,4.794791299995268
50,0.9,20,AEH,7.497521700017387
50,0.9,20,Horseshoe,7.997478199977195
50,0.9,20,Regularized Horseshoe,6.3806655000080355
50,0.9,21,AEH,7.571506300009787
50,0.9,21,Horseshoe,7.211301600007573
50,0.9,21,Regularized Horseshoe,6.043579899996985
50,0.9,22,AEH,9.250313399999868
50,0.9,22,Horseshoe,6.8616075000027195
50,0.9,22,Regularized Horseshoe,6.3938914999889676
50,0.9,23,AEH,7.724533100001281
50,0.9,23,Horseshoe,7.103545899997698
50,0.9,23,Regularized Horseshoe,6.700355700013461
50,0.9,24,AEH,7.803877199999988
50,0.9,24,Horseshoe,6.729654800001299
50,0.9,24,Regularized Horseshoe,6.1922051000001375
50,0.9,25,AEH,8.647254700015765
50,0.9,25,Horseshoe,7.205132100003539
50,0.9,25,Regularized Horseshoe,5.370105599984527
50,0.9,26,AEH,5.744543900014833
50,0.9,26,Horseshoe,6.690149000001838
50,0.9,26,Regularized Horseshoe,7.635867800010601
50,0.9,27,AEH,8.724825300014345
50,0.9,27,Horseshoe,7.015232799982186
50,0.9,27,Regularized Horseshoe,6.659851200005505
50,0.9,28,AEH,7.249532499990892
50,0.9,28,Horseshoe,6.741387699992629
50,0.9,28,Regularized Horseshoe,6.344836300006136
50,0.9,29,AEH,5.7193167000077665
50,0.9,29,Horseshoe,6.921936800004914
50,0.9,29,Regularized Horseshoe,6.819155199977104
200,0.5,0,AEH,90.27378039999167
200,0.5,0,Horseshoe,86.2049242000212
200,0.5,0,Regularized Horseshoe,83.31885280000279
200,0.5,1,AEH,89.77946609997889
200,0.5,1,Horseshoe,86.50050279998686
200,0.5,1,Regularized Horseshoe,83.54059980000602
200,0.5,2,AEH,88.83033460000297
200,0.5,2,Horseshoe,85.09990939998534
200,0.5,2,Regularized Horseshoe,85.81132799998159
200,0.5,3,AEH,84.84403529998963
200,0.5,3,Horseshoe,87.24373159999959
200,0.5,3,Regularized Horseshoe,83.30315440002596
200,0.5,4,AEH,87.6375684000086
200,0.5,4,Horseshoe,142.2556205999863
200,0.5,4,Regularized Horseshoe,179.0864450999943
200,0.5,5,AEH,203.38128979998874
200,0.5,5,Horseshoe,200.34504869999364
200,0.5,5,Regularized Horseshoe,173.11739699999453
200,0.5,6,AEH,146.8935729000077
200,0.5,6,Horseshoe,89.38735760000418
200,0.5,6,Regularized Horseshoe,87.2777109000017
200,0.5,7,AEH,92.63442570000188
200,0.5,7,Horseshoe,91.11145970001235
200,0.5,7,Regularized Horseshoe,87.30560140000307
200,0.5,8,AEH,89.23830980001367
200,0.5,8,Horseshoe,117.78532269998686
200,0.5,8,Regularized Horseshoe,127.54246359999524
200,0.5,9,AEH,160.28469400000176
200,0.5,9,Horseshoe,136.20757310002227
200,0.5,9,Regularized Horseshoe,121.90543750001234
200,0.5,10,AEH,113.61419549997663
200,0.5,10,Horseshoe,121.91219020000426
200,0.5,10,Regularized Horseshoe,94.04564130000654
200,0.5,11,AEH,97.77051140001277
200,0.5,11,Horseshoe,88.53239189999294
200,0.5,11,Regularized Horseshoe,89.84439600000042
200,0.5,12,AEH,87.89756050001597
200,0.5,12,Horseshoe,121.87707269997918
200,0.5,12,Regularized Horseshoe,114.99786169998697
200,0.5,13,AEH,113.15981120002107
200,0.5,13,Horseshoe,111.80968000000576
200,0.5,13,Regularized Horseshoe,100.65268440000364
200,0.5,14,AEH,117.56657379999524
200,0.5,14,Horseshoe,144.79352350000408
200,0.5,14,Regularized Horseshoe,95.827676099987
200,0.5,15,AEH,132.80104680001386
200,0.5,15,Horseshoe,129.3624478999991
200,0.5,15,Regularized Horseshoe,107.67816109998967
200,0.5,16,AEH,110.08888999998453
200,0.5,16,Horseshoe,98.7360249000194
200,0.5,16,Regularized Horseshoe,97.79034800000954
200,0.5,17,AEH,95.7305794999993
200,0.5,17,Horseshoe,94.15319740000996
200,0.5,17,Regularized Horseshoe,94.4922082000121
200,0.5,18,AEH,98.52647330000764
200,0.5,18,Horseshoe,96.0559043000103
200,0.5,18,Regularized Horseshoe,94.26223659998504
200,0.5,19,AEH,121.10991989998729
200,0.5,19,Horseshoe,92.15565100000822
200,0.5,19,Regularized Horseshoe,205.1239213999943
200,0.5,20,AEH,187.03784679999808
200,0.5,20,Horseshoe,116.27216270001372
200,0.5,20,Regularized Horseshoe,92.38634040000034
200,0.5,21,AEH,184.4457742999948
200,0.5,21,Horseshoe,182.18699570000172
200,0.5,21,Regularized Horseshoe,141.86008449998917
200,0.5,22,AEH,115.8684104999993
200,0.5,22,Horseshoe,176.3053351000126
200,0.5,22,Regularized Horseshoe,184.19622310000705
200,0.5,23,AEH,156.46953199998825
200,0.5,23,Horseshoe,158.1347870999889
200,0.5,23,Regularized Horseshoe,142.48163879997446
200,0.5,24,AEH,125.8771014000231
200,0.5,24,Horseshoe,121.55648579998524
200,0.5,24,Regularized Horseshoe,110.6533330999955
200,0.5,25,AEH,118.4915970999864
200,0.5,25,Horseshoe,131.5866155999829
200,0.5,25,Regularized Horseshoe,109.07988249999471
200,0.5,26,AEH,201.61517030000687
200,0.5,26,Horseshoe,109.91434519999893
200,0.5,26,Regularized Horseshoe,84.94084649998695
200,0.5,27,AEH,89.10970790000283
200,0.5,27,Horseshoe,84.2666254999931
200,0.5,27,Regularized Horseshoe,85.65374690000317
200,0.5,28,AEH,90.6162020000047
200,0.5,28,Horseshoe,87.3507563000021
200,0.5,28,Regularized Horseshoe,85.41056699998444
200,0.5,29,AEH,85.45712859998457
200,0.5,29,Horseshoe,89.01620129999355
200,0.5,29,Regularized Horseshoe,84.43286910001189
200,0.7,0,AEH,89.2397878000047
200,0.7,0,Horseshoe,101.63683159998618
200,0.7,0,Regularized Horseshoe,86.05000100002508
200,0.7,1,AEH,86.81838540002354
200,0.7,1,Horseshoe,102.0877891999844
200,0.7,1,Regularized Horseshoe,87.11309970001457
200,0.7,2,AEH,91.36694399997941
200,0.7,2,Horseshoe,90.56478529999731
200,0.7,2,Regularized Horseshoe,87.17717719997745
200,0.7,3,AEH,92.5131137999997
200,0.7,3,Horseshoe,90.36837669997476
200,0.7,3,Regularized Horseshoe,90.74678600000334
200,0.7,4,AEH,86.6823916999856
200,0.7,4,Horseshoe,93.98438569999416
200,0.7,4,Regularized Horseshoe,87.13291930002742
200,0.7,5,AEH,88.23253990002559
200,0.7,5,Horseshoe,95.98409029998584
200,0.7,5,Regularized Horseshoe,113.9800954000093
200,0.7,6,AEH,103.76917909999611
200,0.7,6,Horseshoe,100.76807030002237
200,0.7,6,Regularized Horseshoe,102.7072182999982
200,0.7,7,AEH,121.1575765000016
200,0.7,7,Horseshoe,181.22534070000984
200,0.7,7,Regularized Horseshoe,175.31138300002203
200,0.7,8,AEH,173.02826199997799
200,0.7,8,Horseshoe,172.38518509999267
200,0.7,8,Regularized Horseshoe,185.5195589000068
200,0.7,9,AEH,184.62560339999618
200,0.7,9,Horseshoe,153.34462560000247
200,0.7,9,Regularized Horseshoe,111.24318920000223
200,0.7,10,AEH,193.41566599998623
200,0.7,10,Horseshoe,144.6180954000156
200,0.7,10,Regularized Horseshoe,176.3560451999947
200,0.7,11,AEH,107.95874849997927
200,0.7,11,Horseshoe,101.63730490001035
200,0.7,11,Regularized Horseshoe,108.47746370002278
200,0.7,12,AEH,214.37067879998358
200,0.7,12,Horseshoe,119.99885480001103
200,0.7,12,Regularized Horseshoe,140.90619999999763
200,0.7,13,AEH,195.4046559999988
200,0.7,13,Horseshoe,168.446720500011
200,0.7,13,Regularized Horseshoe,180.97726859999239
200,0.7,14,AEH,208.91559279998182
200,0.7,14,Horseshoe,235.81983449999825
200,0.7,14,Regularized Horseshoe,194.52442910001264
200,0.7,15,AEH,179.58112420001999
200,0.7,15,Horseshoe,152.38842239999212
200,0.7,15,Regularized Horseshoe,106.20522770000389
200,0.7,16,AEH,108.26463289998355
200,0.7,16,Horseshoe,151.38115669999388
200,0.7,16,Regularized Horseshoe,182.88778920000186
200,0.7,17,AEH,188.81010660002357
200,0.7,17,Horseshoe,145.5249274999951
200,0.7,17,Regularized Horseshoe,117.69324250001227
200,0.7,18,AEH,137.47353830002248
200,0.7,18,Horseshoe,132.7853481999773
200,0.7,18,Regularized Horseshoe,143.0809303999995
200,0.7,19,AEH,148.49734269999317
200,0.7,19,Horseshoe,182.65915919997497
200,0.7,19,Regularized Horseshoe,205.3917057000217
200,0.7,20,AEH,180.9737720999983
200,0.7,20,Horseshoe,185.04480289999628
200,0.7,20,Regularized Horseshoe,204.32307939999737
200,0.7,21,AEH,181.90798739998718
200,0.7,21,Horseshoe,188.09559750001063
200,0.7,21,Regularized Horseshoe,191.80387229999178
200,0.7,22,AEH,113.4624244000006
200,0.7,22,Horseshoe,100.5001229000045
200,0.7,22,Regularized Horseshoe,101.23081800001091
200,0.7,23,AEH,104.04784220000147
200,0.7,23,Horseshoe,120.76440910002566
200,0.7,23,Regularized Horseshoe,174.01416800002335
200,0.7,24,AEH,212.9908041000017
200,0.7,24,Horseshoe,210.609388700017
200,0.7,24,Regularized Horseshoe,178.04623009997886
200,0.7,25,AEH,188.93667759999516
200,0.7,25,Horseshoe,190.98214690000168
200,0.7,25,Regularized Horseshoe,162.74471840000479
200,0.7,26,AEH,96.50144600000931
200,0.7,26,Horseshoe,88.93328709999332
200,0.7,26,Regularized Horseshoe,92.39435909999884
200,0.7,27,AEH,91.15990619998774
200,0.7,27,Horseshoe,94.08116329999757
200,0.7,27,Regularized Horseshoe,86.60208679997595
200,0.7,28,AEH,90.16040999998222
200,0.7,28,Horseshoe,170.09378149997792
200,0.7,28,Regularized Horseshoe,189.89870390002034
200,0.7,29,AEH,185.7338195000193
200,0.7,29,Horseshoe,143.00999669998419
200,0.7,29,Regularized Horseshoe,97.77537980000488
200,0.9,0,AEH,98.3879345000023
200,0.9,0,Horseshoe,93.78750459998264
200,0.9,0,Regularized Horseshoe,93.83954929999891
200,0.9,1,AEH,90.76534129999345
200,0.9,1,Horseshoe,104.88366170000518
200,0.9,1,Regularized Horseshoe,97.24364069997682
200,0.9,2,AEH,89.97835200000554
200,0.9,2,Horseshoe,90.45595070000854
200,0.9,2,Regularized Horseshoe,86.01778529997682
200,0.9,3,AEH,97.48141629999736
200,0.9,3,Horseshoe,89.45307780001895
200,0.9,3,Regularized Horseshoe,94.24761500000022
200,0.9,4,AEH,88.94017079999321
200,0.9,4,Horseshoe,89.33610449999105
200,0.9,4,Regularized Horseshoe,83.90979970002081
200,0.9,5,AEH,94.1884427999903
200,0.9,5,Horseshoe,103.31799329997739
200,0.9,5,Regularized Horseshoe,89.72267479999573
200,0.9,6,AEH,87.72101899998961
200,0.9,6,Horseshoe,88.10051540000131
200,0.9,6,Regularized Horseshoe,199.8061986999819
200,0.9,7,AEH,194.06878840000718
200,0.9,7,Horseshoe,183.79190620000008
200,0.9,7,Regularized Horseshoe,129.42449299999862
200,0.9,8,AEH,103.0386426000041
200,0.9,8,Horseshoe,188.69300349999685
200,0.9,8,Regularized Horseshoe,91.67991420000908
200,0.9,9,AEH,94.16120560001582
200,0.9,9,Horseshoe,90.77389839998796
200,0.9,9,Regularized Horseshoe,91.06782279998879
200,0.9,10,AEH,89.57871239999076
200,0.9,10,Horseshoe,90.30818360002013
200,0.9,10,Regularized Horseshoe,82.01775709999492
200,0.9,11,AEH,85.9088514999894
200,0.9,11,Horseshoe,91.00015340000391
200,0.9,11,Regularized Horseshoe,84.37744830001611
200,0.9,12,AEH,98.11417240000446
200,0.9,12,Horseshoe,89.57865159999346
200,0.9,12,Regularized Horseshoe,92.98513740001363
200,0.9,13,AEH,90.02584280000883
200,0.9,13,Horseshoe,87.34953480001423
200,0.9,13,Regularized Horseshoe,85.35870869999053
200,0.9,14,AEH,87.42675290000625
200,0.9,14,Horseshoe,87.12673690001247
200,0.9,14,Regularized Horseshoe,90.08054389999597
200,0.9,15,AEH,88.03345519999857
200,0.9,15,Horseshoe,88.97939370002132
200,0.9,15,Regularized Horseshoe,90.94171579999966
200,0.9,16,AEH,88.88057169999229
200,0.9,16,Horseshoe,95.04131460000644
200,0.9,16,Regularized Horseshoe,84.92834010001388
200,0.9,17,AEH,97.16410609998275
200,0.9,17,Horseshoe,90.35601459999452
200,0.9,17,Regularized Horseshoe,87.6151507999748
200,0.9,18,AEH,86.76436739999917
200,0.9,18,Horseshoe,89.83157099998789
200,0.9,18,Regularized Horseshoe,84.02972780002165
200,0.9,19,AEH,98.97756930001196
200,0.9,19,Horseshoe,89.19948559999466
200,0.9,19,Regularized Horseshoe,176.59584609998274
200,0.9,20,AEH,181.97807489999104
200,0.9,20,Horseshoe,183.62039760002517
200,0.9,20,Regularized Horseshoe,127.36337380000623
200,0.9,21,AEH,100.86106429999927
200,0.9,21,Horseshoe,100.10300200001802
200,0.9,21,Regularized Horseshoe,95.82979590000468
200,0.9,22,AEH,104.14510449999943
200,0.9,22,Horseshoe,96.66257220000261
200,0.9,22,Regularized Horseshoe,95.96931260000565
200,0.9,23,AEH,95.83894249997684
200,0.9,23,Horseshoe,100.69825980000314
200,0.9,23,Regularized Horseshoe,107.30550240000593
200,0.9,24,AEH,105.07285130000673
200,0.9,24,Horseshoe,98.96571489999769
200,0.9,24,Regularized Horseshoe,98.02218169998378
200,0.9,25,AEH,96.79722570002195
200,0.9,25,Horseshoe,97.40231149998726
200,0.9,25,Regularized Horseshoe,94.97547889998532
200,0.9,26,AEH,101.45285639999202
200,0.9,26,Horseshoe,97.1439781000081
200,0.9,26,Regularized Horseshoe,113.62144970000372
200,0.9,27,AEH,107.20128480001586
200,0.9,27,Horseshoe,102.96523279999383
200,0.9,27,Regularized Horseshoe,97.29049130002386
200,0.9,28,AEH,100.15456840000115
200,0.9,28,Horseshoe,96.88038039999083
200,0.9,28,Regularized Horseshoe,115.53490420000162
200,0.9,29,AEH,99.78943289999734
200,0.9,29,Horseshoe,91.46377839997876
200,0.9,29,Regularized Horseshoe,84.25982790000853
500,0.5,0,AEH,334.50310169998556
500,0.5,0,Horseshoe,332.53340250000474
500,0.5,0,Regularized Horseshoe,397.42627919997904
500,0.5,1,AEH,552.2063370999822
500,0.5,1,Horseshoe,397.9156542000128
500,0.5,1,Regularized Horseshoe,688.6613472999888
500,0.5,2,AEH,401.6130701999937
500,0.5,2,Horseshoe,367.7511991999927
500,0.5,2,Regularized Horseshoe,382.22689119999995
500,0.5,3,AEH,373.47326359999715
500,0.5,3,Horseshoe,418.5004068999842
500,0.5,3,Regularized Horseshoe,320.5633103
500,0.5,4,AEH,660.1816545000183
500,0.5,4,Horseshoe,371.43384020001395
500,0.5,4,Regularized Horseshoe,425.8633247000107
500,0.5,5,AEH,666.5800645999843
500,0.5,5,Horseshoe,513.3755291999842
500,0.5,5,Regularized Horseshoe,368.4138457000081
500,0.5,6,AEH,391.12345579999965
500,0.5,6,Horseshoe,368.6779245999933
500,0.5,6,Regularized Horseshoe,392.52115799998865
500,0.5,7,AEH,370.75651300000027
500,0.5,7,Horseshoe,375.16925400000764
500,0.5,7,Regularized Horseshoe,369.1522684000083
500,0.5,8,AEH,366.710072899994
500,0.5,8,Horseshoe,382.4164592999732
500,0.5,8,Regularized Horseshoe,367.8869677000039
500,0.5,9,AEH,373.41911270000855
500,0.5,9,Horseshoe,379.47527620001347
500,0.5,9,Regularized Horseshoe,365.29435999999987
500,0.5,10,AEH,373.86085840000305
500,0.5,10,Horseshoe,366.70626579999225
500,0.5,10,Regularized Horseshoe,375.19501560000936
500,0.5,11,AEH,375.4388431000116
500,0.5,11,Horseshoe,385.3884473000071
500,0.5,11,Regularized Horseshoe,373.692194800009
500,0.5,12,AEH,391.523989600013
500,0.5,12,Horseshoe,385.50762969997595
500,0.5,12,Regularized Horseshoe,371.9118712999916
500,0.5,13,AEH,390.71560380002484
500,0.5,13,Horseshoe,378.0026080000098
500,0.5,13,Regularized Horseshoe,372.55539650001447
500,0.5,14,AEH,384.88623010000447
500,0.5,14,Horseshoe,373.7912426000112
500,0.5,14,Regularized Horseshoe,377.9252734000038
500,0.5,15,AEH,367.26152610001736
500,0.5,15,Horseshoe,373.94738920000964
500,0.5,15,Regularized Horseshoe,390.79468530000304
500,0.5,16,AEH,363.5468993000104
500,0.5,16,Horseshoe,378.3903374999936
500,0.5,16,Regularized Horseshoe,361.10561329999473
500,0.5,17,AEH,373.4563386999944
500,0.5,17,Horseshoe,370.99254960002145
500,0.5,17,Regularized Horseshoe,399.6270392999868
500,0.5,18,AEH,392.4873358999903
500,0.5,18,Horseshoe,373.72724569999264
500,0.5,18,Regularized Horseshoe,372.3700422999973
500,0.5,19,AEH,381.80655670000124
500,0.5,19,Horseshoe,377.21699420001823
500,0.5,19,Regularized Horseshoe,375.09786700000404
500,0.5,20,AEH,376.0005692000268
500,0.5,20,Horseshoe,381.09269889999996
500,0.5,20,Regularized Horseshoe,365.997466300003
500,0.5,21,AEH,448.67537260000245
500,0.5,21,Horseshoe,387.7189510999888
500,0.5,21,Regularized Horseshoe,385.3809497000184
500,0.5,22,AEH,377.74124249999295
500,0.5,22,Horseshoe,373.9114619999891
500,0.5,22,Regularized Horseshoe,369.73952560001635
500,0.5,23,AEH,370.9640119000105
500,0.5,23,Horseshoe,375.665983999992
500,0.5,23,Regularized Horseshoe,364.9750394000148
500,0.5,24,AEH,383.6857975999883
500,0.5,24,Horseshoe,376.3604620999831
500,0.5,24,Regularized Horseshoe,371.4796175000083
500,0.5,25,AEH,374.8447324000008
500,0.5,25,Horseshoe,370.65677840000717
500,0.5,25,Regularized Horseshoe,367.4776634000009
500,0.5,26,AEH,374.76297470001737
500,0.5,26,Horseshoe,365.1477217999927
500,0.5,26,Regularized Horseshoe,363.8805808000034
500,0.5,27,AEH,373.01820459999726
500,0.5,27,Horseshoe,371.3296302999952
500,0.5,27,Regularized Horseshoe,361.91005000000587
500,0.5,28,AEH,368.11209950002376
500,0.5,28,Horseshoe,370.06371180000133
500,0.5,28,Regularized Horseshoe,371.071901599993
500,0.5,29,AEH,387.4576120999991
500,0.5,29,Horseshoe,369.585693800007
500,0.5,29,Regularized Horseshoe,371.4531252000015
500,0.7,0,AEH,382.9824552999926
500,0.7,0,Horseshoe,369.44361560000107
500,0.7,0,Regularized Horseshoe,375.5126001999888
500,0.7,1,AEH,366.91448129998753
500,0.7,1,Horseshoe,371.2875279999862
500,0.7,1,Regularized Horseshoe,372.4349841999938
500,0.7,2,AEH,373.0511720000068
500,0.7,2,Horseshoe,378.5265417000046
500,0.7,2,Regularized Horseshoe,369.4879645000037
500,0.7,3,AEH,374.18342879999545
500,0.7,3,Horseshoe,377.2117436999979
500,0.7,3,Regularized Horseshoe,369.9375951999973
500,0.7,4,AEH,383.51286499999696
500,0.7,4,Horseshoe,376.83042750001187
500,0.7,4,Regularized Horseshoe,368.57819339999696
500,0.7,5,AEH,378.65307920001214
500,0.7,5,Horseshoe,373.12561330001336
500,0.7,5,Regularized Horseshoe,374.724632700003
500,0.7,6,AEH,384.82722860001377
500,0.7,6,Horseshoe,383.6610832999868
500,0.7,6,Regularized Horseshoe,376.41633789998014
500,0.7,7,AEH,398.4216531999991
500,0.7,7,Horseshoe,385.6546059999964
500,0.7,7,Regularized Horseshoe,367.99138270001276
500,0.7,8,AEH,374.42003400000976
500,0.7,8,Horseshoe,369.0449953000061
500,0.7,8,Regularized Horseshoe,367.2703346000053
500,0.7,9,AEH,361.3095291000209
500,0.7,9,Horseshoe,449.17740360001335
500,0.7,9,Regularized Horseshoe,652.1215334000008
500,0.7,10,AEH,372.89658070000587
500,0.7,10,Horseshoe,360.2355067000026
500,0.7,10,Regularized Horseshoe,368.69320350000635
500,0.7,11,AEH,375.7264131999982
500,0.7,11,Horseshoe,368.49736550002126
500,0.7,11,Regularized Horseshoe,361.73283810002613
500,0.7,12,AEH,358.7198932999745
500,0.7,12,Horseshoe,369.4109758999839
500,0.7,12,Regularized Horseshoe,372.59407609998016
500,0.7,13,AEH,388.58365390001563
500,0.7,13,Horseshoe,374.87839640001766
500,0.7,13,Regularized Horseshoe,366.92661210001097
500,0.7,14,AEH,374.9891087000142
500,0.7,14,Horseshoe,367.2670721000177
500,0.7,14,Regularized Horseshoe,367.98069170000963
500,0.7,15,AEH,364.135303499992
500,0.7,15,Horseshoe,367.81066469999496
500,0.7,15,Regularized Horseshoe,371.8593071999785
500,0.7,16,AEH,336.7255162000074
500,0.7,16,Horseshoe,312.4321229000052
500,0.7,16,Regularized Horseshoe,295.89609200000996
500,0.7,17,AEH,482.7570298000064
500,0.7,17,Horseshoe,318.81229239999084
500,0.7,17,Regularized Horseshoe,321.6178813999868
500,0.7,18,AEH,317.6774845000182
500,0.7,18,Horseshoe,302.5489553999796
500,0.7,18,Regularized Horseshoe,263.48789479999687
500,0.7,19,AEH,633.5882804000285
500,0.7,19,Horseshoe,330.56357619998744
500,0.7,19,Regularized Horseshoe,325.6179794999771
500,0.7,20,AEH,319.9213728000177
500,0.7,20,Horseshoe,318.742621100042
500,0.7,20,Regularized Horseshoe,313.01895359996706
500,0.7,21,AEH,314.6167844000156
500,0.7,21,Horseshoe,317.09567319997586
500,0.7,21,Regularized Horseshoe,335.0515418999712
500,0.7,22,AEH,305.8621597000165
500,0.7,22,Horseshoe,315.56458730000304
500,0.7,22,Regularized Horseshoe,307.56292729999404
500,0.7,23,AEH,306.57645970000885
500,0.7,23,Horseshoe,300.85462830000324
500,0.7,23,Regularized Horseshoe,300.8381906999857
500,0.7,24,AEH,341.4185225000256
500,0.7,24,Horseshoe,311.40991990000475
500,0.7,24,Regularized Horseshoe,343.24886739999056
500,0.7,25,AEH,312.28366610000376
500,0.7,25,Horseshoe,312.9814804000198
500,0.7,25,Regularized Horseshoe,315.87478250003187
500,0.7,26,AEH,329.41531820001546
500,0.7,26,Horseshoe,347.2827617999865
500,0.7,26,Regularized Horseshoe,303.1821704999893
500,0.7,27,AEH,305.82375770004
500,0.7,27,Horseshoe,311.6693564999732
500,0.7,27,Regularized Horseshoe,307.8256578000146
500,0.7,28,AEH,308.57800639997004
500,0.7,28,Horseshoe,305.3519821999944
500,0.7,28,Regularized Horseshoe,300.98607520002406
500,0.7,29,AEH,307.3089792000246
500,0.7,29,Horseshoe,278.12233759998344
500,0.7,29,Regularized Horseshoe,301.6074616999831
500,0.9,0,AEH,311.47611810005037
500,0.9,0,Horseshoe,304.540851400001
500,0.9,0,Regularized Horseshoe,302.1748456999776
500,0.9,1,AEH,309.4539339999901
500,0.9,1,Horseshoe,304.1511740999995
500,0.9,1,Regularized Horseshoe,307.22422009997535
500,0.9,2,AEH,312.2562639999669
500,0.9,2,Horseshoe,303.16240209998796
500,0.9,2,Regularized Horseshoe,304.693319300015
500,0.9,3,AEH,308.58196460001636
500,0.9,3,Horseshoe,307.24483829998644
500,0.9,3,Regularized Horseshoe,302.98648630001117
500,0.9,4,AEH,304.6450076000183
500,0.9,4,Horseshoe,369.5775735999923
500,0.9,4,Regularized Horseshoe,365.41331899998477
500,0.9,5,AEH,374.0889418000006
500,0.9,5,Horseshoe,360.1454458000371
500,0.9,5,Regularized Horseshoe,391.3619278999977
500,0.9,6,AEH,421.57198889995925
500,0.9,6,Horseshoe,362.45593669998925
500,0.9,6,Regularized Horseshoe,358.12108200002695
500,0.9,7,AEH,360.85211010003695
500,0.9,7,Horseshoe,393.37025459995493
500,0.9,7,Regularized Horseshoe,404.5996817999985
500,0.9,8,AEH,416.2649471000186
500,0.9,8,Horseshoe,396.8394116999698
500,0.9,8,Regularized Horseshoe,408.3736166000017
500,0.9,9,AEH,399.69854180002585
500,0.9,9,Horseshoe,422.80195450002793
500,0.9,9,Regularized Horseshoe,400.02680190000683
500,0.9,10,AEH,369.84210279997205
500,0.9,10,Horseshoe,378.8709707999951
500,0.9,10,Regularized Horseshoe,357.88421799999196
500,0.9,11,AEH,379.7624934000196
500,0.9,11,Horseshoe,372.9209858000395
500,0.9,11,Regularized Horseshoe,370.2563209999935
500,0.9,12,AEH,350.3468547000084
500,0.9,12,Horseshoe,290.0352619999903
500,0.9,12,Regularized Horseshoe,309.74996440001996
500,0.9,13,AEH,339.2443629000336
500,0.9,13,Horseshoe,313.7537919000024
500,0.9,13,Regularized Horseshoe,313.8211720000254
500,0.9,14,AEH,315.5005005999701
500,0.9,14,Horseshoe,319.5998628999805
500,0.9,14,Regularized Horseshoe,310.5893778000027
500,0.9,15,AEH,317.7655816000188
500,0.9,15,Horseshoe,317.69368319999194
500,0.9,15,Regularized Horseshoe,311.39186390000395
500,0.9,16,AEH,321.06430790002923
500,0.9,16,Horseshoe,319.9316241000197
500,0.9,16,Regularized Horseshoe,312.50790699996287
500,0.9,17,AEH,322.89314380002907
500,0.9,17,Horseshoe,318.89890510000987
500,0.9,17,Regularized Horseshoe,314.320024799963
500,0.9,18,AEH,326.1248129999731
500,0.9,18,Horseshoe,321.4885918000364
500,0.9,18,Regularized Horseshoe,311.95494270004565
500,0.9,19,AEH,323.34454389999155
500,0.9,19,Horseshoe,318.3693010000279
500,0.9,19,Regularized Horseshoe,318.02809209999396
500,0.9,20,AEH,329.4163751999731
500,0.9,20,Horseshoe,336.04276729997946
500,0.9,20,Regularized Horseshoe,424.30729949998204
500,0.9,21,AEH,334.2801148999715
500,0.9,21,Horseshoe,305.62587620003615
500,0.9,21,Regularized Horseshoe,318.72093399998266
500,0.9,22,AEH,666.6262554000132
500,0.9,22,Horseshoe,395.77319700003136
500,0.9,22,Regularized Horseshoe,387.25707370002056
500,0.9,23,AEH,404.8028427999816
500,0.9,23,Horseshoe,393.41017679998185
500,0.9,23,Regularized Horseshoe,387.108568799973
500,0.9,24,AEH,387.56584599998314
500,0.9,24,Horseshoe,394.6992541999789
500,0.9,24,Regularized Horseshoe,404.3588075999869
500,0.9,25,AEH,387.47895660001086
500,0.9,25,Horseshoe,386.5813649999909
500,0.9,25,Regularized Horseshoe,384.39523929997813
500,0.9,26,AEH,396.74943640001584
500,0.9,26,Horseshoe,387.9560214999947
500,0.9,26,Regularized Horseshoe,392.45345140004065
500,0.9,27,AEH,386.0434881999972
500,0.9,27,Horseshoe,388.82342250004876
500,0.9,27,Regularized Horseshoe,385.1511266999878
500,0.9,28,AEH,441.8403278000187
500,0.9,28,Horseshoe,390.68883780000033
500,0.9,28,Regularized Horseshoe,383.85694799997145
500,0.9,29,AEH,390.3829457000247
500,0.9,29,Horseshoe,386.65428869996686
500,0.9,29,Regularized Horseshoe,399.96614400000544
