condition,replication,wall_clock_s
Correct,0,1.5416161000030115
Correct,1,1.4972228000406176
Correct,2,1.4923441000282764
Correct,3,1.5069394999882206
Correct,4,1.5233200000366196
Correct,5,1.5619749000179581
Correct,6,1.52174150000792
Correct,7,1.4153703000047244
Correct,8,1.872199699981138
Correct,9,1.5729142999625765
Correct,10,1.3731841999688186
Correct,11,1.6096271999995224
Correct,12,1.570654299983289
Correct,13,1.3611578999552876
Correct,14,1.4928118999814615
Correct,15,1.6360141999903135
Correct,16,1.5252000000327826
Correct,17,1.3743668000097387
Correct,18,1.5238421999965794
Correct,19,1.4598498999839649
Correct,20,1.579700700007379
Correct,21,1.687340900010895
Correct,22,2.242351399967447
Correct,23,1.7316917999996804
Correct,24,1.4623549000243656
Correct,25,1.5122059000423178
Correct,26,1.515685599995777
Correct,27,1.4487174000241794
Correct,28,1.7312643000041135
Correct,29,1.586693799996283
Correct,30,1.7659626999520697
Correct,31,1.9666828000335954
Correct,32,1.612836399988737
Correct,33,1.5635049999691546
Correct,34,1.4439237999613397
Correct,35,1.5385764999664389
Correct,36,1.4986252000089735
Correct,37,1.4355283999466337
Correct,38,1.5233031999669038
Correct,39,1.4920297999633476
Correct,40,1.4521746000391431
Correct,41,1.5829728999524377
Correct,42,1.5190178000484593
Correct,43,1.7428523999988101
Correct,44,1.6480291000334546
Correct,45,1.587910100002773
Correct,46,1.611100299982354
Correct,47,1.5348646000493318
Correct,48,1.6023616999736987
Correct,49,1.496746200020425
Fully swapped,0,1.5142679000273347
Fully swapped,1,1.6452980999602005
Fully swapped,2,1.5787632999708876
Fully swapped,3,1.6056926000164822
Fully swapped,4,1.547582200029865
Fully swapped,5,1.596268399967812
Fully swapped,6,1.5675171000184491
Fully swapped,7,1.5518305000150576
Fully swapped,8,1.5913269000011496
Fully swapped,9,1.563218199997209
Fully swapped,10,1.4902426000335254
Fully swapped,11,1.6094125999952666
Fully swapped,12,1.703703899984248
Fully swapped,13,1.6621685000136495
Fully swapped,14,1.4458301999839023
Fully swapped,15,1.6096864999854006
Fully swapped,16,1.6534932000213303
Fully swapped,17,1.678942700033076
Fully swapped,18,1.6274024000158533
Fully swapped,19,1.6847168000531383
Fully swapped,20,1.53008639998734
Fully swapped,21,1.5861094999709167
Fully swapped,22,1.7361019999952987
Fully swapped,23,1.5023790000122972
Fully swapped,24,1.454280000005383
Fully swapped,25,1.5584529000334442
Fully swapped,26,1.574281900015194
Fully swapped,27,1.525810899969656
Fully swapped,28,1.5768005999852903
Fully swapped,29,1.5333942000288516
Fully swapped,30,1.648402199964039
Fully swapped,31,1.5512864000047557
Fully swapped,32,1.5643550000386313
Fully swapped,33,1.5545225000241771
Fully swapped,34,1.568027000001166
Fully swapped,35,1.6501238000346348
Fully swapped,36,1.4868483999744058
Fully swapped,37,1.5109862000099383
Fully swapped,38,1.53686779999407
Fully swapped,39,1.5876046000048518
Fully swapped,40,1.6328873000456952
Fully swapped,41,1.67070880002575
Fully swapped,42,1.564997699984815
Fully swapped,43,1.500404599995818
Fully swapped,44,1.5329035999602638
Fully swapped,45,1.5677281999960542
Fully swapped,46,1.6539190000039525
Fully swapped,47,1.487600399996154
Fully swapped,48,1.6566205999697559
Fully swapped,49,1.5424552999902517
Partial swap,0,1.4809687999659218
Partial swap,1,1.573331199993845
Partial swap,2,1.6473977999994531
Partial swap,3,1.4496855000033975
Partial swap,4,1.531537999981083
Partial swap,5,1.8049827999784611
Partial swap,6,1.5445617000223137
Partial swap,7,1.532134999986738
Partial swap,8,1.6820977999595925
Partial swap,9,1.5734983999864198
Partial swap,10,1.4771741000004113
Partial swap,11,1.6000109000015073
Partial swap,12,1.496134799963329
Partial swap,13,1.4278771000099368
Partial swap,14,1.5541571999783628
Partial swap,15,1.5423290000180714
Partial swap,16,1.3649063999764621
Partial swap,17,1.5603394000208937
Partial swap,18,1.5842843999853358
Partial swap,19,1.5127334000426345
Partial swap,20,1.5732699000509456
Partial swap,21,1.5556073999614455
Partial swap,22,1.5223213999997824
Partial swap,23,1.4669597999891266
Partial swap,24,1.506603499990888
Partial swap,25,1.5141531999688596
Partial swap,26,1.5490905999904498
Partial swap,27,1.5393648000317626
Partial swap,28,1.4288037999649532
Partial swap,29,1.4853806999744847
Partial swap,30,1.684375100012403
Partial swap,31,1.6305957000004128
Partial swap,32,1.5879969999659806
Partial swap,33,1.6183199000079185
Partial swap,34,1.593576600018423
Partial swap,35,1.4348795000114478
Partial swap,36,1.5810855000163428
Partial swap,37,1.637564399978146
Partial swap,38,1.4493647000053898
Partial swap,39,1.6372426000307314
Partial swap,40,1.5240400000475347
Partial swap,41,1.702117599954363
Partial swap,42,1.5274987999582663
Partial swap,43,1.5309796999790706
Partial swap,44,1.8324341000407003
Partial swap,45,1.6584146000095643
Partial swap,46,1.9744105000281706
Partial swap,47,1.550896600005217
Partial swap,48,1.6646694000228308
Partial swap,49,2.239166999992449
All AEH,0,2.3438203999539837
All AEH,1,1.790976700023748
All AEH,2,1.5932432999834418
All AEH,3,1.5241837000357918
All AEH,4,1.568122000026051
All AEH,5,1.5320041000377387
All AEH,6,1.6452099000453018
All AEH,7,2.1611436000093818
All AEH,8,1.6421436000382528
All AEH,9,1.5160389000084251
All AEH,10,1.6674697000416927
All AEH,11,1.6779169999645092
All AEH,12,1.601088700001128
All AEH,13,2.075535600015428
All AEH,14,1.9405247999820858
All AEH,15,1.7699098999728449
All AEH,16,1.704971499973908
All AEH,17,1.5923631000332534
All AEH,18,1.53237369999988
All AEH,19,1.5879771999898367
All AEH,20,1.8791871999856085
All AEH,21,1.7277874000137672
All AEH,22,1.6713225999847054
All AEH,23,1.7309234000276774
All AEH,24,1.8296693000011146
All AEH,25,1.5722506000311114
All AEH,26,1.5269044000306167
All AEH,27,1.859756899997592
All AEH,28,1.5868305999902077
All AEH,29,1.9462721000309102
All AEH,30,1.568470600002911
All AEH,31,1.6269601000240073
All AEH,32,1.5448003000346944
All AEH,33,1.598823199979961
All AEH,34,1.66279560001567
All AEH,35,1.6320637000026181
All AEH,36,1.6945545000489801
All AEH,37,1.5008506000158377
All AEH,38,1.5218918999889866
All AEH,39,1.6376993999583647
All AEH,40,1.572306199988816
All AEH,41,1.636613300011959
All AEH,42,1.5736943999654613
All AEH,43,1.537931300001219
All AEH,44,1.4807720999815501
All AEH,45,1.5985384000232443
All AEH,46,1.613194299978204
All AEH,47,1.5338726000045426
All AEH,48,1.587904299958609
All AEH,49,1.7188414999982342
