condition,replication,warmup_used,wall_clock_s,MSE_signal,FPR,bulk_ESS,converged_alpha,PICP_90,rhat_max,converged_ok
Correct,0,8000,5.018593599961605,,,,,,1.4157791387496514,False
Correct,1,8000,6.585630299989134,,,,,,1.3370922416755564,False
Correct,2,8000,8.113005699997302,,,,,,1.3308959048784814,False
Correct,3,8000,7.554112999991048,,,,,,1.773899926596386,False
Correct,4,8000,7.506653100019321,,,,,,1.7029986075463912,False
Correct,5,8000,7.320292400021572,,,,,,1.2055644694835392,False
Correct,6,8000,9.154867899953388,,,,,,1.2129215864378398,False
Correct,7,8000,8.067907799966633,,,,,,1.3611388211664746,False
Correct,8,8000,10.202963699994143,,,,,,1.2211426911415648,False
Correct,9,8000,6.848965600016527,,,,,,1.735408745905691,False
Correct,10,8000,7.543575499963481,,,,,,1.2849308305270917,False
Correct,11,8000,5.625406200008001,,,,,,8.344410853808402,False
Correct,12,8000,5.593895900005009,,,,,,1.5957212515652073,False
Correct,13,8000,4.8861126999836415,,,,,,1.3532352046287477,False
Correct,14,8000,4.638542300031986,,,,,,1.3145695268596402,False
Correct,15,8000,4.757697099994402,,,,,,1.5041198210508353,False
Correct,16,8000,4.685837700031698,,,,,,1332.3452110214678,False
Correct,17,8000,4.720278500055429,,,,,,1.3668563191204155,False
Correct,18,8000,4.797931200009771,,,,,,1.3022423266732694,False
Correct,19,8000,4.789363400021102,,,,,,48.635929521026384,False
Correct,20,8000,4.692714700009674,,,,,,1.3581252437181217,False
Correct,21,8000,4.770015900023282,,,,,,1.7828801997159547,False
Correct,22,8000,4.748109399981331,,,,,,1.484909297897019,False
Correct,23,8000,4.696199500001967,,,,,,1.3517912606788545,False
Correct,24,8000,4.720542499970179,,,,,,1.3605753899447504,False
Correct,25,8000,4.7686227999511175,,,,,,1.185345740006156,False
Correct,26,8000,4.779635599988978,,,,,,1.1015458005689498,False
Correct,27,8000,4.711367700016126,,,,,,1.2241704420072619,False
Correct,28,8000,4.704942899988964,,,,,,1.5520522447523146,False
Correct,29,8000,4.705731800000649,,,,,,1.8412073596725456,False
Correct,30,8000,4.929877700051293,,,,,,1.2918245139488314,False
Correct,31,8000,4.744151599996258,,,,,,1.7166820200282875,False
Correct,32,8000,4.809349200048018,,,,,,1.2332757824016303,False
Correct,33,8000,4.921244399971329,,,,,,1.4136259084732752,False
Correct,34,8000,4.791614899993874,,,,,,1.8425773633062683,False
Correct,35,8000,4.800188000022899,,,,,,1.4183037716076203,False
Correct,36,8000,6.6234150000382215,,,,,,24.859605335674818,False
Correct,37,8000,5.950321099953726,,,,,,1.2070785974760534,False
Correct,38,8000,6.091889399976935,,,,,,34.85311438730631,False
Correct,39,8000,5.578786099969875,,,,,,1.4108521933659015,False
Correct,40,8000,5.621864299988374,,,,,,1.5364683342641177,False
Correct,41,8000,5.543865200015716,,,,,,1.4032506293376221,False
Correct,42,8000,5.591695400013123,,,,,,1.2141753042840002,False
Correct,43,8000,5.913947999943048,,,,,,1.7011832934489142,False
Correct,44,8000,5.633735199982766,,,,,,1.5045643821250172,False
Correct,45,8000,5.730142799962778,,,,,,1.8038004609364677,False
Correct,46,8000,5.619921799981967,,,,,,1.4673324115557667,False
Correct,47,8000,5.708076200040523,,,,,,1.4296634484008377,False
Correct,48,8000,5.704769300005864,,,,,,1.3458085290754411,False
Correct,49,8000,5.614513200009242,,,,,,1.468771997592664,False
Fully swapped,0,4000,2.718964999949094,0.000743478345274744,0.13333333333333333,261.6313525693778,0.4456551876972695,0.96,1.044398450050177,True
Fully swapped,1,8000,6.192191699985415,0.006888492139821989,0.06666666666666667,301.6243184670215,0.4579689647096611,0.9533333333333334,1.0010232654881075,True
Fully swapped,2,4000,2.8354326999979094,0.0024419762080209037,0.06666666666666667,296.368689715344,0.46652655116143504,0.94,1.001779067232597,True
Fully swapped,3,4000,2.4276535999961197,0.0048956640540176646,0.06666666666666667,278.1336652190495,0.4719413385836247,0.9466666666666667,1.007006166515985,True
Fully swapped,4,8000,5.871356700023171,0.009517054993873298,0.0,262.2471728255904,0.5191003160119488,0.9533333333333334,1.0273954958485336,True
Fully swapped,5,4000,2.291175700025633,0.005806386524070676,0.06666666666666667,301.12082972841176,0.5106231960732035,0.9633333333333334,1.0008418807330195,True
Fully swapped,6,4000,2.2753025999991223,0.03426729558868637,0.2,298.906845071232,0.45985390738013077,0.97,1.0010377675987439,True
Fully swapped,7,4000,2.256197200040333,0.012274803825652502,0.2,310.49411096463274,0.48882901871391343,0.97,1.0011169441327898,True
Fully swapped,8,8000,6.450976200052537,0.020990052324534096,0.06666666666666667,309.72889501638514,0.45639532762615237,0.96,1.0020143660055645,True
Fully swapped,9,4000,2.5803155999747105,0.04903801068393691,0.13333333333333333,307.06454676953604,0.4723464779493117,0.9633333333333334,1.00112221003817,True
Fully swapped,10,4000,2.3204590000095777,0.005755922307984534,0.0,271.4506305427953,0.5008173579526247,0.97,1.0062614314876765,True
Fully swapped,11,4000,2.2708567999652587,0.0033890315382699896,0.06666666666666667,249.35956681512704,0.4980183690236889,0.9633333333333334,1.0030700305489173,True
Fully swapped,12,4000,2.2894513999926858,0.022428410537437684,0.26666666666666666,92.2791979685365,0.4566527523215006,0.9533333333333334,1.0370514944476545,True
Fully swapped,13,4000,2.2686216000001878,0.006139429464021389,0.13333333333333333,307.1293741798123,0.46438243245400446,0.9766666666666667,1.0009089329845213,True
Fully swapped,14,8000,5.866743100050371,0.01121038784497032,0.13333333333333333,304.386689410984,0.4774397496883392,0.96,1.001231896530844,True
Fully swapped,15,4000,2.296607700001914,0.007811606032133332,0.06666666666666667,277.96591598083194,0.49821967626063746,0.9566666666666667,1.0020181762265017,True
Fully swapped,16,8000,5.801522699999623,0.008697603824204477,0.3333333333333333,127.8897913477247,0.47762427978499034,0.9566666666666667,1.0421791712371624,True
Fully swapped,17,4000,2.2666496000019833,0.0062033624915216095,0.4,270.0244595704438,0.42273536296159847,0.97,1.0020248153492899,True
Fully swapped,18,4000,2.3265398999792524,0.01172652660371118,0.13333333333333333,306.3196400351104,0.4735084937127153,0.9666666666666667,1.0021303734714704,True
Fully swapped,19,8000,5.884282299957704,0.0016171175859022522,0.13333333333333333,291.8466970590866,0.48903686317047124,0.9666666666666667,1.0077122617253484,True
Fully swapped,20,8000,5.99865259998478,0.009087830066830683,0.13333333333333333,282.0944879139354,0.4485131351456642,0.9466666666666667,1.001607095756526,True
Fully swapped,21,4000,2.2725013999734074,0.015580871822044883,0.0,277.2777206091805,0.508359894448459,0.96,1.004007722850014,True
Fully swapped,22,4000,2.3165002000168897,0.0037916039460066087,0.26666666666666666,282.7222511853199,0.43683964707849193,0.95,1.00190012109953,True
Fully swapped,23,4000,2.2988550000009127,0.015191772120857514,0.06666666666666667,231.25297562015712,0.4920486839986158,0.9633333333333334,1.0065404905382136,True
Fully swapped,24,4000,2.272320899995975,0.01777208930258902,0.13333333333333333,304.8960260370763,0.4554264783861345,0.9766666666666667,1.0007973226703668,True
Fully swapped,25,4000,2.295977799978573,0.04754346259233898,0.06666666666666667,309.9264933084836,0.4384922547698542,0.95,1.0007867234778778,True
Fully swapped,26,4000,2.412763000000268,0.010477677661082402,0.06666666666666667,308.4382558936622,0.48029793679853416,0.95,1.0017926523536382,True
Fully swapped,27,4000,2.4631784000084735,0.004880629440418391,0.13333333333333333,304.07266534361486,0.46805691878755307,0.9633333333333334,1.001434928379979,True
Fully swapped,28,8000,6.0322608999558724,,,,,,1.697771007227837e+16,False
Fully swapped,29,8000,5.806011000007857,0.0058255835607344385,0.06666666666666667,267.6503811893936,0.5257668715567597,0.96,1.0015348446226398,True
Fully swapped,30,8000,5.814503700006753,0.027028052252003294,0.13333333333333333,283.42802358670343,0.4621202031692309,0.9766666666666667,1.0025996010875418,True
Fully swapped,31,4000,2.2549137999885716,0.010448308001068985,0.13333333333333333,294.2725923543298,0.4757651366565139,0.9733333333333334,1.0011742913393316,True
Fully swapped,32,4000,2.315853000036441,0.013863461498370786,0.06666666666666667,274.69208232340736,0.4514517986333092,0.95,1.003791160843923,True
Fully swapped,33,4000,2.257665699988138,0.0009691411946779092,0.0,308.1599243076353,0.5168477442095597,0.97,1.0013864268091293,True
Fully swapped,34,4000,2.2921707999776118,0.013628615090454304,0.06666666666666667,305.8381245806394,0.49848263107797663,0.9733333333333334,1.001057520469032,True
Fully swapped,35,4000,2.348674500011839,0.005858681823427893,0.2,294.8725924645627,0.4657713599170413,0.96,1.0018019224505208,True
Fully swapped,36,8000,6.043493999983184,0.017003449442551534,0.13333333333333333,323.5085039666018,0.47832941087183833,0.9666666666666667,1.0008313970044727,True
Fully swapped,37,8000,5.908160499995574,0.009472372094453906,0.0,244.05718619080716,0.49061814217106625,0.9766666666666667,1.0222440556748642,True
Fully swapped,38,8000,5.893866099999286,,,,,,1.1666220925718647,False
Fully swapped,39,4000,2.2665091000380926,0.010663362174887638,0.0,218.77330397932687,0.5172925766041969,0.9666666666666667,1.003633526943255,True
Fully swapped,40,8000,5.933359800023027,0.011604312419716087,0.06666666666666667,261.4067219449477,0.49363770366193427,0.9533333333333334,1.0070415472104963,True
Fully swapped,41,8000,5.951634600001853,0.030304746623663593,0.13333333333333333,311.88564473917455,0.45757410149394473,0.9833333333333333,1.0005897748911656,True
Fully swapped,42,4000,2.465251299960073,0.007897889258877785,0.13333333333333333,299.03065237036196,0.4676062407379451,0.98,1.0048426474926941,True
Fully swapped,43,4000,2.3443203000351787,0.020187861988323362,0.0,169.81245071102794,0.49702699933219424,0.9966666666666667,1.0480960987384647,True
Fully swapped,44,4000,2.295650799991563,0.015251227543583611,0.06666666666666667,295.10590675622694,0.5257171220936212,0.95,1.0047182206827565,True
Fully swapped,45,4000,2.3065869999700226,0.005048675184774208,0.26666666666666666,311.6472736366612,0.4430548429737823,0.95,1.0009066838088905,True
Fully swapped,46,4000,2.374621400027536,0.016243166632338654,0.2,310.6458932752246,0.4450205429265145,0.97,1.0013343649698838,True
Fully swapped,47,4000,2.337051100039389,0.017484116914466455,0.06666666666666667,284.67525246284674,0.5143746984879398,0.9533333333333334,1.0019536997891734,True
Fully swapped,48,4000,2.593976499978453,0.01175486076034267,0.06666666666666667,303.56196460283104,0.48853910285512203,0.96,1.000903605467053,True
Fully swapped,49,4000,2.5792647000052966,0.02190981237862971,0.13333333333333333,262.09546156726725,0.48334886112269715,0.97,1.0043738436221017,True
Partial swap,0,8000,5.792834300023969,,,,,,1.3285649790637675,False
Partial swap,1,8000,5.707332200021483,,,,,,1.4034521646943559,False
Partial swap,2,8000,5.610652900009882,,,,,,1.942028571669313,False
Partial swap,3,8000,5.9986640000133775,,,,,,1.8224306675092847,False
Partial swap,4,8000,5.824139499978628,,,,,,11.699962370907432,False
Partial swap,5,8000,5.774360899988096,,,,,,1.0998796499301544,False
Partial swap,6,8000,5.688326700008474,,,,,,1.19286096050567,False
Partial swap,7,8000,5.864926199952606,,,,,,1.349694200012197,False
Partial swap,8,8000,5.765542400011327,,,,,,1.448185035744881,False
Partial swap,9,8000,5.72879570000805,,,,,,1.5352368500977531,False
Partial swap,10,8000,5.7305556000210345,,,,,,1.4652387391065573,False
Partial swap,11,8000,5.739328299998306,,,,,,1.7778985705711168,False
Partial swap,12,8000,5.718184199999087,,,,,,1.4002771905432807,False
Partial swap,13,8000,5.783367399999406,,,,,,1.4731823588401516,False
Partial swap,14,8000,5.699576699989848,,,,,,1.282064875771263,False
Partial swap,15,8000,5.852508799987845,,,,,,1.1877180661977986,False
Partial swap,16,8000,5.752465199970175,,,,,,22.968327967251177,False
Partial swap,17,8000,5.824471700005233,,,,,,1.287251688849193,False
Partial swap,18,8000,5.989746299979743,,,,,,50.04650860237412,False
Partial swap,19,8000,5.763693800021429,,,,,,1.6867480600649445,False
Partial swap,20,8000,5.787009699968621,,,,,,1.4585245383501568,False
Partial swap,21,8000,5.801157700014301,,,,,,6.859124217450534,False
Partial swap,22,8000,5.819021200004499,,,,,,1.4352240826192229,False
Partial swap,23,8000,5.7522704000002705,,,,,,1.3189320075349633,False
Partial swap,24,8000,5.882553200004622,,,,,,1.5654541776697142,False
Partial swap,25,8000,6.175050999969244,,,,,,1.4872799626499407,False
Partial swap,26,8000,5.870179999968968,,,,,,1.202724368734728,False
Partial swap,27,8000,6.145651200029533,,,,,,1.1456174035494844,False
Partial swap,28,8000,6.316183099988848,,,,,,1.5029939997605832,False
Partial swap,29,8000,5.88046509999549,,,,,,1.4973138257949783,False
Partial swap,30,8000,5.949796199973207,,,,,,1.5931742095825028,False
Partial swap,31,8000,5.839761099952739,,,,,,1.7078422633423826,False
Partial swap,32,8000,11.186511000036262,,,,,,1.119220710363825,False
Partial swap,33,8000,7.608292899967637,,,,,,1.2424765375732163,False
Partial swap,34,8000,6.8608729999978095,,,,,,1.839007132120737,False
Partial swap,35,8000,7.389648400014266,,,,,,1.3706155879539696,False
Partial swap,36,8000,6.590936299995519,,,,,,34.55191255786244,False
Partial swap,37,8000,8.341458399954718,,,,,,4.666159277541416,False
Partial swap,38,8000,7.493108999973629,,,,,,1.4861107631663009,False
Partial swap,39,8000,7.675275499990676,,,,,,127.01428871277152,False
Partial swap,40,8000,8.981444800039753,,,,,,1.4680790035146614,False
Partial swap,41,8000,7.40464989998145,,,,,,1.5263186805912579,False
Partial swap,42,8000,7.65448299999116,,,,,,1.5861097757801716,False
Partial swap,43,8000,9.195700199983548,,,,,,1.7723460653179866,False
Partial swap,44,8000,7.68193560000509,,,,,,1.601346691162102,False
Partial swap,45,8000,7.7395824999548495,,,,,,1.793656304067915,False
Partial swap,46,8000,6.8705003000213765,,,,,,1.408626263433382,False
Partial swap,47,8000,9.260641800006852,,,,,,2.037144430738385,False
Partial swap,48,8000,9.416710799967404,,,,,,1.463280313720033,False
Partial swap,49,8000,9.21148409997113,,,,,,1.4681810616784714,False
All AEH,0,4000,3.2354502000380307,0.0006798060223884431,0.13333333333333333,261.6844885596068,0.32979402752958664,0.96,1.0426444945417204,True
All AEH,1,8000,8.32601540000178,0.00571054841033931,0.06666666666666667,301.55746536925574,0.33810042717632915,0.9566666666666667,1.0010086593913938,True
All AEH,2,4000,3.486786999972537,0.002222731707308393,0.06666666666666667,296.6421561740186,0.33799002381756404,0.94,1.0019714500402952,True
All AEH,3,4000,4.841746099991724,0.004030786067028545,0.06666666666666667,273.1530142839073,0.3312278787785059,0.95,1.007657163310274,True
All AEH,4,8000,9.044323099951725,,,,,,1.0517785858189335,False
All AEH,5,4000,3.1982668999698944,0.005037778743443521,0.06666666666666667,301.92744532863924,0.35383124241490516,0.9633333333333334,1.0008413935159357,True
All AEH,6,4000,3.33593560004374,0.028515503739374077,0.2,301.3467521915362,0.3382364821740228,0.97,1.0008435263175612,True
All AEH,7,4000,3.1292589000076987,0.010478507441214997,0.2,310.06434467423935,0.35812401072348654,0.9666666666666667,1.0010924901828249,True
All AEH,8,8000,8.05320429999847,0.018059883407404324,0.06666666666666667,313.7270583894058,0.32248530538338294,0.96,1.0008678567105338,True
All AEH,9,4000,3.3834362999768928,0.04051076639908871,0.13333333333333333,306.82648127890013,0.3420002148493543,0.9633333333333334,1.0011118522322424,True
All AEH,10,4000,3.009093699976802,0.005085549420995255,0.0,270.60693963767255,0.34845891680765106,0.97,1.0062572342987175,True
All AEH,11,4000,3.614975900040008,0.0030806330624849063,0.06666666666666667,250.84874766501926,0.3382810165335912,0.9633333333333334,1.0031194304035962,True
All AEH,12,4000,3.320757900015451,0.018567999073111893,0.26666666666666666,92.9643016731894,0.33637046391964665,0.95,1.033775556006539,True
All AEH,13,4000,3.174415699962992,0.005045759303313461,0.13333333333333333,307.31914880761764,0.33279329257387225,0.9766666666666667,1.0007263279129743,True
All AEH,14,8000,8.14893739996478,0.009206143285475293,0.13333333333333333,303.70305670673827,0.3426935561636816,0.96,1.0012421939319143,True
All AEH,15,4000,3.320307500020135,0.007001987320593731,0.06666666666666667,277.8537287629983,0.3483399736665347,0.9566666666666667,1.0020245676300727,True
All AEH,16,8000,7.95226749998983,0.007785355571486194,0.3333333333333333,121.8882696502537,0.351790507294961,0.9566666666666667,1.015866880430377,True
All AEH,17,4000,3.0883922000066377,0.005025342298645805,0.4,269.0120359271625,0.32531889932232805,0.9666666666666667,1.0016850258585708,True
All AEH,18,4000,3.056056000001263,0.009421585006038721,0.13333333333333333,305.58057912970816,0.33283354214191685,0.9666666666666667,1.0021178495912542,True
All AEH,19,8000,7.731402400007937,0.0014717458280043942,0.13333333333333333,292.58694780924856,0.3419557372856583,0.97,1.0076771766602215,True
All AEH,20,8000,10.693184000032488,0.007958683975791605,0.13333333333333333,281.5670011489662,0.3175066979228389,0.9466666666666667,1.0017943965853622,True
All AEH,21,4000,2.87630869995337,0.013062744852906006,0.0,274.83278912592846,0.3381555069701956,0.96,1.0036596917736786,True
All AEH,22,4000,2.9733676000032574,0.0031316876839612958,0.26666666666666666,283.4060104158949,0.32649091443917955,0.95,1.0022167498794263,True
All AEH,23,4000,3.5422358000068925,0.013272148397245897,0.06666666666666667,267.8252263856424,0.351572848641161,0.9633333333333334,1.002711237946347,True
All AEH,24,4000,3.1664477000012994,0.014157559371396766,0.13333333333333333,306.11250077100294,0.3250429131560476,0.9766666666666667,1.000303004804835,True
All AEH,25,4000,3.025585499999579,0.03926274429767802,0.06666666666666667,308.80556112821955,0.32507325642479745,0.9466666666666667,1.0010732691588402,True
All AEH,26,4000,3.1428913000272587,0.008227136666581699,0.06666666666666667,308.4528559643236,0.33836304773867154,0.95,1.0018875559237008,True
All AEH,27,4000,3.2153797000064515,0.004239488059665247,0.13333333333333333,303.1030815817914,0.3371363721595475,0.9633333333333334,1.001411221161092,True
All AEH,28,8000,7.591957700031344,,,,,,6266280112661425.0,False
All AEH,29,8000,7.895276100025512,0.004803858299759113,0.06666666666666667,267.2959223706139,0.3341403140903879,0.9566666666666667,1.001557291510501,True
All AEH,30,8000,8.692988099996,0.02258478866800914,0.06666666666666667,283.52915107233036,0.34151458639866994,0.9766666666666667,1.0027382921314978,True
All AEH,31,4000,3.195830599986948,0.009214762265397972,0.13333333333333333,295.29839036871505,0.3313206447151782,0.9733333333333334,1.001159485103257,True
All AEH,32,4000,3.3447444000048563,0.012406046138896662,0.06666666666666667,273.81890174452826,0.3343664301364738,0.95,1.0038954199846797,True
All AEH,33,4000,2.6014371000346728,0.0008714395225354155,0.0,308.7717026513956,0.3506201743467927,0.97,1.0015860137717265,True
All AEH,34,4000,2.988668799982406,0.012033718711399733,0.06666666666666667,305.00776729115285,0.3380484214533922,0.9733333333333334,1.0011732080990359,True
All AEH,35,4000,3.3299898999975994,0.005034976948699145,0.2,294.546083157497,0.33866933414573397,0.96,1.0017487773211664,True
All AEH,36,8000,7.57607970002573,0.01430007103165155,0.13333333333333333,322.43775436149,0.3352428786878512,0.9666666666666667,1.0009159735264817,True
All AEH,37,8000,8.445660000026692,0.007951602096968125,0.0,243.97751335943684,0.3400044959257801,0.9766666666666667,1.02245249542908,True
All AEH,38,8000,7.900473399960902,0.008611526494619298,0.06666666666666667,309.8626938338377,0.3346182694014119,0.9533333333333334,1.001168697686867,True
All AEH,39,4000,3.169059500040021,0.009144178657767317,0.0,216.77759469218344,0.3437568894495344,0.9666666666666667,1.003086789932789,True
All AEH,40,8000,7.856242600013502,0.009721059598578016,0.0,260.19845799092974,0.3433474942235374,0.9533333333333334,1.0084650236427333,True
All AEH,41,8000,7.716892299999017,0.025390582040088018,0.13333333333333333,313.5518327429283,0.3273438630769485,0.98,1.000391483386896,True
All AEH,42,4000,3.082341199973598,0.007067383399937542,0.13333333333333333,298.53618866234666,0.32795926719298185,0.98,1.0046642097385006,True
All AEH,43,8000,7.665347699949052,0.016418593901154955,0.0,291.19990729465826,0.33597137561599133,0.9966666666666667,1.0026410031781239,True
All AEH,44,4000,2.782993400003761,0.014160733812704588,0.06666666666666667,297.1555578559951,0.35405681869062877,0.95,1.0037500869174862,True
All AEH,45,4000,2.593248200020753,0.004472988601744377,0.26666666666666666,311.62192020764866,0.33116958671644914,0.95,1.000874654566496,True
All AEH,46,4000,2.6628957000211813,0.013578481533246126,0.2,310.8297200829799,0.32493755511717604,0.97,1.0015846204798706,True
All AEH,47,4000,2.8842685000272468,0.014868509807886236,0.06666666666666667,282.80244761186566,0.34299493347640464,0.9533333333333334,1.0015242928660315,True
All AEH,48,4000,2.8368390999967232,0.009928787199716594,0.06666666666666667,304.53476012757903,0.34230963968938577,0.96,1.0007945240272278,True
All AEH,49,4000,3.288455799978692,0.018408050035878594,0.13333333333333333,262.2413489981153,0.3364438999382494,0.9666666666666667,1.0042637447283824,True
