rho,group_size,replication,AEH_MSE,HS_MSE,MSE_ratio,AEH_alpha_star
0.3,2,0,0.001217559717766075,0.0007321748237617715,1.6629357883551508,0.5436616258861942
0.3,2,1,0.0018307341538673066,0.0018022348093854328,1.0158133359390566,0.5399672063516874
0.3,2,2,0.006540470228604005,0.006860695004042225,0.9533247323704744,0.5460384072081086
0.3,2,3,0.004516221323528593,0.004548705566670551,0.9928585742326393,0.5424474165742392
0.3,2,4,0.002066602512639429,0.0020831332643676515,0.9920644770975607,0.5413397459144047
0.3,2,5,0.0007691861917503648,0.000772243647634417,0.9960408144587295,0.5360145205988991
0.3,2,6,0.002889256709849521,0.0024626930050242798,1.173210263705214,0.5397995424872108
0.3,2,7,0.005161622741385941,0.004774307357476868,1.0811249370660045,0.5438494663859055
0.3,2,8,0.0013274840212347968,0.0016306480306957874,0.8140837239219352,0.5506054377658053
0.3,2,9,0.005862336412361007,0.005710076734279175,1.0266650844055694,0.541495937531834
0.3,2,10,0.0068820963050724455,0.006763366353425672,1.0175548603228681,0.538479866545497
0.3,2,11,0.0032627512329533176,0.003421966628123549,0.9534725459150553,0.5387130069521905
0.3,2,12,0.0008025021576373402,0.0007892225038085713,1.0168262483199415,0.5386802727790029
0.3,2,13,0.0038066601754582464,0.0037522689129293576,1.014495566227002,0.5454463013082332
0.3,2,14,0.0012534243381722172,0.0015072596647822821,0.8315915083903407,0.5435566720577649
0.3,2,15,0.003593430803295597,0.00379609526130047,0.9466123887693366,0.5415594403160039
0.3,2,16,0.0036831731513171976,0.004119015825340417,0.8941876670291261,0.5349977272953981
0.3,2,17,0.006379729654742811,0.006737969951505425,0.9468326069512117,0.5435707065348121
0.3,2,18,0.008203100697878392,0.008082892826176491,1.0148718873659448,0.548000635807298
0.3,2,19,0.00771815710674686,0.008221014853815463,0.938832643413213,0.5385083223165936
0.3,2,20,0.0022381690130392883,0.00269375289351683,0.8308739151337842,0.537013411803096
0.3,2,21,0.0029278568176640198,0.0029303725647858796,0.9991414923985805,0.5455962933410079
0.3,2,22,0.004951010424632476,0.005189360066550466,0.9540695502217428,0.5444289659874517
0.3,2,23,0.004284158628700465,0.004463371113009628,0.959848177583351,0.5432396740810385
0.3,2,24,0.0018169881455105303,0.001846202068140665,0.9841762052300395,0.5493458294455071
0.3,2,25,0.0006327215106182324,0.0011665493678475148,0.5423872560024724,0.5374960517535681
0.3,2,26,0.004471337310170446,0.004647426215393808,0.9621104462852799,0.5372753097837573
0.3,2,27,0.002122015543686475,0.002321793977626231,0.9139551416426678,0.5412200225897095
0.3,2,28,0.004896148955396809,0.004674989527766375,1.0473069354095643,0.5389603054487795
0.3,2,29,0.004237913501374915,0.004441502225021444,0.9541621925798887,0.5410062035563955
0.3,3,0,0.0016901126726259642,0.0017466724220080588,0.9676185707924152,0.5394043247185802
0.3,3,1,0.0017677984892469911,0.001830022972137762,0.9659979771630502,0.5348208878151116
0.3,3,2,0.007164149971611526,0.006664834808650047,1.0749178602766623,0.5349527505091172
0.3,3,3,0.00474444780631966,0.004661222094577229,1.017854912307065,0.5271683175110963
0.3,3,4,0.0027274954616050943,0.002593352303200564,1.0517257752596816,0.5248900576475423
0.3,3,5,0.0005767376539529232,0.0005613051685385967,1.0274939307159885,0.5298125915827377
0.3,3,6,0.002909790203395604,0.002931541030867132,0.9925804117211711,0.529981779862203
0.3,3,7,0.003988586660398164,0.0036172139728347817,1.1026681557553368,0.5288654795279257
0.3,3,8,0.004542327326807363,0.004563901168664704,0.995272938422623,0.5431306929938322
0.3,3,9,0.005670124967701364,0.00542941474698889,1.0443344691701753,0.53654197456995
0.3,3,10,0.005805924645830498,0.00581501174724308,0.9984373029999656,0.5289979555609918
0.3,3,11,0.0035112604682478723,0.0037578262325024736,0.9343860655072377,0.5341314220687664
0.3,3,12,0.0007618984391137145,0.00036836792083649514,2.06830832984475,0.5264017080679688
0.3,3,13,0.003937672422106984,0.0037218216879764724,1.0579959901969047,0.5358073013640151
0.3,3,14,0.001810760684871233,0.0019449522639202951,0.931005206894599,0.5345979203253747
0.3,3,15,0.0033089572727108157,0.0036811632856518514,0.898889023914861,0.5382371625807651
0.3,3,16,0.0035455658124536396,0.003924919622089565,0.9033473685675214,0.5315081814944238
0.3,3,17,0.004513670280268452,0.004506215861596155,1.0016542524595473,0.5327038594941795
0.3,3,18,0.009210092405766233,0.009297031433830568,0.9906487324816418,0.535918334349591
0.3,3,19,0.009534494067519895,0.008989143404893613,1.0606677008100014,0.532379435489883
0.3,3,20,0.00201068953776154,0.0020419491656812746,0.9846912800548073,0.5280696402674316
0.3,3,21,0.005826177419817419,0.005818770113103744,1.0012730021241076,0.5320024320832533
0.3,3,22,0.003895158715953214,0.0038345357593505686,1.0158097251941947,0.5305837315725241
0.3,3,23,0.004301263581044127,0.0044794806947579795,0.9602147825031577,0.5310515562240802
0.3,3,24,0.002297772279501052,0.0020992929806505334,1.094545783118378,0.5361283474553051
0.3,3,25,0.0033173958200104795,0.0034823893063660473,0.9526206084845401,0.5232608708902291
0.3,3,26,0.003905777609570403,0.004143096550740176,0.9427194277846661,0.5180436019885758
0.3,3,27,0.0022967272655364216,0.0029827262136787134,0.7700094145428714,0.5326775877881311
0.3,3,28,0.006165370442573285,0.005982675259591728,1.0305373725054943,0.5304454111397265
0.3,3,29,0.004086563879218977,0.004227189634073901,0.9667330384893573,0.5390636404101938
0.3,5,0,0.0016000935182163075,0.0015590757201764636,1.0263090480526509,0.5057802230789226
0.3,5,1,0.0002132905445950117,0.000212681989491861,1.0028613382101825,0.5129891147413717
0.3,5,2,0.004383896427712088,0.004515797148010697,0.9707912654232678,0.5131347281433095
0.3,5,3,0.00323241367952627,0.0037335346622060935,0.8657784035722014,0.5019621589141325
0.3,5,4,0.0030294181954638546,0.0031058626437080058,0.9753870479755389,0.49686343850007453
0.3,5,5,0.001962662276519078,0.0021401933552124336,0.9170490468718729,0.5047579649548966
0.3,5,6,0.003549196047868267,0.0035056806102746266,1.012412835746104,0.5160495423341331
0.3,5,7,0.005114961447377667,0.004858611319116022,1.052762016021542,0.4940414749600073
0.3,5,8,0.006165495900161677,0.006609502722066682,0.9328229610341742,0.5163024755454386
0.3,5,9,0.005600895645901797,0.00514167901553179,1.0893125823262835,0.5155451589721365
0.3,5,10,0.004529895632975777,0.0040531234698308865,1.1176308016999006,0.5048054416108765
0.3,5,11,0.0030367077597788644,0.002730069225390434,1.112318959364328,0.5068348560386142
0.3,5,12,0.005365211952267916,0.00561361530512641,0.9557498440209024,0.49508836214662155
0.3,5,13,0.0033627836306515486,0.0032992579149976665,1.0192545467164325,0.5191031394274508
0.3,5,14,0.004796239628004463,0.0043877041180593514,1.0931091748560757,0.5099466336379637
0.3,5,15,0.004850011898002177,0.004210316283965549,1.1519352872545054,0.5128647066950142
0.3,5,16,0.004310512552629276,0.003315255286389287,1.3002053176194297,0.5034321670542385
0.3,5,17,0.0031594903904277384,0.003269404755635583,0.9663809245342347,0.5067450047440901
0.3,5,18,0.004726977037232157,0.004605666262911846,1.0263394626087419,0.5130932903705958
0.3,5,19,0.009742896190663257,0.010212143165637034,0.9540500982641184,0.5126960993823364
0.3,5,20,0.000572991416702031,0.000595023974803352,0.9629719825850671,0.49322505077564005
0.3,5,21,0.008245606458448127,0.007522483665694001,1.0961281971341328,0.5061983492892407
0.3,5,22,0.006963830387597172,0.007497923669614351,0.9287678421985524,0.5072091205097261
0.3,5,23,0.0027386292739046405,0.0029506574734644267,0.928142049198669,0.49677844049367625
0.3,5,24,0.005450313340805054,0.005863719942085245,0.9294975535388248,0.5217808617537288
0.3,5,25,0.009640875335335745,0.010905802120988132,0.8840134112448231,0.5115552606380784
0.3,5,26,0.005252367832324105,0.005559183451984216,0.9448092292132217,0.49955682518905453
0.3,5,27,0.0027723266833719618,0.0029737928347527394,0.9322527954784285,0.5118347806195188
0.3,5,28,0.0075668301093271325,0.007845942268031822,0.9644259224488653,0.5048589338307652
0.3,5,29,0.003670315743282815,0.0034098252537965628,1.0763940877017721,0.5180550317178323
0.4,2,0,0.0013702272399274723,0.0012209518752309553,1.1222614647840072,0.5402384784148277
0.4,2,1,0.0017622699370067603,0.0018541122210700583,0.9504656282291838,0.5360693588726838
0.4,2,2,0.007082838434704267,0.007556127872982464,0.9373634953994782,0.5428572267501229
0.4,2,3,0.0043316249811009375,0.005616357954479303,0.7712515862074404,0.5395830382344079
0.4,2,4,0.0020383040752483387,0.0018751753705649583,1.0869938392131466,0.5374352182419178
0.4,2,5,0.0007596846088011465,0.0007604106172390909,0.9990452415820016,0.5327044196200857
0.4,2,6,0.0022277772647248863,0.0028958080604639578,0.7693110932110461,0.5364712485598676
0.4,2,7,0.005108548370237062,0.005808069252148019,0.8795605128757287,0.5403116953812691
0.4,2,8,0.0012924860525035452,0.001356746926838744,0.9526360642032716,0.5472042519214031
0.4,2,9,0.00571521747955525,0.0057615497944143975,0.9919583590331781,0.5374202426666074
0.4,2,10,0.006750848114617927,0.0067429749670954876,1.001167607407837,0.5355860886351793
0.4,2,11,0.003185577948718437,0.0033943401636527563,0.938496967048328,0.5350798627542596
0.4,2,12,0.0008899513884369067,0.0008739799522039614,1.018274373677187,0.5358166352214399
0.4,2,13,0.003876995269793705,0.003675976288924853,1.0546845150972521,0.5419417633155093
0.4,2,14,0.001048084888428345,0.0013996544104910946,0.7488169083542594,0.5404560208599883
0.4,2,15,0.0036849254067240845,0.0033314465385709813,1.1061037192284429,0.5376198322709457
0.4,2,16,0.003785373124216943,0.004693650023977008,0.8064881499216539,0.5318770707385638
0.4,2,17,0.0063372575173214155,0.0065089841270247846,0.9736169874819062,0.5402069782902612
0.4,2,18,0.008743246895169435,0.008794589254886057,0.9941620514354212,0.5445586526998341
0.4,2,19,0.00930314551859725,0.009388395944610897,0.9909195962210582,0.5343410671138104
0.4,2,20,0.002474172948140756,0.0025543015628797217,0.9686299316010955,0.5338596656358412
0.4,2,21,0.0033346501890922455,0.003447088522411144,0.9673816519106243,0.5426984084821628
0.4,2,22,0.005188264629955211,0.005299478629435978,0.9790141620983188,0.5409525322751156
0.4,2,23,0.00476621398473929,0.004419325914522745,1.078493434728723,0.5397179657597749
0.4,2,24,0.0019559626032994966,0.0021170009143342394,0.9239309204146534,0.5456905266440053
0.4,2,25,0.000998382619831604,0.0011719733673383821,0.8518816618665895,0.5342478326683819
0.4,2,26,0.004340526719087558,0.004593297014235718,0.9449697473590831,0.5337461246770197
0.4,2,27,0.0022241434644833654,0.0025377473618245403,0.87642430367233,0.538330964365915
0.4,2,28,0.005415386895944039,0.005292359491592195,1.023246229691557,0.5350078391591622
0.4,2,29,0.004938689748149041,0.004673830469457935,1.0566685677672483,0.5368600387124477
0.4,3,0,0.0019587325619212738,0.0018588256171867088,1.053747346610045,0.5297331304423218
0.4,3,1,0.001864186846890037,0.0017759468506582028,1.0496861694927022,0.5261690929417344
0.4,3,2,0.007490183168064356,0.007397716386462472,1.0124993682876373,0.525711113393743
0.4,3,3,0.005706953703747804,0.005651216644687032,1.0098628423868996,0.5175225546127309
0.4,3,4,0.002974143942783799,0.0025815023394605793,1.152098100908661,0.5143077048203003
0.4,3,5,0.000627658364245292,0.0005740375250329261,1.0934099895460498,0.5203780029451703
0.4,3,6,0.003265760320851868,0.003382415340683212,0.9655113260550134,0.5200511306039112
0.4,3,7,0.003674805431970933,0.004161387383627835,0.8830721807896896,0.5192172117745618
0.4,3,8,0.004460100178234627,0.004668968621765862,0.9552645433174409,0.5331824223944752
0.4,3,9,0.005594927687763052,0.0053423245890185786,1.0472833678552051,0.5266438402448064
0.4,3,10,0.0055397882273498416,0.0056183970992205404,0.9860086657310847,0.5204566962619033
0.4,3,11,0.0035585327177925256,0.0035327824459584047,1.0072889492144017,0.5240070700097392
0.4,3,12,0.000881842008811348,0.0010704815899782042,0.8237806395430892,0.5170511693075895
0.4,3,13,0.00382096547473032,0.004609949848331673,0.8288518531526143,0.5255407095907054
0.4,3,14,0.001780571264927534,0.0019812836302458446,0.8986957938508756,0.5250851549565354
0.4,3,15,0.004223622655121174,0.004335871009238488,0.9741116943105214,0.5280117428769586
0.4,3,16,0.004211128125006525,0.004097572516479258,1.0277128978366044,0.5240365547317709
0.4,3,17,0.004422329464324514,0.004436819128178953,0.9967342225509231,0.5228198789478121
0.4,3,18,0.008560213901747637,0.010267677826540773,0.8337049570858626,0.5258318563254893
0.4,3,19,0.00938801865590919,0.010728750903929768,0.875033705225695,0.5226256225805735
0.4,3,20,0.0019656402406686767,0.001967013527012457,0.9993018419421515,0.5180740264005239
0.4,3,21,0.006867147085354937,0.00667716575054293,1.0284523916148942,0.5233610428837409
0.4,3,22,0.0041137964941953455,0.004168975643188901,0.9867643388409562,0.5210631862484232
0.4,3,23,0.004651206477729398,0.004466767998204249,1.041291260168269,0.5212045205273151
0.4,3,24,0.0025051055970721397,0.00206029172271813,1.215898491193844,0.5262821903626362
0.4,3,25,0.0035944304882517602,0.0036733483507019548,0.9785160962381599,0.5131580221953025
0.4,3,26,0.003924798131052949,0.0037488701828886258,1.046928258270273,0.508487184610259
0.4,3,27,0.002940126932996778,0.002279955338121277,1.289554617073988,0.5234753261302254
0.4,3,28,0.0069357632662441285,0.007113549003539829,0.9750074488546812,0.5192318594352173
0.4,3,29,0.005024826666102513,0.00572150017487534,0.8782358669091527,0.5287948866551833
0.4,5,0,0.0012718208765315421,0.002171995791174012,0.5855540244136913,0.48757116706930037
0.4,5,1,0.00026013618214843577,0.0002603642536216582,0.9991240292396135,0.4905138241608734
0.4,5,2,0.005012946099700709,0.005575503682830108,0.8991019260086209,0.48992551240602844
0.4,5,3,0.004301041088875164,0.004433550468269259,0.9701121301443485,0.47666399479346566
0.4,5,4,0.0035972474214824245,0.0028170049705087395,1.2769758872071768,0.4724055947158887
0.4,5,5,0.002415049903441039,0.0024305740146922158,0.9936129855921533,0.4796312987453958
0.4,5,6,0.004686679689352356,0.004422483754230616,1.0597392663950447,0.49154265375025574
0.4,5,7,0.005614162951048884,0.005609194694531066,1.0008857343680122,0.46766616236093994
0.4,5,8,0.00688508124887037,0.006940374028487387,0.9920331700582616,0.499875297881157
0.4,5,9,0.005756134005447401,0.006181274938721767,0.9312211578535153,0.4970789728348355
0.4,5,10,0.003998567202626278,0.006019912689708208,0.6642234545132736,0.4824075285448757
0.4,5,11,0.003634427988901355,0.004483591020925133,0.8106064919702325,0.48432662774934
0.4,5,12,0.005986763561211378,0.00657688823758513,0.910272965716317,0.46900773393528417
0.4,5,13,0.0036567668189341485,0.0035652346128936265,1.0256735435332915,0.4936956168679233
0.4,5,14,0.005266198342001796,0.004740966084778487,1.1107859132149538,0.4856846861839079
0.4,5,15,0.004405633681962427,0.004391377168367997,1.0032464789627096,0.4917665726727336
0.4,5,16,0.004689661232963596,0.004813605384181355,0.9742512854034382,0.48016697946204256
0.4,5,17,0.0031688681254950293,0.0029967856936499184,1.0574223349403153,0.4860473709806332
0.4,5,18,0.0044487995890884775,0.006697292022893597,0.6642684198152005,0.4908676018989575
0.4,5,19,0.012349836930655427,0.012220237162583681,1.01060533984304,0.4886736822920843
0.4,5,20,0.0009575864789090583,0.0006650985668374529,1.439766264213118,0.4666788615924775
0.4,5,21,0.007557889082987159,0.009129516003380956,0.8278521095957582,0.4837588868424384
0.4,5,22,0.006255202294473974,0.007613509725179007,0.8215924744651066,0.4848040046821215
0.4,5,23,0.0028820251340341734,0.0027762349886964028,1.0381056163359734,0.4762074751575227
0.4,5,24,0.006099147432750503,0.006445270845328237,0.9462980810451719,0.49991527007883263
0.4,5,25,0.010313408270973637,0.010167009811413615,1.014399362474862,0.4906255983619887
0.4,5,26,0.004994696801412817,0.005474352589303297,0.9123812761297634,0.4781912129149949
0.4,5,27,0.003425823677151327,0.003675573352369015,0.9320515056360615,0.489533713690242
0.4,5,28,0.008691352969644378,0.00747124865220955,1.1633066136908714,0.48518442050281585
0.4,5,29,0.0050810668830288085,0.005124931316789806,0.9914409713907202,0.5074968383874461
0.5,2,0,0.001571517445255141,0.0014486188881703617,1.0848384334129475,0.5367307470454051
0.5,2,1,0.0017680516093414936,0.0018219634811619217,0.9704100151414413,0.5323473888469964
0.5,2,2,0.00801154599418998,0.008138279054396048,0.9844275356793509,0.5397492184084511
0.5,2,3,0.005221619792975389,0.005796709930392955,0.9007902509659335,0.5369388359700749
0.5,2,4,0.0020900098188710043,0.0023442274664332323,0.8915558958324881,0.5336477216987322
0.5,2,5,0.0008256519248836065,0.0007569710992204426,1.0907311068201864,0.5295733387892081
0.5,2,6,0.0026323462844529853,0.0033653203046907195,0.7821978433327474,0.5332994845937332
0.5,2,7,0.005480161132361276,0.005845625607018052,0.937480690823235,0.5369844551165608
0.5,2,8,0.0012600574342965622,0.0013289936264100975,0.9481290273003438,0.5439325820643197
0.5,2,9,0.005747959855335515,0.005752322750858664,0.9992415419453823,0.5334678372929806
0.5,2,10,0.006413700467603899,0.006671255808335469,0.9613932746500644,0.532913309969915
0.5,2,11,0.003183389287378273,0.0033286139546252966,0.9563708290517663,0.5315606932510912
0.5,2,12,0.0010159133377059808,0.0011261468530332104,0.9021144400214571,0.5331653384029921
0.5,2,13,0.0036360891679966894,0.003685508900097489,0.9865907983292369,0.5385920422038886
0.5,2,14,0.001478537847467234,0.0014983922769753965,0.9867495115843496,0.5375070570331157
0.5,2,15,0.0035645634670227683,0.004060454606239687,0.8778730001180448,0.5334812236471103
0.5,2,16,0.004777271126255141,0.00509033242613331,0.9384988496486123,0.5290019384482479
0.5,2,17,0.006326621488213484,0.00662309913937444,0.9552358125823013,0.5369016748487592
0.5,2,18,0.008596764220864118,0.009360419834401659,0.9184165211552869,0.5411076813287007
0.5,2,19,0.012226363835531735,0.0109738112279326,1.1141401634840322,0.5302789288276687
0.5,2,20,0.002442480674974572,0.002509622475635424,0.9732462546408093,0.5308320922680403
0.5,2,21,0.004048695298519396,0.003871992765819928,1.0456360699480929,0.5400080927236199
0.5,2,22,0.004842990897273635,0.005371547750466955,0.9016006414264172,0.537624576261289
0.5,2,23,0.004387772892506776,0.00451238615692275,0.9723841754489924,0.5363428454672202
0.5,2,24,0.0019496308347451482,0.0026377750058625207,0.7391194587908541,0.5421106821263004
0.5,2,25,0.0010646266977685083,0.0012362624941898632,0.8611655718522547,0.531018449863409
0.5,2,26,0.004282578890539752,0.005393144856722156,0.7940782241741262,0.530354529647523
0.5,2,27,0.0030664937400169037,0.002873911608934672,1.0670104572748567,0.5356523506802839
0.5,2,28,0.005990325062996985,0.007085974075202612,0.8453777842569515,0.5311878895816484
0.5,2,29,0.0048817977604622715,0.004861259816201244,1.0042248192932581,0.5328242851308539
0.5,3,0,0.001855744123476007,0.002118665096868343,0.875902532315765,0.5192270889743521
0.5,3,1,0.0018435049215552632,0.0018120064097718839,1.0173832231572209,0.5161725967293611
0.5,3,2,0.008574965980930615,0.008921173108410525,0.9611926454881231,0.5159293016734101
0.5,3,3,0.006210531941650474,0.0067073345637007455,0.9259314385868114,0.5076421754939113
0.5,3,4,0.0026393690704242757,0.00258355215108303,1.0216047194239324,0.5033319513336053
0.5,3,5,0.0006681982554820465,0.0005440527118786502,1.2281866092987819,0.510481078376248
0.5,3,6,0.004017161341982408,0.004201347942620032,0.956160117383003,0.5095824709528245
0.5,3,7,0.0035400166522100212,0.004327762640397418,0.8179784674801255,0.5093322978482688
0.5,3,8,0.005105952820811516,0.004715810054368964,1.0827308059367455,0.522598983865145
0.5,3,9,0.005239777646646786,0.005576686629737359,0.9395861726757202,0.5161621969171386
0.5,3,10,0.005046840628856105,0.005392314604904099,0.9359321550464065,0.5115332781794822
0.5,3,11,0.0035094866913946616,0.0037121596784412464,0.9454029447537967,0.5132674499010075
0.5,3,12,0.0006916950181220773,0.001247687396358182,0.5543816665464718,0.5074531488167277
0.5,3,13,0.0037780819280856005,0.0035332816205255165,1.069284119934848,0.5147219312642763
0.5,3,14,0.0024234526698875404,0.001706524264465332,1.4201102910463612,0.5150698920075274
0.5,3,15,0.004527833448105121,0.004768038740344165,0.9496217825986654,0.5169716242601301
0.5,3,16,0.004584697099266248,0.005063512424328527,0.9054381060147642,0.514284730205996
0.5,3,17,0.004277324456679865,0.003877983842581735,1.1029763480995507,0.51238195633088
0.5,3,18,0.011628373196565504,0.011135418512236076,1.0442690756335515,0.5151045113466345
0.5,3,19,0.015336600440494392,0.013546703538230986,1.1321278565823802,0.5116352201920564
0.5,3,20,0.0022364588984283918,0.0020919186590644136,1.0690945791499475,0.5077671047487624
0.5,3,21,0.007827574983415764,0.007829184707597463,0.9997943944048048,0.5143599678095755
0.5,3,22,0.0038647279258837686,0.0042508326718811796,0.9091696202131281,0.5112340365275907
0.5,3,23,0.004300587875879468,0.004920324560060918,0.8740455682106919,0.5108394530837779
0.5,3,24,0.002725135682777967,0.00229168136034053,1.1891424915953537,0.5157608863865526
0.5,3,25,0.0038737944098217103,0.0040370752227369446,0.9595546766144878,0.5026479017752593
0.5,3,26,0.004170745448436744,0.004145833309814105,1.006008958093821,0.49862710560659196
0.5,3,27,0.0032040265106445948,0.002960853328792607,1.0821294251516167,0.5137385013849465
0.5,3,28,0.007762999073520372,0.007681439831584686,1.010617702374017,0.5073588170045267
0.5,3,29,0.005671581913410104,0.00502712005531067,1.128197029513672,0.5178292990659832
0.5,5,0,0.0016410095613528012,0.002455528325999454,0.6682918474112386,0.4633189165398275
0.5,5,1,0.00033440837192851046,0.00023302253508264323,1.4350902663122689,0.4641587259763428
0.5,5,2,0.00872471267941271,0.007043679218283731,1.2386584353196284,0.4600806487561857
0.5,5,3,0.005016531126870399,0.005270446722096962,0.9518227564729964,0.4469573085466608
0.5,5,4,0.00305288684717108,0.003408145695667876,0.8957618364295961,0.4419740277805104
0.5,5,5,0.0027701012925785726,0.002739826095970901,1.011050043158649,0.4504284203623852
0.5,5,6,0.00524750433441701,0.00521595270428256,1.0060490636942594,0.46151687982487566
0.5,5,7,0.006077779316202995,0.0060079945045549985,1.0116153254792575,0.4375356353263469
0.5,5,8,0.008559763061755038,0.00912177183306448,0.9383882011527324,0.47490642743689004
0.5,5,9,0.006411866786414677,0.0069435301435410105,0.9234303954709701,0.4753024537931647
0.5,5,10,0.004773811313167335,0.0044583815604626025,1.0707498334153356,0.453047852858102
0.5,5,11,0.00326577500479407,0.003665511887628238,0.8909465048569746,0.45722442727105717
0.5,5,12,0.006952278289182096,0.007386245911817474,0.9412465239018024,0.43900306342822026
0.5,5,13,0.003837090791424521,0.003651070410894311,1.0509495461865512,0.463729274276247
0.5,5,14,0.005807119185798255,0.005911967603494843,0.9822650554386313,0.4561945226566231
0.5,5,15,0.007107351387814651,0.005238254079168711,1.3568168478270068,0.46498467517716946
0.5,5,16,0.005358876837051777,0.006028345716941101,0.8889465018557321,0.4511202677524987
0.5,5,17,0.0033006639568092465,0.003375071457595709,0.9779537998761461,0.4596058039012344
0.5,5,18,0.006278927754613797,0.00734083617655947,0.8553423075512124,0.46179361845921396
0.5,5,19,0.015270217109887902,0.016028931361040277,0.952665949210033,0.4588584716110681
0.5,5,20,0.0006071954024300513,0.0005764884884867875,1.0532654416463125,0.43637215260016216
0.5,5,21,0.010749755699168181,0.011357644593313825,0.9464775562264465,0.45435485748455606
0.5,5,22,0.007723920912898764,0.007479660239930322,1.0326566535287862,0.456336077515778
0.5,5,23,0.0031175345698632394,0.003468858533970098,0.898720584691942,0.44770030245116477
0.5,5,24,0.00788124968713323,0.006861377300420324,1.1486396013596905,0.47102263291051694
0.5,5,25,0.011966751195451614,0.012026327185893268,0.9950462024256637,0.46414254525213894
0.5,5,26,0.005767933008820999,0.005934121053899055,0.9719944969830264,0.45024885271095527
0.5,5,27,0.004292318638820606,0.004424657674122278,0.9700905595305913,0.4610991882223856
0.5,5,28,0.010639381530369686,0.01078630042853636,0.9863791205205091,0.4597382589958613
0.5,5,29,0.005023276925823531,0.005329810105204709,0.9424870354983492,0.4837742094806111
0.6,2,0,0.0014942904049715685,0.0016099002401680743,0.9281881992983392,0.5330568071125878
0.6,2,1,0.0018057942731899697,0.0018102652388869351,0.9975302151304002,0.5288652329220954
0.6,2,2,0.00972047139782554,0.00955253729777678,1.017580051751051,0.5366959573075385
0.6,2,3,0.006707349353425254,0.006473674151889328,1.0360962254282953,0.5345852976799674
0.6,2,4,0.002221856036839673,0.0023179073895696705,0.9585611775680867,0.5300316905474921
0.6,2,5,0.0007819457701568795,0.0007935370848216768,0.9853928507104339,0.526691340278153
0.6,2,6,0.003772982873050109,0.004298391140971304,0.8777662965770796,0.5303566978299256
0.6,2,7,0.004506655956916299,0.0059240135026247,0.7607437010262679,0.5339267259145946
0.6,2,8,0.0012747957960391454,0.0012070074638835632,1.0561623139739933,0.540859625960513
0.6,2,9,0.005795730485018966,0.005903293319996441,0.9817791816962366,0.529698299930889
0.6,2,10,0.0064584050468822225,0.0067548859754986606,0.9561086701253234,0.5305474752481147
0.6,2,11,0.0030886220118001334,0.003250707804866533,0.950138307471454,0.5282203607901763
0.6,2,12,0.00214026266624734,0.001050443759844804,2.0374842976491663,0.5307998495359105
0.6,2,13,0.003559063497777363,0.0038629528041007285,0.9213323792098183,0.5354664664995317
0.6,2,14,0.0015240087625878868,0.0016550655926578818,0.9208147213914768,0.5347809277727299
0.6,2,15,0.0035037748268887748,0.003977447483344306,0.88091039330147,0.5294530647077177
0.6,2,16,0.005661766694261594,0.005886642378393325,0.9617989900393598,0.5264362128786175
0.6,2,17,0.005785966118131602,0.006670121130643093,0.8674454338693177,0.5334978222314202
0.6,2,18,0.009732389615265654,0.010276321046462438,0.9470694396625503,0.537876468718046
0.6,2,19,0.015026023948413427,0.012942573219181278,1.1609765456952883,0.5263780059859623
0.6,2,20,0.0023700613989666706,0.002488930364928046,0.9522409434846475,0.5280360629238194
0.6,2,21,0.005168373422786805,0.004750304431498184,1.0880088839183655,0.5376004263598582
0.6,2,22,0.0059160662226336955,0.005477221861941278,1.0801217061776787,0.5345085039706975
0.6,2,23,0.004752085779581189,0.004496781427292847,1.0567749081017799,0.5331765254298682
0.6,2,24,0.0020294536384646723,0.002099312942686996,0.9667227773421394,0.538670257112696
0.6,2,25,0.0010982321671101215,0.0012089021384139886,0.9084541520878937,0.5277310605209422
0.6,2,26,0.004261261277826952,0.004645175156463978,0.9173521200588547,0.5271644780743822
0.6,2,27,0.0031700545631806127,0.003304800872059198,0.959227101996428,0.5332605998024436
0.6,2,28,0.0054693510920191275,0.007252541657550538,0.754128876505666,0.5275667751222106
0.6,2,29,0.005379924992185909,0.006199052504551111,0.8678624657939533,0.5289585253241551
0.6,3,0,0.002318963535259353,0.002374167291684575,0.9767481606630793,0.5080793078733907
0.6,3,1,0.0018655371739770873,0.002106491085393563,0.8856136097193795,0.5056488006787145
0.6,3,2,0.010189678085669378,0.0107514448504917,0.9477496492207157,0.5053615713641917
0.6,3,3,0.007270775594670309,0.007864728344321855,0.92447892366424,0.4976886775521919
0.6,3,4,0.003102067405639362,0.002921742314052989,1.0617183420724838,0.49212451683735037
0.6,3,5,0.0006308761547444232,0.0006396604814701207,0.9862672042745103,0.5002608898072146
0.6,3,6,0.004944470120052232,0.005242944514051697,0.9430712277805879,0.4986624321564135
0.6,3,7,0.004716441215311276,0.005070966569516099,0.9300872231467592,0.4993454354729929
0.6,3,8,0.005888693304584369,0.0062846453442055705,0.9369969158265601,0.511394249434972
0.6,3,9,0.0060499673994059925,0.006161596410234314,0.9818831024630391,0.505188606568792
0.6,3,10,0.005461714802228528,0.005607181803722734,0.9740570206948476,0.5023799239476155
0.6,3,11,0.0037518790870525558,0.003887293933789113,0.9651647523848133,0.5017240702809804
0.6,3,12,0.0017467440295116442,0.00156911774877469,1.1132013712008937,0.4977731364701413
0.6,3,13,0.0034969895005517865,0.003684924538169774,0.9489989453864554,0.503455170014147
0.6,3,14,0.0022878450190878838,0.0039044871416829725,0.5859527605209993,0.5046695010497325
0.6,3,15,0.004821850472591439,0.005395144744549206,0.8937388524122593,0.5051460623559767
0.6,3,16,0.005656171783797041,0.006460676823243543,0.875476662669128,0.5039715436195668
0.6,3,17,0.004354505270801559,0.004706837839041842,0.9251445279635964,0.5014949328313477
0.6,3,18,0.011810598169440054,0.01288403891309707,0.9166844534623513,0.5039938602953125
0.6,3,19,0.01881656152001685,0.017869031776849106,1.053026361752591,0.500174524167799
0.6,3,20,0.0019350061769657014,0.0018894914959227457,1.0240883227795257,0.4972831853938101
0.6,3,21,0.00929202993898499,0.009739538447486823,0.954052390581475,0.5049324445192359
0.6,3,22,0.004310344958303783,0.004248091491781676,1.0146544552165466,0.501256971078549
0.6,3,23,0.005146249718356977,0.005134671883763718,1.0022548343604718,0.4999802919290984
0.6,3,24,0.0033658391824926475,0.0033445816327416916,1.0063558172845464,0.5046456121572922
0.6,3,25,0.004773813267862371,0.003091052472694665,1.5443973565743896,0.4918761798648156
0.6,3,26,0.004049043469706398,0.004158254112395907,0.9737364192428867,0.488631295005331
0.6,3,27,0.003066153770143492,0.0038230132855029382,0.8020254027812311,0.5035493137349261
0.6,3,28,0.009728595604776296,0.009704446413267143,1.0024884666760732,0.49493261764879704
0.6,3,29,0.005960226030776635,0.006321964633550473,0.942780666495016,0.5062042166758189
0.6,5,0,0.0029148094527253585,0.0030928043492692244,0.9424487046566903,0.42810880164909726
0.6,5,1,0.00036287378969519725,0.00034915935519022574,1.0392784392029242,0.4268056990961331
0.6,5,2,0.008725424515584092,0.009115369683731722,0.9572211351072717,0.42506465969870433
0.6,5,3,0.006218695698287863,0.006598771670881404,0.942402011836428,0.40895400804625204
0.6,5,4,0.00416333967006795,0.004512680997408233,0.9225867444339806,0.4063631239084601
0.6,5,5,0.003908135796402489,0.003197914413527706,1.2220889276681168,0.42911487553371686
0.6,5,6,0.006626770173974955,0.007061675276112811,0.9384133247235271,0.4214321100315014
0.6,5,7,0.007049108590768652,0.006852626786872984,1.028672479912674,0.4099751081034778
0.6,5,8,0.010032176237288599,0.010624920653285677,0.9442118736374961,0.4386141883852821
0.6,5,9,0.0072371360672589995,0.008279156080177662,0.8741393442969972,0.4406284578206391
0.6,5,10,0.0050622803482672655,0.005056104363020875,1.0012214908559958,0.42285271189618256
0.6,5,11,0.004328555855400443,0.004427370317541036,0.9776810036085992,0.42143575426305957
0.6,5,12,0.009179645662317933,0.009943281067230737,0.923200862999895,0.4118583894517367
0.6,5,13,0.00392673296192761,0.0025666358324487023,1.529914338560958,0.4244649354147809
0.6,5,14,0.0067394346184135034,0.006367161889107573,1.0584676086126827,0.4153845146502009
0.6,5,15,0.006525684190577015,0.00665433744325423,0.9806662565921366,0.4264648113157269
0.6,5,16,0.006954411477689798,0.0076889910695018965,0.9044634614382917,0.4196999560097123
0.6,5,17,0.003684258622086383,0.0036963950442645,0.9967166869252927,0.42271638965265346
0.6,5,18,0.00914484710618296,0.009593073895493954,0.9532759995186177,0.4281241054235355
0.6,5,19,0.02059468544683183,0.020984109852545944,0.9814419382832736,0.427886609274599
0.6,5,20,0.0004354815269735476,0.0007130306297401393,0.6107472930472241,0.40776855375895016
0.6,5,21,0.013776470288337344,0.014711964460735106,0.9364126949263295,0.4184166088733158
0.6,5,22,0.008854496451142476,0.009710235143505977,0.9118725056894422,0.4158975941507074
0.6,5,23,0.003560294246468512,0.003952870544275537,0.9006857691366733,0.41444741745481994
0.6,5,24,0.007720042388625387,0.009389720893611148,0.8221801772487375,0.4403157015605178
0.6,5,25,0.01366547138105052,0.014630279906732439,0.9340539940566727,0.43317095569090447
0.6,5,26,0.006769243829280731,0.006670568269456575,1.0147926767013202,0.420752124054801
0.6,5,27,0.005216419406523889,0.005869713149415215,0.8887009081599819,0.42274362201230353
0.6,5,28,0.013185934786279854,0.013472728777504267,0.9787129989803343,0.42617447454991386
0.6,5,29,0.005952483859628917,0.0066529374050485895,0.894715145690664,0.4489722515646064
0.7,2,0,0.0017948495124810691,0.0019236432627867158,0.9330469672848449,0.5295750141905513
0.7,2,1,0.001758655990086735,0.0017984225833597473,0.9778880705564086,0.5257604349279992
0.7,2,2,0.010976615893882411,0.010231752293811347,1.0727992213534716,0.5335774082341609
0.7,2,3,0.00732572660664293,0.0073554060103834945,0.9959649537090588,0.5326691323720671
0.7,2,4,0.00220588943458058,0.0018232388686703453,1.209874072172065,0.5267032451898278
0.7,2,5,0.0009453353442209292,0.0010727535300043352,0.8812232425999185,0.5242030033236765
0.7,2,6,0.004983266972664083,0.005244490907619258,0.9501907926705211,0.5277910909672261
0.7,2,7,0.006486004414645268,0.006722860529815783,0.9647685514045603,0.531267813499876
0.7,2,8,0.0011577062519722485,0.001232996414221874,0.9389372415189545,0.5379045284452376
0.7,2,9,0.005903905969074834,0.00601644968506633,0.9812939986399546,0.5262406222726661
0.7,2,10,0.006915380161904222,0.006926356093524782,0.9984153382424532,0.5286617552548405
0.7,2,11,0.003209320158118844,0.003389708693597873,0.9467834696769878,0.5251935148707686
0.7,2,12,0.001764249591521427,0.0015787044167395211,1.1175300283032779,0.5288708833217881
0.7,2,13,0.003916003500530367,0.0038101594539148922,1.027779427054351,0.5327096000303599
0.7,2,14,0.001768013107282748,0.0019110981983436915,0.9251293883354856,0.5324223606252254
0.7,2,15,0.004365714631047167,0.004978999306715829,0.8768257157936447,0.525649271068812
0.7,2,16,0.006921795980641679,0.007195527261247206,0.9619581344539189,0.5243187365939938
0.7,2,17,0.006503525072317678,0.006674295774407668,0.9744136748112356,0.5304168759169147
0.7,2,18,0.011240239530340725,0.011688147870573767,0.9616784160165613,0.5350035227753501
0.7,2,19,0.016794058833610646,0.017431050913365338,0.9634564729963426,0.5227592338596458
0.7,2,20,0.0025068643735526117,0.0025199904196193702,0.9947912317584362,0.525668748468353
0.7,2,21,0.0058995433069762345,0.006181904496394055,0.9543245629914658,0.5356283998291171
0.7,2,22,0.005625088906434967,0.005623230357065223,1.0003305127572106,0.5317377709335851
0.7,2,23,0.005196175285249053,0.004361087245804032,1.1914862034114293,0.5301948513578962
0.7,2,24,0.003826915750196956,0.0024142223182204324,1.5851546567665922,0.53550324445358
0.7,2,25,0.0011233873523848038,0.0011862890876350215,0.9469760483293173,0.5248007716107516
0.7,2,26,0.005062575699414116,0.004846412417699731,1.0446027417982275,0.5243080184755726
0.7,2,27,0.004489190894883249,0.004358487978806818,1.0299881327451113,0.5313116126263495
0.7,2,28,0.00902258182067744,0.009056984544945213,0.9962015255632766,0.5242820422919152
0.7,2,29,0.007439045881147241,0.007162854022744111,1.038558912065797,0.5253915864736529
0.7,3,0,0.003109742061872316,0.0030858573890220438,1.0077400442856634,0.4962611146145621
0.7,3,1,0.00190283437521929,0.001776093907708822,1.0713591026692753,0.49477027643177385
0.7,3,2,0.012862219117629812,0.013910474527607533,0.9246427281903796,0.4943348916975502
0.7,3,3,0.0092453730865172,0.009561008188883335,0.9669872573968584,0.4879430788245668
0.7,3,4,0.0025301921821178704,0.003530273555897649,0.7167127821839613,0.4809597856744783
0.7,3,5,0.0007548003659036455,0.0007969195667541825,0.9471474881435191,0.4899794871052191
0.7,3,6,0.006524859853805165,0.007161351496753091,0.9111212955771676,0.4874891524792938
0.7,3,7,0.006082339067572209,0.0061345304660315484,0.9914921934533806,0.4895128556497883
0.7,3,8,0.00680268604936948,0.0071996356086639806,0.9448653264039065,0.4997557434713099
0.7,3,9,0.006385250221915871,0.00742808849759283,0.8596087976045379,0.4939391809093544
0.7,3,10,0.005850756105456306,0.005961071161766071,0.9814940883414849,0.49326016148951524
0.7,3,11,0.004226195401840699,0.00407378717979462,1.0374119253951215,0.48975279600170984
0.7,3,12,0.002138729939896631,0.0020998844623761016,1.018498864207307,0.4883103460855063
0.7,3,13,0.0035179801825155144,0.0040512051714377455,0.8683786758859727,0.4919589708891329
0.7,3,14,0.0030142734762105424,0.003558951304104943,0.8469555266838965,0.49412431290990855
0.7,3,15,0.005939774972299978,0.005570342904005088,1.0663212435322909,0.49265654704906325
0.7,3,16,0.00751414908657604,0.008312784733822206,0.9039268220194902,0.4933522094121843
0.7,3,17,0.004609343020086273,0.005088496122415033,0.9058360091465786,0.4903864611550116
0.7,3,18,0.013218153192415677,0.015138827940534495,0.873129230633755,0.49274529080013874
0.7,3,19,0.022714825687235974,0.023848033910766668,0.9524821111974734,0.4885378729381754
0.7,3,20,0.0019754212616289062,0.0018751335138741416,1.0534829904178737,0.4868770201418857
0.7,3,21,0.012525930092230927,0.012856173076212316,0.9743124970375177,0.49549055940515985
0.7,3,22,0.00425489335135962,0.0049284248362393215,0.8633373730431799,0.49142206404221433
0.7,3,23,0.005621826441403674,0.005521262662720657,1.0182139095395732,0.48912637401887427
0.7,3,24,0.004000118387063604,0.0038784361271285836,1.031374052826057,0.49313739136481327
0.7,3,25,0.005419462396051959,0.007924985703038822,0.6838450691430112,0.4809030483344354
0.7,3,26,0.004265768168160168,0.004582667426470304,0.9308482966754974,0.4787974153034317
0.7,3,27,0.004991261063743353,0.005316357937705136,0.9388497016620905,0.49310309218460446
0.7,3,28,0.012245965230246273,0.012873369229640025,0.9512634192182418,0.4821719020206653
0.7,3,29,0.007263176327494752,0.008115052173610427,0.8950252163644844,0.4940572505026073
0.7,5,0,0.004524752080313284,0.004277610148060398,1.0577757027168424,0.3880483277160083
0.7,5,1,0.0005116250212445721,0.000412167861151378,1.241302560115589,0.3870338710293578
0.7,5,2,0.011442291906022728,0.012844157640902017,0.8908557669507987,0.3839034740141831
0.7,5,3,0.008374286383140769,0.009046226930828153,0.9257214579265622,0.37022797004063945
0.7,5,4,0.005385620442691521,0.005794756643765135,0.9293954472594076,0.3665599870466649
0.7,5,5,0.004510648308690994,0.004360721048752324,1.0343813003084814,0.3872959816049163
0.7,5,6,0.008891427552638772,0.009749652335925812,0.9119738064787574,0.3811027871154363
0.7,5,7,0.008335816633298899,0.008930672605517496,0.9333918061388694,0.36980557673065884
0.7,5,8,0.013245090366336204,0.014564675800226487,0.9093982281521321,0.39875891624382354
0.7,5,9,0.009981563393044318,0.01066837635947199,0.9356216032050761,0.40070207404824176
0.7,5,10,0.005647231926363616,0.005877947527914583,0.9607489518313509,0.38247909866184737
0.7,5,11,0.005414142548972351,0.0058417695384940654,0.9267983807468121,0.38089309930808535
0.7,5,12,0.012399916431159322,0.01216291277725752,1.019485764490966,0.3717234189311778
0.7,5,13,0.004972582446050372,0.00464424146590614,1.0706985161203646,0.3839993486570562
0.7,5,14,0.00788825000726701,0.00850529762812671,0.9274513782070192,0.3754585887171783
0.7,5,15,0.008420315543473736,0.008910778048356906,0.9449585095463567,0.3854669070736858
0.7,5,16,0.009389222359376106,0.010360382207098664,0.9062621601877636,0.37941901838031067
0.7,5,17,0.004000966872920634,0.004434647635731764,0.9022062633980686,0.38266128566016
0.7,5,18,0.012213238074986773,0.013581084839774197,0.8992829526562205,0.3878672281581783
0.7,5,19,0.026965900186731256,0.028429863847768362,0.9485061318310879,0.38663996249623833
0.7,5,20,0.0015463736212220545,0.0009450563794878106,1.6362765807264725,0.3676054342528787
0.7,5,21,0.018724787629865104,0.020005720981496326,0.9359716476693851,0.3788008004909752
0.7,5,22,0.011067611853232193,0.011940650468310674,0.926885171172589,0.3766970029955855
0.7,5,23,0.004606070374475362,0.004957760344284576,0.9290627328901344,0.3747778671670968
0.7,5,24,0.009545298208986818,0.009810610082459209,0.9729566386552502,0.3986963467958291
0.7,5,25,0.017739548334400293,0.018661505911084335,0.9505957567906442,0.3927908204478723
0.7,5,26,0.007916761051238074,0.00793790978951824,0.9973357295760538,0.3799616518921193
0.7,5,27,0.007112458066584853,0.007786343564740408,0.9134528944744783,0.3829937114339813
0.7,5,28,0.017761580995568998,0.01914114815094454,0.9279266246467318,0.38577661908848904
0.7,5,29,0.008203187354323332,0.009164607627237047,0.8950942242135504,0.40831035532840154
0.8,2,0,0.002256374152782699,0.002630031394235529,0.8579266991748435,0.5266348703230316
0.8,2,1,0.0018039466667118327,0.0018052767381956877,0.9992632312510799,0.5233888335187064
0.8,2,2,0.014424924782544642,0.014318486883015286,1.0074335996812354,0.5310710515529775
0.8,2,3,0.009390267394174489,0.009991725053893091,0.9398044225121812,0.5315592852738326
0.8,2,4,0.0024512903863624634,0.002714136722996557,0.9031565600925598,0.5239626756534732
0.8,2,5,0.001053078499458264,0.0009948790057773666,1.0584990670653687,0.5224696334006678
0.8,2,6,0.007109620506972676,0.008069111961561263,0.8810908239767516,0.5259702794768388
0.8,2,7,0.008181229067971581,0.008655253925896564,0.9452327035135621,0.5293457881858697
0.8,2,8,0.0011668506023136322,0.0012295401675996634,0.9490138126935574,0.5353519216685669
0.8,2,9,0.00631482580091221,0.006347969181269178,0.9947789002418659,0.523429943646732
0.8,2,10,0.007426060869797399,0.00712459012971739,1.0423141169654861,0.527678584318123
0.8,2,11,0.003385276867047908,0.0034373318731227972,0.9848559848172014,0.5224381096426649
0.8,2,12,0.0021338917216368837,0.0022936939904671053,0.9303297347011498,0.5274047973490197
0.8,2,13,0.003954421608865012,0.00392556295182014,1.0073514696870398,0.5306854297165019
0.8,2,14,0.0021520100982658384,0.002387984301648588,0.9011826823066463,0.5307901662729579
0.8,2,15,0.0054272548328257505,0.005926781455560903,0.9157170503956302,0.5223688866606051
0.8,2,16,0.009257004605326928,0.010110870435592218,0.9155497208964802,0.5230087719691833
0.8,2,17,0.006474961813676966,0.006657822380125381,0.9725344780908722,0.5279938423919305
0.8,2,18,0.013654595235780876,0.014641381078950352,0.9326029533792983,0.5328406926365596
0.8,2,19,0.024137124602388517,0.026281332384975663,0.9184132771056565,0.51973587835538
0.8,2,20,0.0023680473940740888,0.002446452168276537,0.9679516422928137,0.524063191717251
0.8,2,21,0.008175416725239684,0.008690745447377763,0.9407037376415658,0.534471020334532
0.8,2,22,0.006501546100939659,0.006344544161918905,1.0247459762299564,0.5296521506016826
0.8,2,23,0.004812841018659311,0.005239920716525035,0.9184950076594001,0.5277356463610826
0.8,2,24,0.002868801564589959,0.0032361421476311608,0.8864881187898086,0.5329427329951679
0.8,2,25,0.0011494810821005596,0.0012614277935111635,0.9112539679350158,0.5225652570886701
0.8,2,26,0.005197176633361997,0.00537579590301038,0.9667734279963347,0.5221166749333793
0.8,2,27,0.005420263202947339,0.006018654067665014,0.9005772955231791,0.5301915042911669
0.8,2,28,0.011901569326836902,0.012398790517400927,0.9598976053457628,0.5216794422645009
0.8,2,29,0.009044921824389048,0.009447458085386563,0.9573921093526561,0.5224580531393201
0.8,3,0,0.003807013449557482,0.0043764191518474976,0.8698923292003139,0.4845283601396442
0.8,3,1,0.0018982489292838668,0.00199530875581839,0.9513559862595233,0.4833442118084761
0.8,3,2,0.017941172806335327,0.019244427181523163,0.932278868947624,0.48358741596610555
0.8,3,3,0.011853716489907337,0.01347260432090372,0.8798385380854271,0.4790275567757388
0.8,3,4,0.004422096049221048,0.004780753175011102,0.9249789494122499,0.47043305644666444
0.8,3,5,0.000877155702535483,0.00106498550673128,0.8236315865252515,0.4802484858400866
0.8,3,6,0.009661025417906453,0.010731396273705607,0.9002580066471118,0.4765929385378157
0.8,3,7,0.0078954673234087,0.008811170383871192,0.8960747527776013,0.4804416142800636
0.8,3,8,0.009896779734720666,0.00963575068383592,1.0270896435004928,0.4883130345541612
0.8,3,9,0.00936734960128054,0.009524252946167683,0.9835259158094624,0.4829948086624817
0.8,3,10,0.007038435939550872,0.006708772261842402,1.0491391963897037,0.4847549895224682
0.8,3,11,0.005223330929679167,0.005284006296157228,0.9885171661278702,0.47785484036060066
0.8,3,12,0.0026966415046875505,0.0031069011854406884,0.8679521309928799,0.4790055335593816
0.8,3,13,0.003991061687893134,0.004058265888528676,0.9834401681699798,0.4807865272405013
0.8,3,14,0.004005921671634053,0.003937517361134289,1.0173724467033356,0.4840259497504815
0.8,3,15,0.007898929397711425,0.008491263865969201,0.9302418959524152,0.4799171325442412
0.8,3,16,0.010592317265204213,0.01262323185101607,0.8391129458936156,0.4829471830601293
0.8,3,17,0.005390959323012904,0.005220773921441379,1.0325977343842805,0.4796373289438469
0.8,3,18,0.018633565762230554,0.020527772582713887,0.9077246782206456,0.48174074232299
0.8,3,19,0.03256833149063075,0.0367260674497253,0.8867906027568534,0.47729077946176623
0.8,3,20,0.001934308341503287,0.0018838939668766978,1.026760728317513,0.47714743444587127
0.8,3,21,0.01662384947996531,0.01912645781933983,0.869154635792311,0.48668416444620033
0.8,3,22,0.006269404721477909,0.006408545173530794,0.9782882934760956,0.4823821980762686
0.8,3,23,0.0061956774577932834,0.006646066767642782,0.9322322020533594,0.4788790861659906
0.8,3,24,0.005558028193217118,0.0054370569238053595,1.0222494027756273,0.4817882182938791
0.8,3,25,0.0066896197937529305,0.0072767894654974935,0.9193092400805882,0.4699714985564638
0.8,3,26,0.005088469624081988,0.0055803392686783245,0.9118566773606163,0.46978355958063023
0.8,3,27,0.006961603961469318,0.008093318658964276,0.8601667937241722,0.4829308877495906
0.8,3,28,0.017359578472127792,0.018980442216246084,0.914603478377815,0.4696180103514106
0.8,3,29,0.010115343339271419,0.011906869903289676,0.8495384111383222,0.48184228528227546
0.8,5,0,0.005778395233471518,0.006257815439060907,0.9233885674229256,0.33810042717632915
0.8,5,1,0.0005716407851905595,0.0005554746970810288,1.029103194428985,0.3436741867039165
0.8,5,2,0.01769124276885547,0.019564407576076408,0.9042565025321051,0.34082622806941887
0.8,5,3,0.01274666201379536,0.01423699292127088,0.8953198252104994,0.3272519957954082
0.8,5,4,0.007986983872718994,0.009166839254836613,0.8712909270777162,0.32294725403084124
0.8,5,5,0.008922842394779446,0.00712464552154408,1.2523910653235775,0.34012811752102723
0.8,5,6,0.012116079419973853,0.014212794695366062,0.8524769181337839,0.33165670465624386
0.8,5,7,0.010554301752179427,0.012219428555377183,0.8637312051335646,0.3264966706901343
0.8,5,8,0.018858563395163196,0.021617274921960257,0.8723839366082827,0.34472993407569574
0.8,5,9,0.013259143803514246,0.014812887742538037,0.8951086401227548,0.3434644188940137
0.8,5,10,0.007814037294708514,0.008670796534597595,0.9011902497688071,0.334689697508597
0.8,5,11,0.009306666467860901,0.010773881877941502,0.8638173847919584,0.3297754202288192
0.8,5,12,0.016801966463389974,0.018724667314234285,0.8973172223261507,0.3253606125321993
0.8,5,13,0.007651826211191599,0.008023923376074969,0.9536265306330247,0.33918305459999554
0.8,5,14,0.009089579897272389,0.010351290187704207,0.8781108183083745,0.33927289126756444
0.8,5,15,0.012462192498592015,0.014231946337319987,0.8756492051907755,0.3384368908082761
0.8,5,16,0.014527017124446484,0.01668503382322976,0.8706615328655327,0.33028776787717795
0.8,5,17,0.0033475277803697253,0.003353047132216207,0.9983539295366739,0.3380772005717195
0.8,5,18,0.019660841701905206,0.02266427389229845,0.8674816495482858,0.33907232948318744
0.8,5,19,0.038444908163415656,0.045040301824926625,0.8535668413780282,0.34265866447765225
0.8,5,20,0.0008246137527010804,0.0010382894162425452,0.7942041398103301,0.3230751295890608
0.8,5,21,0.02609817036045813,0.03000794678620251,0.8697086323965999,0.3246654159737281
0.8,5,22,0.020602121218387472,0.02053596982241207,1.003221245285587,0.3326536951399781
0.8,5,23,0.002286430118470976,0.00540231085388754,0.4232318687891951,0.3301532421150847
0.8,5,24,0.0060748183242635406,0.00755868109635815,0.8036876072454558,0.3526111161405946
0.8,5,25,0.01839666490470925,0.02033903766749392,0.9045002622769615,0.3389626064376764
0.8,5,26,0.011172721909756718,0.012322911331114818,0.9066625255629388,0.33731675967715624
0.8,5,27,0.010600295424215388,0.012068858892932636,0.8783179518672457,0.3373305137810765
0.8,5,28,0.025856815538163568,0.02904155303223001,0.8903385955106445,0.33953226088771304
0.8,5,29,0.012834876016684213,0.014333042793534997,0.8954746177464467,0.35291028581038864
0.9,2,0,0.0035794057897306523,0.004258779177113018,0.8404769632026553,0.5254108947508606
0.9,2,1,0.0017738853100736098,0.0018670033259120284,0.9501243438905335,0.5231142814158378
0.9,2,2,0.023649653334598238,0.027450387875938603,0.8615416817234898,0.5299127003559128
0.9,2,3,0.014885464318055024,0.018444179083466412,0.8070548572909128,0.5322666149624088
0.9,2,4,0.0033058612120893476,0.003945253794212227,0.8379337260733688,0.5229697974266089
0.9,2,5,0.001249162874011803,0.0013317258115585044,0.9380030507555615,0.5227773909260607
0.9,2,6,0.012784650225283148,0.015215070879634552,0.8402622851001941,0.5262085930499021
0.9,2,7,0.012275224259756695,0.014018168507464296,0.8756653376809153,0.5294675887324978
0.9,2,8,0.0012696921128519442,0.001338105570764239,0.9488728995626096,0.5347018083974846
0.9,2,9,0.0073085551397100625,0.0077013993323583555,0.9489905437057768,0.5225590764183135
0.9,2,10,0.008366092894545376,0.008959585324101136,0.9337589399411963,0.5291259330775466
0.9,2,11,0.003686160743716198,0.0038642013574963427,0.9539256375875041,0.5210166297204903
0.9,2,12,0.0035995423238365603,0.0042990335107398305,0.8372910596868334,0.5278105065776716
0.9,2,13,0.004491688002461945,0.004586702907909221,0.9792847046440628,0.53075684194879
0.9,2,14,0.003321123839589472,0.003854977382816604,0.86151577811928,0.531048741072107
0.9,2,15,0.008208366285119317,0.009624915361034117,0.8528247758261218,0.5207749557491375
0.9,2,16,0.015023648644461523,0.01810891692538708,0.8296271227242593,0.5237609556973666
0.9,2,17,0.006953881438557427,0.007462553497811633,0.9318367286206561,0.5273505714328518
0.9,2,18,0.02036140400191043,0.023978114917291526,0.8491661697403515,0.5327240355894385
0.9,2,19,0.04447990829504208,0.05239900607787577,0.8488693130731473,0.5184496883771588
0.9,2,20,0.0024972543061848873,0.002618402497093651,0.9537320213209257,0.5245076376759071
0.9,2,21,0.014300229113217771,0.017114838829097822,0.8355456487796551,0.5355233839900435
0.9,2,22,0.007519032707801137,0.008447470473842766,0.890092807199919,0.5295411382007602
0.9,2,23,0.006604451142825605,0.006757530785289502,0.9773468079794566,0.5271289976356586
0.9,2,24,0.0045878915926425715,0.005208345341208816,0.8808731549236629,0.5321536973256995
0.9,2,25,0.0012801444885556664,0.001563867764460317,0.8185759164857765,0.5222880396701489
0.9,2,26,0.006658771741432914,0.0074549069337702025,0.8932065551709503,0.5216064656058044
0.9,2,27,0.009060798145661141,0.011111136016047731,0.815470005278911,0.5313194105210177
0.9,2,28,0.019729700450754714,0.02280426751894844,0.8651758024835037,0.5210551542051655
0.9,2,29,0.014220303097080772,0.016562712502242612,0.8585733221629805,0.521447679599331
0.9,3,0,0.007020157185700729,0.008364497689569216,0.8392801870762758,0.47480432839170006
0.9,3,1,0.0020419741171589715,0.0021113477002140998,0.9671425113693527,0.4736141679365816
0.9,3,2,0.031287356317759904,0.037162910263486906,0.841897367454028,0.47459324111104517
0.9,3,3,0.01846666264890057,0.02525749329274559,0.7311360012992473,0.473080485223186
0.9,3,4,0.00725937951190499,0.008597051947728177,0.8444033554808663,0.4625952994550562
0.9,3,5,0.0017811630078022518,0.0021340279920925285,0.8346483806220959,0.47306602696431754
0.9,3,6,0.017878587166296367,0.021962565368479566,0.8140482164235476,0.46796341226501703
0.9,3,7,0.013339931902520053,0.016864355622984613,0.7910134369046935,0.47432379505091415
0.9,3,8,0.015705687384448896,0.017432646529451028,0.9009353432317591,0.47915341314387383
0.9,3,9,0.014335723755903858,0.016088223811864824,0.8910693886127738,0.4741743945654412
0.9,3,10,0.00893545375330693,0.010000179081850066,0.8935293738413574,0.4789811842654549
0.9,3,11,0.007822333569038688,0.008426536437377953,0.928297602125213,0.4679014270336066
0.9,3,12,0.004942999099795468,0.00605636822002608,0.8161655500817918,0.47192253091022796
0.9,3,13,0.004659928597792335,0.0051385596855220315,0.9068550105434707,0.47201362532494606
0.9,3,14,0.005643851715952064,0.0068939144570236074,0.8186715618732455,0.47651698126553654
0.9,3,15,0.013064649495893369,0.015418465432904035,0.8473378594482259,0.46872067893756564
0.9,3,16,0.01810031522763313,0.02441688725036179,0.741303141634687,0.47470861891018545
0.9,3,17,0.006066107490516176,0.006589403239866387,0.9205852593472755,0.4714021155238016
0.9,3,18,0.028249779912759027,0.03525410910157213,0.8013187861695036,0.47323177566645647
0.9,3,19,0.05840418999180265,0.07524476259780856,0.7761894379809449,0.46836499872544324
0.9,3,20,0.0025884737924032836,0.002735496423614486,0.9462537658824874,0.46970513434072914
0.9,3,21,0.03095994406935091,0.03840653187970204,0.8061114230861685,0.4807629577916742
0.9,3,22,0.009391359008070125,0.011019142045921141,0.8522767896931178,0.47638739758489623
0.9,3,23,0.008669636032579819,0.009603488077668757,0.9027590769586679,0.47133116839629596
0.9,3,24,0.008094309835901143,0.009632986763406385,0.8402700050050582,0.4727138225618719
0.9,3,25,0.011688431956219564,0.013049558595980726,0.8956955800650307,0.46167645926235545
0.9,3,26,0.007203940989550381,0.008797142889780818,0.8188955300383746,0.463523070146196
0.9,3,27,0.011953598446159673,0.016046166618272167,0.7449504128012615,0.47507346002800355
0.9,3,28,0.030227401715532808,0.037964024158921965,0.7962117395404995,0.4592543499197558
0.9,3,29,0.01716989867979067,0.02269211346867537,0.7566460789777175,0.47149261521432095
0.9,5,0,0.010486924436645489,0.013454444929662187,0.7794393965317448,0.2869762112648603
0.9,5,1,0.0020933249613762314,0.0012545209717345458,1.6686249242066675,0.2927333782845307
0.9,5,2,0.03153930355040614,0.041643395995615104,0.7573662713225193,0.2887088466008467
0.9,5,3,0.020587999869703166,0.030133076076774356,0.6832359171446077,0.28142070681558473
0.9,5,4,0.01566259614748896,0.017997357348996445,0.8702719984810617,0.2779103999878738
0.9,5,5,0.011915985945595255,0.013789816047137294,0.8641149312552985,0.2887546412527867
0.9,5,6,0.022245228589029564,0.029779953017104788,0.7469866918947963,0.28305699772352233
0.9,5,7,0.018507723716186895,0.023808546145974507,0.7773563157831096,0.2811175944860592
0.9,5,8,0.02872222035847007,0.04406153396197088,0.6518661012405961,0.29322750808027076
0.9,5,9,0.020703505689453894,0.029706341256193813,0.6969389300049592,0.2917316706402271
0.9,5,10,0.007770829901788287,0.015767615012620806,0.49283483238069387,0.2866343693691662
0.9,5,11,0.01765444309251487,0.020096639024941763,0.8784773946829664,0.2819927611584925
0.9,5,12,0.029162588949458973,0.03666202411759391,0.7954440501135344,0.2803754436345177
0.9,5,13,0.013551305195727874,0.01548104518180809,0.8753482104459026,0.28923167785625514
0.9,5,14,0.017330217869754992,0.020776727022046637,0.8341168390654371,0.28925979742486596
0.9,5,15,0.021981310274041245,0.0288950409510766,0.760729507573937,0.28702614230733925
0.9,5,16,0.029490221936199906,0.03437465344067846,0.8579060145898552,0.2820101887519547
0.9,5,17,0.008164383970147139,0.0066693302906951175,1.2241684868326108,0.287256157187997
0.9,5,18,0.03592763908336522,0.04718454684737079,0.7614280836389377,0.28864403909409064
0.9,5,19,0.06737889897940216,0.09102997577103907,0.7401836418025124,0.2906459115865998
0.9,5,20,0.001732312477874045,0.0020788194725855857,0.8333154950292228,0.2779159081149499
0.9,5,21,0.047401287644275404,0.062030854998107655,0.7641566063489122,0.27992779159747827
0.9,5,22,0.036396648272335415,0.039076081230591656,0.9314303565282135,0.2854321815626319
0.9,5,23,0.009196074174070507,0.010700193053478366,0.8594306783166956,0.2825474960067551
0.9,5,24,0.011775418764140866,0.015243119313636094,0.7725071569574927,0.2969205379122417
0.9,5,25,0.0326330114145441,0.04100504928794598,0.7958290986407138,0.28817476698271094
0.9,5,26,0.01965600538814286,0.023504095294793727,0.8362800244643648,0.2856225629650375
0.9,5,27,0.01800484464489049,0.024302482943593197,0.7408644082450457,0.2879104050082113
0.9,5,28,0.0483953971028719,0.06010817006545101,0.8051384204539046,0.28861290119463123
0.9,5,29,0.025790189280632758,0.02938062495210179,0.8777958032777589,0.2980738678832465
