replication,method,wall_clock_s,MSE_signal,FPR,bulk_ESS,converged_alpha,rhat_max,converged_ok,PICP_90
0,AEH,266.55309850000776,0.015131744030502268,0.1375,247.58991310139774,0.605231399086745,1.0103007018402501,True,1.0
0,Horseshoe,264.5890454999753,0.015427505307225966,0.14166666666666666,235.05477714587462,,1.0101653143620224,True,1.0
0,Regularized Horseshoe,253.5136278999853,,,,,3.740683758380436,False,
0,Bayesian Elastic Net,263.45738420001,0.015341571254181495,0.14166666666666666,232.48748222411038,,1.0105619503602046,True,1.0
1,AEH,254.07684629998403,0.0197427312221614,0.15,255.31139836522163,0.6025214672791132,1.0062419171596935,True,1.0
1,Horseshoe,262.35876090003876,0.02002876552614841,0.14166666666666666,242.4917559069304,,1.0129564971068696,True,1.0
1,Regularized Horseshoe,280.9014461999759,,,,,6.33924046745843,False,
1,Bayesian Elastic Net,257.3268425000133,0.01993096835622682,0.14583333333333334,239.6324909278281,,1.013274691649563,True,1.0
2,AEH,268.9074013000354,0.01597079730098633,0.18333333333333332,244.5083479783701,0.604179030354113,1.005263228606241,True,1.0
2,Horseshoe,260.49522219999926,0.016078953580626217,0.18333333333333332,232.4526706159908,,1.0087018747903407,True,1.0
2,Regularized Horseshoe,262.6648147999658,,,,,27.771808974632517,False,
2,Bayesian Elastic Net,279.2590729999938,0.016005368435828324,0.18333333333333332,229.5889816178335,,1.0088374665216668,True,1.0
3,AEH,266.5511424000142,0.010892729194079485,0.18333333333333332,257.37389303625514,0.6019748054995373,1.009504049756589,True,1.0
3,Horseshoe,267.0919782000128,0.010755592771508043,0.175,245.44438930583036,,1.0108362075222124,True,1.0
3,Regularized Horseshoe,261.3588058000314,,,,,11.126211696404411,False,
3,Bayesian Elastic Net,262.6668421999784,0.010818852696979398,0.17916666666666667,242.97537990883788,,1.0112485382481744,True,1.0
4,AEH,258.89176819997374,0.021142777758633758,0.16666666666666666,252.52675256251436,0.6101309446833897,1.0089400141412992,True,1.0
4,Horseshoe,259.6917913000216,0.021459139408992838,0.1625,237.27738499218793,,1.0133746094855578,True,1.0
4,Regularized Horseshoe,264.4196135000093,,,,,16.228067976141013,False,
4,Bayesian Elastic Net,262.63482970005134,0.021251226950596138,0.16666666666666666,234.2600099569623,,1.013337132671343,True,1.0
5,AEH,259.55723840004066,0.017923165388942376,0.11666666666666667,258.957175134566,0.6078861774649444,1.009010784780029,True,1.0
5,Horseshoe,265.79729089996545,0.01845742112255355,0.1,245.36945174623324,,1.0091267375375432,True,1.0
5,Regularized Horseshoe,257.3728581999894,,,,,10.418236863744026,False,
5,Bayesian Elastic Net,254.43108110001776,0.018240523384262734,0.1125,242.49083256045424,,1.0096297765232278,True,1.0
6,AEH,266.9702889000182,0.017742993851602117,0.14166666666666666,262.1336384871137,0.6047694601199557,1.0079612370344664,True,1.0
6,Horseshoe,264.14461080002366,0.017863053083680868,0.14166666666666666,253.53416995432625,,1.0125204945301203,True,1.0
6,Regularized Horseshoe,259.00240910000866,,,,,5.024424812589877,False,
6,Bayesian Elastic Net,264.94540909997886,0.017807101427094154,0.14583333333333334,250.79515324864846,,1.013085620804986,True,1.0
7,AEH,269.7489829999977,0.021338048521035012,0.14583333333333334,261.0709834515413,0.6065500121165576,1.0108290101096367,True,1.0
7,Horseshoe,263.83309349999763,0.02142037511784358,0.14583333333333334,247.867251939933,,1.0102241560914096,True,1.0
7,Regularized Horseshoe,270.744659900025,,,,,5.3367368232947765,False,
7,Bayesian Elastic Net,306.2339987999876,0.021419078765670663,0.14583333333333334,245.38208470252047,,1.0104597390019427,True,1.0
8,AEH,265.5416536999983,0.022346276804828435,0.19166666666666668,263.2204419728868,0.6057235608896661,1.0259803369436975,True,1.0
8,Horseshoe,265.3946810999769,0.022268785943769773,0.18333333333333332,253.44077308094018,,1.0071059714883486,True,1.0
8,Regularized Horseshoe,262.039410700032,,,,,23.47498598203181,False,
8,Bayesian Elastic Net,265.8813983,0.022432683517078684,0.1875,249.09983589720864,,1.0074406338102815,True,1.0
9,AEH,261.2428326999652,0.016698999355569826,0.15416666666666667,265.1908082982604,0.6056320271851908,1.0138351834621473,True,1.0
9,Horseshoe,263.05408400000306,0.016690694700472235,0.15833333333333333,254.2657153965169,,1.007566335884267,True,1.0
9,Regularized Horseshoe,270.7323871999979,,,,,10.75190692362274,False,
9,Bayesian Elastic Net,261.22920709999744,0.016708981132915027,0.15833333333333333,251.3798501099455,,1.0079628758036214,True,1.0
10,AEH,259.2705892000231,0.017799989530911327,0.2,254.62044056047947,0.6003721179135963,1.004806320898667,True,1.0
10,Horseshoe,273.6424861000269,0.017974250042853364,0.19583333333333333,240.56121885625282,,1.008541490102195,True,1.0
10,Regularized Horseshoe,264.36382470000535,,,,,1.057078055588716,False,
10,Bayesian Elastic Net,258.2255132999853,0.017942105610859675,0.2,237.89466804876662,,1.0088839042456395,True,1.0
11,AEH,310.9840862999554,0.018546048913937553,0.18333333333333332,258.5307720511833,0.6042522884599506,1.0151274551857115,True,1.0
11,Horseshoe,266.37119679996977,0.018600175699569885,0.175,242.6697538218307,,1.009875488370745,True,1.0
11,Regularized Horseshoe,278.44523730000947,,,,,1.0593897552761091,False,
11,Bayesian Elastic Net,307.3899183999747,0.018686233423901025,0.1875,239.90081734390503,,1.0099681014892132,True,1.0
12,AEH,292.3544021000271,0.014072203544982047,0.17916666666666667,258.074017313816,0.6019739729299407,1.009168012881452,True,1.0
12,Horseshoe,256.10074500000337,0.014096818349023899,0.17916666666666667,255.67441248306773,,1.0073650663399811,True,1.0
12,Regularized Horseshoe,259.09740530001,,,,,1.3398094112871521,False,
12,Bayesian Elastic Net,264.1501365000149,0.014238416038520498,0.1875,242.02463182927997,,1.009771015829713,True,1.0
13,AEH,260.05686770001194,0.01524155123284766,0.17083333333333334,257.75303147286076,0.6040125708015373,1.0072895994893587,True,1.0
13,Horseshoe,252.28634270001203,0.01545148185392935,0.1625,244.97994428406102,,1.009487300353522,True,1.0
13,Regularized Horseshoe,259.9976238999516,,,,,15.93086370559495,False,
13,Bayesian Elastic Net,262.4137218000251,0.01530364128116685,0.17083333333333334,242.27654599050948,,1.009417152566076,True,1.0
14,AEH,253.74202329997206,0.0099936220521095,0.13333333333333333,258.75308904809447,0.6064897966017755,1.0074548654749031,True,1.0
14,Horseshoe,287.2197953000432,0.010095705553772805,0.12916666666666668,246.40694386081097,,1.0127740102318137,True,1.0
14,Regularized Horseshoe,259.65549979999196,,,,,1.1106793896164975,False,
14,Bayesian Elastic Net,263.01741139998194,0.01008256264018988,0.13333333333333333,243.62052156359985,,1.013418370464507,True,1.0
15,AEH,260.8276729999925,0.022165287674316757,0.18333333333333332,246.8144063796855,0.6062437170859085,1.0055301969999881,True,1.0
15,Horseshoe,259.8288659999962,0.022372515024702604,0.18333333333333332,233.47057951685318,,1.006911306550197,True,1.0
15,Regularized Horseshoe,259.36610510002356,,,,,2.680045903127968,False,
15,Bayesian Elastic Net,259.0272577999858,0.02236759949848634,0.1875,230.3861677953723,,1.0069810382974407,True,1.0
16,AEH,267.52017510001315,0.01657992962401407,0.1625,265.9436134851229,0.6053008556682845,1.0058069239528578,True,1.0
16,Horseshoe,269.6115082000033,0.016738989661157253,0.15416666666666667,254.1901403356292,,1.0080176851325637,True,1.0
16,Regularized Horseshoe,268.88572310004383,,,,,1.0818807069819432,False,
16,Bayesian Elastic Net,260.49293589999434,0.016694361508843344,0.1625,251.76758453982907,,1.0081741070408081,True,1.0
17,AEH,269.61805670004105,0.020387222834404008,0.15833333333333333,255.64107961040014,0.6049968593852801,1.0065519913366645,True,1.0
17,Horseshoe,278.21202219999395,0.020122937858418545,0.15833333333333333,243.63974431682698,,1.0069022775058192,True,1.0
17,Regularized Horseshoe,258.7485161999939,,,,,1.0865103174164348,False,
17,Bayesian Elastic Net,264.23502640001243,0.020160219830040373,0.15833333333333333,241.0612013040354,,1.0072741140918775,True,1.0
18,AEH,255.4758887999924,0.01446058431316707,0.19583333333333333,246.30206576224586,0.6050066106475755,1.010991218378957,True,1.0
18,Horseshoe,262.675719699997,0.014812386285175668,0.1875,233.90702731673335,,1.0099232694577451,True,1.0
18,Regularized Horseshoe,275.4766182999592,,,,,14.264816387639463,False,
18,Bayesian Elastic Net,268.2854599999846,0.014630694387603485,0.19583333333333333,231.2823583749153,,1.0103001497299395,True,1.0
19,AEH,261.2594253999996,0.01643978461300218,0.14166666666666666,259.0123822095989,0.6043790572288572,1.0062443912258194,True,1.0
19,Horseshoe,262.63720350002404,0.01668243454734452,0.12916666666666668,245.96304824811983,,1.0092209310810327,True,1.0
19,Regularized Horseshoe,271.79439389996696,,,,,14.95313359702758,False,
19,Bayesian Elastic Net,259.21112909994554,0.0164243699822933,0.14166666666666666,243.26531184697944,,1.009565336036415,True,1.0
20,AEH,260.51997069997014,0.01633623682420622,0.1625,268.32421365078056,0.6061994838458524,1.0065709457638068,True,1.0
20,Horseshoe,251.68209759995807,0.016519955519077107,0.1625,259.5796950734226,,1.0086215350199568,True,1.0
20,Regularized Horseshoe,262.961306000012,,,,,6.39483365136635,False,
20,Bayesian Elastic Net,259.59664940001676,0.01633368358548267,0.1625,257.318040201061,,1.0086186763142426,True,1.0
21,AEH,275.31213640002534,0.018452800623832383,0.125,258.47081192818416,0.608756876779813,1.0063185331490005,True,1.0
21,Horseshoe,271.5146732000285,0.018591751296448224,0.12916666666666668,245.29187903099324,,1.0257182322378906,True,1.0
21,Regularized Horseshoe,258.15115089999745,,,,,9.034410031493767,False,
21,Bayesian Elastic Net,261.5951942000538,0.01850417122308191,0.13333333333333333,242.55983328763998,,1.025621976317191,True,1.0
22,AEH,264.47779989999253,0.019510977638374005,0.11666666666666667,247.18808324643066,0.6059510375200712,1.0106420833348204,True,1.0
22,Horseshoe,280.6731276999926,0.01954808925623294,0.11666666666666667,235.61503673178206,,1.009110398997536,True,1.0
22,Regularized Horseshoe,251.0061527999933,,,,,1.1054608965772041,False,
22,Bayesian Elastic Net,262.1946762999869,0.019552819866804502,0.12083333333333333,232.96225247596,,1.0095542351460411,True,1.0
23,AEH,266.8635187000036,0.008609772461667529,0.1,264.75058790575105,0.6100378683622506,1.0256087027679883,True,1.0
23,Horseshoe,254.78815560002113,0.00887430501244998,0.09166666666666666,257.3952973192657,,1.0047234617302405,True,1.0
23,Regularized Horseshoe,248.31472439999925,,,,,16.976885212513267,False,
23,Bayesian Elastic Net,258.0337988999672,0.008776782528345387,0.09583333333333334,254.9036662082607,,1.0051785835276392,True,1.0
24,AEH,260.71337869996205,0.021465081991435618,0.15833333333333333,261.52222716406993,0.6094785623618245,1.007226861915417,True,1.0
24,Horseshoe,249.4256131000002,0.021427100375629744,0.15416666666666667,255.60762983438812,,1.009187989500775,True,1.0
24,Regularized Horseshoe,252.16805869998643,,,,,16.814529452686056,False,
24,Bayesian Elastic Net,254.48931680002715,0.02165688963853907,0.15833333333333333,252.9072125091723,,1.0094828508636302,True,1.0
25,AEH,263.2248981000157,0.01953693355752426,0.2125,248.70499492699852,0.6027190156133861,1.0064536276162839,True,1.0
25,Horseshoe,257.0512748999754,0.019644755268022944,0.20416666666666666,236.98011490234134,,1.0063349753207071,True,1.0
25,Regularized Horseshoe,258.77982250001514,,,,,7.619444745614595,False,
25,Bayesian Elastic Net,258.3237656999845,0.019618765171268718,0.20416666666666666,234.05295752806046,,1.0064441914543374,True,1.0
26,AEH,252.07626960001653,0.012386452925897063,0.17083333333333334,259.64577536799607,0.6042624220029562,1.0061029987111179,True,1.0
26,Horseshoe,253.01508109999122,0.012673192272579152,0.16666666666666666,245.56994718110974,,1.0089271172720806,True,1.0
26,Regularized Horseshoe,263.83740820002276,,,,,1.1483074967306088,False,
26,Bayesian Elastic Net,269.7746197999804,0.012603419882740162,0.17083333333333334,242.7653533248941,,1.0095020428822996,True,1.0
27,AEH,260.8450322000426,0.010368055517257824,0.12916666666666668,245.71358128236244,0.609514013952038,1.007716882640618,True,1.0
27,Horseshoe,261.9249885000172,0.010659973810822457,0.12916666666666668,232.77604850640603,,1.0098736768146008,True,1.0
27,Regularized Horseshoe,265.34836499998346,,,,,7.308145557301113,False,
27,Bayesian Elastic Net,252.41721629997483,0.010609096748155635,0.12916666666666668,230.00965082673792,,1.0098306343655206,True,1.0
28,AEH,263.08885060000466,0.007387135159076582,0.10833333333333334,249.3725932013847,0.6086407428302872,1.0072990130640396,True,1.0
28,Horseshoe,257.7700383000192,0.007294041263500551,0.10833333333333334,238.57611352909444,,1.0135059672679902,True,1.0
28,Regularized Horseshoe,255.77842410001904,,,,,13.637666861692715,False,
28,Bayesian Elastic Net,288.6043774999562,0.007342393091674735,0.1125,235.3885086367522,,1.0145622032159916,True,1.0
29,AEH,267.9447118000244,0.01006413751680827,0.11666666666666667,263.12264263506535,0.6040396314417288,1.0138911738434326,True,1.0
29,Horseshoe,259.12419140001293,0.01029132760056681,0.11666666666666667,260.04170259861206,,1.0134418453371816,True,1.0
29,Regularized Horseshoe,255.2377255000174,,,,,10.591903766251793,False,
29,Bayesian Elastic Net,255.9919214999536,0.010195245118325045,0.11666666666666667,257.751125469894,,1.0138677862844097,True,1.0
